/*
SQLyog Community v12.01 (32 bit)
MySQL - 10.0.25-MariaDB : Database - efectores0_60a
*********************************************************************
*/

/*!40101 SET NAMES utf8 */;

/*!40101 SET SQL_MODE=''*/;

/*!40014 SET @OLD_UNIQUE_CHECKS=@@UNIQUE_CHECKS, UNIQUE_CHECKS=0 */;
/*!40014 SET @OLD_FOREIGN_KEY_CHECKS=@@FOREIGN_KEY_CHECKS, FOREIGN_KEY_CHECKS=0 */;
/*!40101 SET @OLD_SQL_MODE=@@SQL_MODE, SQL_MODE='NO_AUTO_VALUE_ON_ZERO' */;
/*!40111 SET @OLD_SQL_NOTES=@@SQL_NOTES, SQL_NOTES=0 */;
/*Table structure for table `departamentos` */

DROP TABLE IF EXISTS `departamentos`;

CREATE TABLE `departamentos` (
  `id_dpto` int(10) unsigned NOT NULL AUTO_INCREMENT,
  `id_prov` int(10) unsigned NOT NULL,
  `nom_dpto` varchar(50) NOT NULL,
  `cod_dpto` char(3) NOT NULL,
  PRIMARY KEY (`id_dpto`),
  KEY `idx_fk_departamentos_id_prov` (`id_prov`),
  KEY `idx_nom_dpto` (`nom_dpto`),
  CONSTRAINT `fk_departamentos_id_prov` FOREIGN KEY (`id_prov`) REFERENCES `provincias` (`id_prov`) ON DELETE NO ACTION ON UPDATE NO ACTION
) ENGINE=InnoDB AUTO_INCREMENT=22 DEFAULT CHARSET=latin1 COMMENT='departamentos de las provincias arg (solo santa fe) ';

/*Data for the table `departamentos` */

insert  into `departamentos`(`id_dpto`,`id_prov`,`nom_dpto`,`cod_dpto`) values (1,1,'BELGRANO','007'),(2,1,'CASEROS','014'),(3,1,'CASTELLANOS','021'),(4,1,'CONSTITUCION','028'),(5,1,'GARAY','035'),(6,1,'GENERAL LOPEZ','042'),(7,1,'GENERAL OBLIGADO','049'),(8,1,'IRIONDO','056'),(9,1,'LA CAPITAL','063'),(10,1,'LAS COLONIAS','070'),(11,1,'9 DE JULIO','077'),(12,1,'ROSARIO','084'),(13,1,'SAN CRISTOBAL','091'),(14,1,'SAN JAVIER','098'),(15,1,'SAN JERONIMO','105'),(16,1,'SAN JUSTO','112'),(17,1,'SAN LORENZO','119'),(18,1,'SAN MARTIN','126'),(19,1,'VERA','133'),(20,1,'INDETERMINADO','998'),(21,25,'SIN DECLARAR-DESCONOCIDO-IGNORADO','999');

/*Table structure for table `dependencias_administrativas` */

DROP TABLE IF EXISTS `dependencias_administrativas`;

CREATE TABLE `dependencias_administrativas` (
  `id_dependencia_adm` tinyint(3) unsigned NOT NULL AUTO_INCREMENT,
  `cod_dep_adm` char(1) NOT NULL,
  `nom_dep_adm` varchar(50) NOT NULL,
  `tipo_dep_adm` char(1) NOT NULL,
  PRIMARY KEY (`id_dependencia_adm`),
  UNIQUE KEY `idx_unique_cod_dep_adm` (`cod_dep_adm`)
) ENGINE=InnoDB AUTO_INCREMENT=16 DEFAULT CHARSET=latin1 COMMENT='Determina la dependencia administrativa del efector';

/*Data for the table `dependencias_administrativas` */

insert  into `dependencias_administrativas`(`id_dependencia_adm`,`cod_dep_adm`,`nom_dep_adm`,`tipo_dep_adm`) values (1,'1','Oficial Nacional','O'),(2,'2','Fuerzas Armadas','O'),(3,'3','Otros Nacionales','O'),(4,'4','Oficial Provincial','O'),(5,'5','Otros Provinciales','O'),(6,'7','Comunidad','P'),(7,'8','Obra Social','P'),(8,'9','Privado','P'),(9,'A','Universitario','P'),(10,'B','Mutual','P'),(11,'C','Privado Universitario','P'),(12,'D','Laboral Universitario','P'),(13,'6','Municipal','O'),(14,'E','Provincia Comunidad','O');

/*Table structure for table `efectores` */

DROP TABLE IF EXISTS `efectores`;

CREATE TABLE `efectores` (
  `id_efector` int(10) unsigned NOT NULL,
  `id_nodo` smallint(5) unsigned NOT NULL,
  `id_subnodo` smallint(5) unsigned NOT NULL,
  `id_localidad` int(10) unsigned NOT NULL,
  `id_dependencia_adm` tinyint(3) unsigned DEFAULT NULL,
  `id_regimen_juridico` tinyint(3) unsigned NOT NULL,
  `id_nivel_complejidad` tinyint(3) unsigned NOT NULL COMMENT 'Nivel de complejidad del ejector. Ver tabla niveles_complejidades',
  `claveestd` varchar(8) NOT NULL,
  `clavesisa` char(14) DEFAULT NULL COMMENT 'clave SISA (Sistema Integrado de Informacion Argentino)',
  `tipo_efector` char(1) DEFAULT NULL COMMENT 'tipo establecimiento para el informe de estadistica',
  `nom_efector` varchar(255) NOT NULL,
  `nom_red_efector` varchar(50) NOT NULL,
  `nodo` tinyint(4) unsigned NOT NULL,
  `subnodo` smallint(6) unsigned NOT NULL,
  `internacion` tinyint(1) NOT NULL COMMENT 'Indica si el efector tiene internacion o no',
  `baja` tinyint(1) NOT NULL COMMENT 'Indica si el efector esta activo o fue dado de baja',
  PRIMARY KEY (`id_efector`),
  UNIQUE KEY `idx_unique_claveestd` (`claveestd`),
  KEY `idx_fk_efectores_id_localidad` (`id_localidad`),
  KEY `idx_fk_efectores_id_dependencia_adm` (`id_dependencia_adm`),
  KEY `idx_fk_efectores_id_regimen_juridico` (`id_regimen_juridico`),
  KEY `idx_fk_efectores_id_nodo` (`id_nodo`),
  KEY `idx_fk_efectores_id_subnodo` (`id_subnodo`),
  KEY `idx_fk_efectores_id_nivel_complejidad` (`id_nivel_complejidad`),
  KEY `idx_clavesisa` (`clavesisa`),
  KEY `idx_nom_efector` (`nom_efector`),
  CONSTRAINT `fk_efectores_id_dependencia_adm` FOREIGN KEY (`id_dependencia_adm`) REFERENCES `dependencias_administrativas` (`id_dependencia_adm`) ON DELETE NO ACTION ON UPDATE NO ACTION,
  CONSTRAINT `fk_efectores_id_localidad` FOREIGN KEY (`id_localidad`) REFERENCES `localidades` (`id_localidad`) ON DELETE NO ACTION ON UPDATE NO ACTION,
  CONSTRAINT `fk_efectores_id_nivel_complejidad` FOREIGN KEY (`id_nivel_complejidad`) REFERENCES `niveles_complejidades` (`id_nivel_complejidad`) ON DELETE NO ACTION ON UPDATE NO ACTION,
  CONSTRAINT `fk_efectores_id_nodo` FOREIGN KEY (`id_nodo`) REFERENCES `nodos` (`id_nodo`) ON DELETE NO ACTION ON UPDATE NO ACTION,
  CONSTRAINT `fk_efectores_id_regimen_juridica` FOREIGN KEY (`id_regimen_juridico`) REFERENCES `regimenes_juridicos` (`id_regimen_juridico`) ON DELETE NO ACTION ON UPDATE NO ACTION,
  CONSTRAINT `fk_efectores_id_subnodo` FOREIGN KEY (`id_subnodo`) REFERENCES `subnodos` (`id_subnodo`) ON DELETE NO ACTION ON UPDATE NO ACTION
) ENGINE=InnoDB DEFAULT CHARSET=latin1 COMMENT='efectores publicos y privados de la provincia de santa fe';

/*Data for the table `efectores` */

insert  into `efectores`(`id_efector`,`id_nodo`,`id_subnodo`,`id_localidad`,`id_dependencia_adm`,`id_regimen_juridico`,`id_nivel_complejidad`,`claveestd`,`clavesisa`,`tipo_efector`,`nom_efector`,`nom_red_efector`,`nodo`,`subnodo`,`internacion`,`baja`) values (1,1,15,210,14,4,6,'04900222','10820492184143','0','SAMCO MALABRIGO','SAMCO MALABRIGO',1,1,1,0),(2,1,15,213,4,3,3,'04900231','50820492184822','Y','CS NICANOR MOLINA','NICANOR MOLINA  C S',1,1,0,0),(3,1,15,217,4,3,4,'04900249','50820492184909','Y','CS PUERTO RECONQUISTA','PUERTO RECONQUISTA  C S',1,1,0,0),(4,1,15,219,4,3,3,'04900257','50820492184530','Y','CS BARRIO LA CORTADA','CS B LA CORTADA',1,1,0,0),(5,1,15,219,4,2,9,'04900273','10820492184081','0','HOSP DRA OLGA STUCKY','HOSP  DRA STUCKY',1,1,1,0),(6,1,15,222,4,3,4,'04900290','50820492184651','Y','CS DR JORGE CANIZA','C S  DR  J  CANIZA',1,1,0,0),(7,1,15,225,14,4,5,'04900303','10820492184136','0','SAMCO DR BARTOLOME B PARMA','HOSP  B  PARMA',1,1,1,0),(8,1,15,227,4,4,6,'04900311','10820492184148','0','SAMCO VILLA OCAMPO DR ESTEBAN GALMARINI','VILLA OCAMPO  HOSPITAL',1,1,1,0),(9,1,15,220,4,3,4,'04900338','50820492184930','Y','CS SAN ANTONIO DE OBLIGADO','SAN ANTONIO DE OBLIGADO  C S',1,1,0,0),(10,1,15,200,4,3,3,'04900346','50820492184763','Y','CS LA RESERVA','LA RESERVA  C S',1,1,0,0),(11,1,15,175,4,3,3,'04900354','50820492184576','Y','CS BERNA','BERNA  C S',1,1,0,0),(12,1,15,209,14,4,3,'04900362','50820492184785','Y','CS LOS LAURELES','LOS LAURELES  C S',1,1,0,0),(13,1,15,198,4,3,4,'04900371','50820492184976','Y','CS SIETE PROVINCIAS','SIETE PROVINCIAS  C S',1,1,0,0),(14,1,15,176,14,4,4,'04900389','50820492184584','Y','CS CAMPO HARDY','CAMPO HARDY  C S',1,1,0,0),(15,1,15,229,4,3,3,'04900397','50820492184671','Y','CS EL YAGUARETE','EL YAGUARETE  C S',1,1,0,0),(16,1,15,173,4,3,3,'04900401','50820492184498','Y','CS ARROYO CEIBAL','ARROYO CEIBAL  C S',1,1,0,0),(17,1,15,182,4,3,4,'04900427','50820492184663','Y','CS EL ARAZA','EL ARAZA  C S',1,1,0,0),(18,1,15,219,4,3,3,'04900435','50820492184521','Y','CS BARRIO EL OMBUSAL EMA BEATRIZ CABRAL','C S  B EL OMBUSAL',1,1,0,0),(19,1,15,219,4,3,4,'04900443','50820492184544','Y','CS BARRIO NORTE - GRAL OBLIGADO','C S  B  NORTE',1,1,0,0),(20,1,15,173,4,3,3,'04900516','50820492184885','Y','CS PARAJE LAS CLARITAS','ARROYO CEIBAL LAS CLARITAS C S',1,1,0,0),(21,1,15,174,4,1,4,'04900524','50820492184895','Y','CS PEDRO VICENTIN','AVELLANEDA  C S  P  VICENTIN',1,1,0,0),(22,1,15,181,4,3,4,'04900532','50820492184570','Y','CS BARROS PAZOS','BARROS PAZOS  C S',1,1,0,0),(23,1,15,188,4,3,4,'04900541','50820492184703','Y','CS FLOR DE ORO','FLOR DE ORO  C S',1,1,0,0),(24,1,15,201,4,4,3,'04900559','50820492184952','Y','CS SAN MANUEL','LA SARITA C S  SAN MANUEL',1,1,0,0),(25,1,15,208,4,3,3,'04900575','50820492184784','Y','CS LOS LAPACHOS','LOS LAPACHOS  C S',1,1,0,0),(26,1,15,219,4,3,4,'04900583','50820492184519','Y','CS BARRIO CHAPERO','C S  B  CHAPERO',1,1,0,0),(27,1,15,191,4,3,4,'04900591','50820492184526','Y','CS GUADALUPE NORTE','CS GUAD NORTE',1,1,0,0),(28,1,15,219,4,3,4,'04900605','50820492184516','Y','CS JULIA CAPOZZOLO BARRIO CARMEN LUISA','C S  B  C  LUISA',1,1,0,0),(29,1,15,219,4,3,4,'04900613','50820492184527','Y','CS BARRIO ITATI - RECONQUISTA','C S  B  ITATI',1,1,0,0),(30,1,15,219,4,3,3,'04900621','50820492184531','Y','CS BARRIO LA LOMA','C S  B  LA LOMA',1,1,0,0),(31,1,15,232,4,3,4,'04900648','50820492184886','Y','CS PARAJE SAN JUAN','PARAJE SAN JUAN  C S',1,1,0,0),(32,1,15,174,4,1,3,'04900656','50820492184601','Y','CS CEFERINO VICENTIN','AVELLANEDA  C S  C  VICENTIN',1,1,0,0),(33,1,15,174,4,1,4,'04900711','50820492184511','Y','CS BARRIO BELGRANO- AVELLANEDA','AVELLANEDA  C S  B  BELGRANO',1,1,0,0),(34,1,15,221,4,3,3,'04900729','50820492184963','Y','CS SANTA ANA','SANTA ANA  C S',1,1,0,0),(35,4,24,237,14,4,4,'05600036','50820562185354','Y','SAMCO BUSTINZA','BUSTINZA  S A M CO',4,8,0,0),(36,4,26,239,4,4,4,'05600044','50820562184594','Y','CS CARRIZALES','CLARKE-CARRIZALES  C S',4,10,0,0),(37,4,24,240,14,4,4,'05600052','50820562184607','Y','CS CLASON','CLASON  C S',4,8,0,0),(38,4,24,238,4,2,9,'05600079','10820562184097','0','HOSPITAL SAN JOSE','CA#ADA DE GOMEZ  HOSP SAN JOSE',4,8,1,0),(39,4,24,241,14,4,4,'05600095','50820562184634','9','CS CORREA','CORREA  C S',4,8,0,0),(40,4,12,246,4,4,4,'05600109','50820562185372','9','SAMCO SALTO GRANDE','SALTO GRANDE  HOSPITAL',4,1,0,0),(41,4,24,244,14,4,4,'05600117','50820562184792','Y','CS LUCIO V LOPEZ','LUCIO V LOPEZ  C S',4,8,0,0),(42,4,26,245,14,1,4,'05600125','50820562184879','Y','CS OLIVEROS','OLIVEROS  C S',4,10,0,0),(43,4,26,245,4,2,2,'05600133','13820562184297','4','COLONIA PSIQUIATRICA DR ABELARDO FREYRE','OLIVEROS  COL  PSIQUIATRICA',4,10,1,0),(44,4,25,104,4,4,3,'02800476','50820282184552','9','CS BARRIO RAVIOLO','V CONSTITUCION  C S B RAVIOLO',4,9,0,0),(45,4,24,249,14,4,5,'05600141','10820562184145','0','SAMCO TOTORAS','TOTORAS  HOSPITAL',4,8,1,0),(46,4,26,250,14,4,4,'05600150','50820562184974','Y','CS SERODINO','SERODINO  C S',4,10,0,0),(47,4,24,251,14,4,5,'05600168','10820562184211','0','SAMCO VILLA ELOISA','VILLA ELOISA  HOSPITAL',4,8,1,0),(48,4,24,238,4,3,4,'05600281','50820562184549','9','CS BARRIO PARQUE','CA#ADA DE GOMEZ  C S  B PARQUE',4,8,0,0),(49,4,24,238,4,3,4,'05600290','50820562185015','9','CS 25 DE MAYO','CA#ADA DE GOMEZ  C S  25 MAYO',4,8,0,0),(50,4,24,238,4,3,4,'05600303','50820562184707','Y','CS FONAVI BARRIO ESTANISLAO LOPEZ','CA#ADA DE GOMEZ  C S FONAVI',4,8,0,0),(51,4,24,238,4,3,4,'05600397','50820562184993','Y','CS VICTOR ROSSI','CA#ADA DE GOMEZ  C S  ROSSI',4,8,0,0),(52,4,24,238,4,3,4,'05600401','50820562184539','Y','CS BARRIO MERCANTIL','CA#ADA DE GOMEZ  C S B MERCANT',4,8,0,0),(53,4,26,245,4,1,4,'05600427','50820562184764','9','CS LA RIVERA','OLIVEROS  C S  LA RIVERA',4,10,0,0),(54,3,4,253,4,3,4,'06300010','50820632184486','9','CS ALTO VERDE','ALTO VERDE  C S',3,3,0,0),(55,3,20,256,14,4,4,'06300028','50820632184497','Y','CS ARROYO AGUIAR','ARROYO AGUIAR  C S',3,13,0,0),(56,3,20,260,4,3,3,'06300036','50820632184582','Y','CS CAMPO ANDINO','CAMPO ANDINO  C S',3,13,0,0),(57,3,4,263,4,3,4,'06300044','50820632184609','9','CS COLASTINE','COLASTINE  C S',3,3,0,0),(58,3,4,268,4,3,4,'06300052','50820632184759','9','CS LA GUARDIA','LA GUARDIA  C S',3,3,0,0),(59,3,17,279,4,3,4,'06300061','50820632184797','9','CS MABEL MONTES BO GUADALUPE OESTE','SANTA FE  C S  MABEL MONTES',3,10,0,0),(60,3,20,265,14,1,4,'06300079','50820632184675','Y','CS EMILIA','EMILIA  C S',3,13,0,0),(61,3,20,267,4,4,5,'06300087','10820632184173','0','SAMCO NORBERTO TROSSERO- LAGUNA PAIVA','LAGUNA PAIVA  HOSPITAL',3,13,1,0),(62,3,18,279,4,3,4,'06300095','50820632184510','9','CS BARRIO BARRANQUITAS OESTE','SANTA FE  C S  B  BARR  OESTE',3,11,0,0),(63,3,20,261,4,2,6,'06300133','10820632184088','6','HOSP PROTOMEDICO MANUEL RODRIGUEZ','CAMPO CRESPO  HOSP  PROTOMEDIC',3,13,1,0),(64,3,17,279,4,2,2,'06300141','10820632184098','5','HOSP SAYAGO','SANTA FE  HOSP  SAYAGO-',3,10,1,0),(65,3,4,257,4,3,3,'06300150','50820632184919','9','CS RINCON NORTE N 13','C S  RINCON NORTE N13',3,3,0,0),(66,3,4,277,14,1,8,'06300168','50820632184947','9','CS SAN JOSE DEL RINCON','SAN JOSE DEL RINCON  C S',3,3,0,0),(67,3,19,279,4,3,4,'06300206','50820632184538','9','CS BARRIO MENDOZA OESTE','SANTA FE  C S  B MENDOZA OESTE',3,12,0,0),(68,3,19,279,4,3,4,'06300222','50820632184517','9','CS POLICLÍNICO CENTENARIO','SANTA FE  C S  POL CENTENARIO',3,12,0,0),(69,3,19,279,4,3,4,'06300231','50820632184882','9','CS ORATORIO SAN LORENZO PADRE GASPAROTTO','SANTA FE  C S ORAT SAN LORENZO',3,12,0,0),(70,3,18,279,4,3,4,'06300249','50820632184636','9','CS CRISTO OBRERO VILLA DEL PARQUE','SANTA FE  C S  CRISTO OBRERO',3,11,0,0),(71,3,13,279,4,2,10,'06300273','10820632184073','0','HOSP DR JOSE MARIA CULLEN','SANTA FE  HOSP  DR  J M CULLEN',3,1,1,0),(72,3,18,279,4,2,10,'06300281','12820632184274','0','HOSP DR J B ITURRASPE','SANTA FE  HOSP  J B ITURRASPE',3,11,1,0),(73,3,17,279,4,2,1,'06300303','13820632184305','4','HOSP GENERAL POLIVALENTE DR MIRA Y LOPEZ','SANTA FE  HOSP  PSIQUIATRICO',3,10,1,0),(74,3,13,279,4,2,2,'06300311','14820632184370','7','HOSP DE REHABILITACION DR VERA CANDIOTI','SANTA FE  INST  VERA CANDIOTI',3,1,1,0),(75,3,18,279,4,3,8,'06300371','50820632185351','9','CS POLICLINICO VECINAL','SANTA FE  POLICLINICO VECINAL',3,11,0,0),(76,3,20,264,4,3,3,'06300460','50820632185000','Y','CS CONSTITUYENTES (EX VILLA LAURA)','CONSTITUYENTES  C S',3,13,0,0),(77,3,20,273,14,4,4,'06300478','50820632184916','Y','CS RECREO','RECREO  C S',3,13,0,0),(78,3,17,279,4,3,3,'06300486','50820632184556','9','CS NRO 8 BARRIO SAN MARTIN','C S Nº 8 Bº  SAN MARTIN',3,10,0,0),(79,3,18,279,4,3,4,'06300508','50820632184863','9','CS NRO 6 BARRIO LOS HORNOS','SANTA FE  C S  B  LOS HORNOS',3,11,0,0),(80,3,20,262,4,3,3,'06300516','50820632184585','Y','CS CANDIOTI','CANDIOTI  C S',3,13,0,0),(81,3,20,272,4,1,4,'06300524','50820632184821','Y','SAMCO NELSON','NELSON SAMCo',3,13,0,0),(82,3,17,279,4,3,4,'06300532','50820632184568','9','CS BARRIO YAPEYU','SANTA FE  C S  BARRIO YAPEYU',3,10,0,0),(83,3,20,271,4,4,4,'06300559','50820632184816','Y','CS MONTE VERA','MONTE VERA  C S',3,13,0,0),(84,3,18,279,4,3,4,'06300567','50820632184910','9','CS QUILMES','SANTA FE  C S  QUILMES',3,11,0,0),(85,3,17,279,4,3,3,'06300583','50820632184870','9','CS NRO 9 BARRIO NUEVA POMPEYA','SANTA FE  C S  B  NVA POMPEYA',3,10,0,0),(86,3,3,280,14,4,6,'06300818','10820632184079','0','SAMCO DR NANZER','SANTO TOME  HOSPITAL',3,2,1,0),(87,3,17,279,4,3,4,'06301351','50820632184927','9','CS SAN AGUSTIN - LA CAPITAL','SANTA FE  C S  SAN AGUSTIN',3,10,0,0),(88,3,4,253,4,3,3,'06301431','50820632184752','9','CS LA BOCA - RAMON RIVERO','ALTO VERDE  C S  LA BOCA',3,3,0,0),(89,3,20,267,4,1,3,'06301466','50820632184547','Y','CS &QUOT;DRA. GRISELDA MERATI&QUOT; BARRIO SUDOESTE','LAGUNA PAIVA  C S  B  OESTE',3,13,0,0),(90,3,20,267,4,1,3,'06301474','50820632184535','Y','CS PBRO GERMAN YOSSEN','CS PBRO GERMAN YOSSEN',3,13,0,0),(91,3,20,267,4,1,3,'06301482','50820632184560','Y','CS BARRIO TALLERES - L PAIVA','LAGUNA PAIVA  C S  B  TALLERES',3,13,0,0),(92,3,20,269,4,4,4,'06301491','50820632184781','Y','CS LLAMBI CAMPBELL','LLAMBI CAMPBELL  C S',3,13,0,0),(93,3,3,276,13,5,4,'06301504','50820632184996','9','CS ADELINA OESTE','SAUCE VIEJO  C S ADELINA O',3,2,0,0),(94,3,3,276,4,3,3,'06301512','50820632184479','Y','CS PUESTO SANITARIO AEROPUERTO','SAUCE VIEJO  P S  AEROPUERTO',3,2,0,0),(95,3,3,276,13,5,3,'06301521','50820632284801','Y','CS DOÑA MARGARITA BARRIO ARENERAS','SAUCE VIEJO  C S D MARGARITA',3,2,0,0),(96,3,17,279,4,3,3,'06301628','50820632184565','9','CS BARRIO VILLA HIPODROMO','SANTA FE  C S  V  HIPODROMO',3,10,0,0),(97,3,17,279,4,3,3,'06301636','50820632185970','9','CS SARMIENTO JUVENTUD UNIDAD DEL NORTE','SANTA FE  C S  B SARMIENTO',3,10,0,0),(98,3,18,279,4,3,4,'06301695','50820632184725','9','CS GUTIERREZ ESTE','SANTA FE  C S  GUTIERREZ ESTE',3,11,0,0),(99,3,17,279,4,3,3,'06301709','50820632184589','9','CS CAPILLA SAN JOSE','SANTA FE  C S  CAPILLA S  JOSE',3,10,0,0),(100,3,17,279,4,3,4,'06301717','50820632286170','9','CS SAN MARTIN DE PORRES','CS  SAN M DE PORRES',3,10,0,0),(101,3,17,279,4,3,3,'06301725','50820632184690','9','CS ESTANISLAO LOPEZ','SANTA FE  C S  ESTANISL  LOPEZ',3,10,0,0),(102,3,19,279,4,3,4,'06301733','50820632184706','9','CS FONAVI BARRIO CENTENARIO','SANTA FE  C S  FONAVI CENTENAR',3,12,0,0),(103,3,17,279,4,3,4,'06301741','50820632184708','9','CS FONAVI BARRIO LAS FLORES II','SANTA FE  C S  FONAVI L FLORES',3,10,0,0),(104,3,18,279,4,3,4,'06301750','50820632184881','9','CS PADRE COBO','SANTA FE  C S  PADRE COBO',3,11,0,0),(105,3,19,279,4,3,3,'06301768','50820632184701','9','CS EVITA BARRIO LA FLORIDA','SANTA FE  C S EVITA-B LA FLOR',3,12,0,0),(106,3,17,279,4,3,4,'06301784','50820632184579','9','CS CABAÑA LEIVA','CABA#A LEIVA  C S',3,10,0,0),(107,3,17,279,4,3,3,'06301792','50820632184692','9','CS BARRIO LOS TRONCOS','SANTA FE  C S  B  LOS TRONCOS',3,10,0,0),(108,3,4,279,4,4,8,'06301806','50820632184522','9','CS BARRIO EL POZO','SANTA FE  C S  BARRIO EL POZO',3,3,0,0),(109,5,11,168,13,5,1,'04201421','50820422284606','9','CS CIUDAD NUEVA','VENADO TUERTO C S CIUDAD NUEVA',5,1,0,0),(110,5,11,168,13,5,1,'04201456','50820422284735','9','CS ITURBIDE','VDO TUERTO  C S  ITURBIDE',5,1,0,0),(111,3,17,279,4,3,3,'06301865','50820632184512','9','CS BARRIO CABAL','SANTA FE  C S  B CABAL',3,10,0,0),(112,3,17,279,4,3,4,'06301873','50820632184507','9','CS BARRIO ACERIA','SANTA FE  C S  B  ACERIA',3,10,0,0),(113,3,4,253,4,3,4,'06301890','50820632184640','9','CS DEMETRIO GOMEZ','ALTO VERDE  C S  D GOMEZ',3,3,0,0),(114,3,19,279,4,3,4,'06301971','50820632184674','9','CS EMAUS - SANTA FE','SANTA FE  C S  EMAUS',3,12,0,0),(115,3,17,279,4,3,3,'06301997','50820632184488','Y','CS ALTOS DEL VALLE','SANTA FE  C S  ALTOS DEL VALLE',3,10,0,0),(116,3,18,279,4,3,3,'06302357','50820632184482','Y','CS ALBERDI','SANTA FE  C S  ALBERDI',3,11,0,0),(117,3,17,279,4,3,3,'06302365','50820632184975','9','CS SETUBAL','SANTA FE  C S  SETUBAL',3,10,0,0),(118,3,20,254,4,3,3,'06302381','50820632184492','9','CS ANGEL GALLARDO','ANGEL GALLARDO  C S',3,13,0,0),(119,3,3,280,4,3,4,'06302390','50820632184780','9','CS LISANDRO DE LA TORRE','SANTO TOME  C S  L DE LA TORRE',3,2,0,0),(120,3,17,279,4,3,3,'06309288','50820632184487','Y','CS ALTOS DE NOGUERAS','SANTA FE  C S  A  DE NOGUERAS',3,10,0,0),(121,3,13,279,4,2,2,'06309362','11820632184264','2','HOSP DE NIÑOS DR ORLANDO ALASSIA','SANTA FE  HOSPITAL DE NIÑOS',3,1,1,0),(122,3,17,279,4,3,3,'06309364','50820632184478','9','CS ABASTO','SANTA FE  C S  ABASTO',3,10,0,0),(123,3,6,288,14,4,9,'07000281','10820702184140','0','SAMCO ESPERANZA DR DANIEL A CRIADO','ESPERANZA  HOSP  PROVINCIAL',3,7,1,0),(124,3,6,289,4,4,2,'07000303','10820702184156','0','SAMCO FELICIA','FELICIA  HOSPITAL',3,7,1,0),(125,3,6,291,14,3,4,'07000311','50820702184723','Y','CS GRUTLY SUR PRUDENCIO DIAZ','GRUTLY SUR  C S',3,7,0,0),(126,3,6,296,14,4,5,'07000338','10820702184172','0','SAMCO LA PELADA','LA PELADA  HOSPITAL',3,7,1,0),(127,3,6,302,14,4,2,'07000346','15820702184385','8','SAMCO GERIATRICO J VIONET','PILAR  HOSP  GERIATRICO VIONET',3,7,1,0),(128,3,31,300,14,4,3,'07000354','50820702184810','Y','CS MATILDE','MATILDE  C S',3,14,0,0),(129,3,31,312,14,4,3,'07000397','50820702184942','Y','CS SAN JERONIMO DEL SAUCE','SAN JERONIMO DEL SAUCE  C S',3,14,0,0),(130,3,31,313,14,4,3,'07000401','50820702184943','Y','CS SAN JERONIMO NORTE','SAN JERONIMO NORTE  C S',3,14,0,0),(131,3,31,315,14,4,5,'07000419','10820702184201','0','SAMCO SANTA CLARA DE BUENA VISTA','SANTA CLARA DE B  VISTA  HOSP',3,14,1,0),(132,3,31,308,4,4,3,'07000427','50820702184928','Y','CS SAN AGUSTIN - LAS COLONIAS','SAN AGUSTIN  C S',3,14,0,0),(133,3,6,318,14,4,5,'07000435','10820702184144','0','SAMCO SANTO DOMINGO','SANTO DOMINGO  HOSPITAL',3,7,1,0),(134,3,6,321,4,4,5,'07000443','10820702184204','0','SAMCO SARMIENTO','SARMIENTO  HOSPITAL',3,7,1,0),(135,3,6,288,4,1,4,'07000451','50820702184600','Y','CS CEFERINO NAMUNCARA','ESPERANZA  C S  CEF  NAMUNCURA',3,7,0,0),(136,3,6,288,4,1,4,'07000460','50820702184650','9','CS DR ESTEBAN MARADONA - ESPERANZA','ESPERANZA  C S  DR  E MARADONA',3,7,0,0),(137,3,31,320,4,4,4,'07000478','50820702184923','Y','CS SAA PEREYRA','SAA PEREYRA  C S',3,14,0,0),(138,3,31,570,14,4,3,'07000486','50820702184807','Y','CS SAN MARIANO','SAN MARIANO  C S',3,14,0,0),(139,3,6,298,14,4,4,'07000494','50820702184805','Y','CS MARIA LUISA','MARIA LUISA  C S',3,7,0,0),(140,3,31,310,14,4,3,'07000508','50820702184932','Y','CS SAN CARLOS NORTE','SAN CARLOS NORTE  C S',3,14,0,0),(141,3,31,311,14,4,3,'07000516','50820702184933','Y','CS SAN CARLOS SUR','SAN CARLOS SUR  C S',3,14,0,0),(142,3,6,291,4,4,3,'07000532','50820702184722','Y','CS GRUTLY NORTE','GRUTLY NORTE  C S',3,7,0,0),(143,3,6,292,4,1,3,'07000541','50820702184726','Y','CS HIPATIA','HIPATIA  C S',3,7,0,0),(144,3,6,293,4,4,4,'07000559','50820702184728','Y','CS HUMBOLDT','HUMBOLDT  C S',3,7,0,0),(145,3,6,301,4,3,3,'07000567','50820702184876','Y','CS NUEVO TORINO','NUEVO TORINO  C S',3,7,0,0),(146,3,6,305,14,1,4,'07000575','50820702184904','Y','CS PROGRESO','PROGRESO  C S',3,7,0,0),(147,3,6,306,4,4,4,'07000583','50820702184905','Y','CS PROVIDENCIA','PROVIDENCIA  C S',3,7,0,0),(148,3,6,288,4,1,3,'07000613','50820702184564','9','CS BARRIO UNIDOS','ESPERANZA  C S  BARRIO UNIDOS',3,7,0,0),(149,3,7,309,4,4,6,'07000630','10820702184096','0','HOSP PEDRO SUCHON','SAN CARLOS CENTRO  HOSP SUCHON',3,6,1,0),(150,3,6,288,4,3,3,'07000753','50820702184543','9','CS VECINAL BARRIO NORTE','ESPERANZA  C S  V  BRIO  NORTE',3,7,0,0),(151,3,6,285,4,1,3,'07000826','50820702184638','9','CS CULULU','CULULU  C S',3,7,0,0),(152,3,6,286,4,3,4,'07000842','50820702184656','9','CS DR ORLANDO ALASSIA','ELISA  C S  DR  ALASSIA',3,7,0,0),(153,2,14,330,14,4,4,'07700011','50820772184668','Y','CS EL NOCHERO','C S  EL NOCHERO',2,1,0,0),(154,2,14,326,14,4,3,'07700020','50820772184691','Y','CS ESTEBAN RAMS','C S  ESTEBAN RAMS',2,1,0,0),(155,2,14,329,14,4,4,'07700038','50820772185993','Y','CS BETY GRISELDA FLORES','GATO COLORADO  C S',2,1,0,0),(156,2,14,333,14,4,5,'07700046','10820772184178','0','SAMCO LOGROÑO','SAMCO LOGRONO',2,1,1,0),(157,2,14,335,4,3,3,'07700054','50820772184817','Y','CS MONTEFIORE','C S  MONTEFIORE',2,1,0,0),(158,2,14,339,14,4,4,'07700062','50820772184966','Y','CS SANTA MARGARITA','C S  SANTA MARGARITA',2,1,0,0),(159,2,14,341,14,4,9,'07700089','10820772184209','0','SAMCO TOSTADO DR. ALFREDO LUIS ROSETANI','TOSTADO  HOSPITAL',2,1,1,0),(160,2,14,343,14,4,5,'07700101','10820772184213','0','SAMCO VILLA MINETTI','VILLA MINETTI  HOSPITAL',2,1,1,0),(161,2,14,337,14,4,4,'07700119','50820772184900','Y','CS POZO BORRADO','C S  POZO BORRADO',2,1,0,0),(162,2,14,341,4,3,3,'07700135','50820772184986','Y','CS GENERAL GUEMES','C S  GRAL GUEMES',2,1,0,0),(163,4,27,345,14,4,5,'08400011','10820842184149','0','SAMCO ACEBAL MARÍA SAA PEREYRA','ACEBAL  HOSPITAL',4,11,1,0),(164,4,27,347,4,4,5,'08400020','10820842184094','0','SAMCO ALVAREZ','S A M CO ALVAREZ',4,11,1,0),(165,4,27,349,14,4,4,'08400038','50820842184495','Y','CS ARMINDA','ARMINDA  C S',4,11,0,0),(166,4,27,350,14,4,5,'08400054','10820842184161','0','SAMCO GENERAL SAN MARTIN - ARROYO SECO','ARROYO SECO  HOSP  SAN MARTIN',4,11,1,0),(167,4,29,357,4,2,10,'08400097','10820842184083','0','HOSP EVA PERON','GRAN  BAIGORRIA  HOSP  E PERON',4,13,1,0),(168,4,27,371,4,4,5,'08400101','10820842184074','0','HOSP ANSELMO GAMEN','V  GDOR GALVEZ  HOSPITAL',4,11,1,0),(169,4,27,352,14,4,4,'08400127','50820842184632','Y','SAMCO CORONEL BOGADO','CORONEL BOGADO SAMCO',4,11,0,0),(170,4,27,371,4,3,4,'08400135','50820842184828','X','CS NRO 11 PUEBLO NUEVO','PUEBLO NUEVO  C S  NRO  11',4,11,0,0),(171,4,22,361,4,3,4,'08400356','50820842184843','X','CS NRO 21 GABIN 9','PEREZ  C S  NRO  21 GABIN 9',4,6,0,0),(172,4,21,366,4,3,4,'08400411','50820842184835','X','CS NRO 16 PABLO VI','ROSARIO  C S  NRO 16 PABLO VI',4,5,0,0),(173,4,21,366,4,3,4,'08400445','50820842184836','X','CS NRO 17 CARITAS GUADALUPE','ROSARIO  C S  CARITAS GUADALUP',4,5,0,0),(174,4,29,358,4,4,4,'08400500','50820842184729','Y','CS IBARLUCEA','IBARLUCEA  C S',4,13,0,0),(175,4,2,366,4,2,2,'08400747','14820842184371','8','HOSP GERIATRICO','ROSARIO  HOSP  GERIATRICO',4,3,1,0),(176,4,27,369,14,4,5,'08401638','10820842184210','0','SAMCO VILLA AMELIA','VILLA AMELIA  HOSPITAL',4,11,1,0),(177,4,22,372,14,4,4,'08401654','50820842185378','Y','SAMCO ZAVALLA','ZAVALLA  HOSPITAL',4,6,0,0),(178,4,27,346,14,4,3,'08401662','50820842184481','9','CS ALBARELLOS','ALBARELLOS  C S',4,11,0,0),(179,4,27,371,4,3,4,'08401701','50820842184561','9','CS BARRIO TALLERES- VGG','V  GDOR GALVEZ  C S  TALLERES',4,11,0,0),(180,4,27,364,4,4,4,'08401751','50820842184907','Y','CS PUEBLO MUÑOZ','PUEBLO MU#OZ  C S',4,11,0,0),(181,4,29,366,4,2,2,'08401824','11820842184266','2','HOSP DE NIÑOS ZONA NORTE','ROSARIO  HOSP  NI#OS ZONA NORT',4,13,1,0),(182,4,2,366,4,3,4,'08401981','50820842184827','9','CS NRO 10 VILLA MANUELITA','ROSARIO  C S  VILLA MANUELITA',4,3,0,0),(183,4,28,366,4,3,7,'08402111','10820842184090','0','HOSP PROVINCIAL CENTENARIO','ROSARIO  HOSP  CENTENARIO',4,12,1,0),(184,4,28,366,4,2,10,'08402120','10820842184089','0','HOSP PROVINCIAL','ROSARIO  HOSP  PROVINCIAL',4,12,1,0),(185,4,12,353,4,3,3,'08402430','50820842184633','Y','CS CORONEL DOMINGUEZ','CORONEL DOMINGUEZ  C S',4,1,0,0),(186,4,27,356,4,4,3,'08402448','50820842184716','9','CS GENERAL LAGOS','GRAL  LAGOS  C S',4,11,0,0),(187,4,29,357,4,3,4,'08402464','50820842184837','9','CS NRO 18 SAN FERNANDO','GRAN  BAIGORRIA C S  S FERNAND',4,13,0,0),(188,4,29,357,4,3,4,'08402472','50820842184866','9','CS NRO 54 REMANSO VALERIO','GRAN  BAIGORRIA  C S R VALERIO',4,13,0,0),(189,4,27,363,4,4,3,'08402499','50820842184906','9','CS PUEBLO ESTHER','PUEBLO ESTHER  C S',4,11,0,0),(190,4,29,366,4,3,4,'08402715','50820842184869','9','CS NRO 8 INDEPENDENCIA',' C S  N  8',4,13,0,0),(191,4,22,366,4,3,4,'08402987','50820842184833','9','CS NRO 14  AVELLANEDA OESTE','ROSARIO  C S  AVELL OESTE N14',4,6,0,0),(192,4,2,366,4,3,4,'08403045','50820842184864','9','CS NRO 6 EVA PERON- ROSARIO','ROSARIO  C S  NRO 6 EVA PERON',4,3,0,0),(193,4,29,366,4,3,4,'08403088','50820842185989','9','CS NRO. 7 - 12 DE OCTUBRE','ROSARIO  C S  B  12 DE OCTUBRE',4,13,0,0),(194,4,29,366,4,3,4,'08403096','50820842184838','9','CS NRO 19 LA CERAMICA','ROSARIO  C S  B  CERAMICA',4,13,0,0),(195,4,29,366,4,3,4,'08403100','50820842184842','9','CS NRO 20 LA ESPERANZA','ROSARIO  C S  N S  ESPERANZA',4,13,0,0),(196,4,21,366,4,3,4,'08403118','50820842184840','9','CS NRO 2 FONAVI SUPER CEMENTO','ROSARIO  C S  FONAVI S CEMENTO',4,5,0,0),(197,4,21,366,4,3,4,'08403126','50820842184853','9','CS NRO 3 -  7 DE SETIEMBRE','ROSARIO  C S  7 DE SETIEMBRE',4,5,0,0),(198,4,2,366,4,3,4,'08403134','50820842184857','9','CENTRO DE SALUD NRO. 4 BO. POLICIAL ROSARIO','ROSARIO  C S  BARRIO POLICIAL',4,3,0,1),(199,4,1,366,4,3,4,'08403142','50820842184860','9','CS NRO 5 PEDRO FIORINA','ROSARIO  C S  PDRO  FIORINA',4,2,0,0),(200,4,22,366,4,3,4,'08403151','50820842184872','Y','CS NRO 9 SAN FRANCISQUITO','ROSARIO  C S  NRO 9',4,6,0,0),(201,4,2,366,4,3,4,'08403169','50820842184830','9','CS NRO 12 DR GARCIA PIATTI','ROSARIO  C S DR GARCIA PIATTI',4,3,0,0),(202,4,22,366,4,3,4,'08403177','50820842184831','9','CS NRO 13  FONAVI','ROSARIO  C S  NRO 13 FO NA VI',4,6,0,0),(203,4,1,366,4,3,4,'08403185','50820842184834','9','CS NRO 15 JUAN DOMINGO PERON','ROSARIO  C S  J  D  PERON',4,2,0,0),(204,4,1,366,4,3,4,'08403207','50820842184844','9','CS NRO 22 GONZALEZ LOZA','ROSARIO  C S  GONZALEZ LOZA',4,2,0,0),(205,4,2,366,4,3,4,'08403215','50820842184847','9','CENTRO DE SALUD NRO. 24 SINDICATO DE LA CARNE ROSARIO','ROSARIO  C S  SINDIC  DE CARNE',4,3,0,1),(206,4,29,366,4,3,3,'08403223','50820842184386','Y','CS LA POSTA','ROSARIO  CASA DEL SOL NRO  1',4,13,0,0),(207,4,1,366,4,3,4,'08403291','50820842184848','9','CS NRO 25 FONAVI','ROSARIO  C S  NRO 25 FO NA VI',4,2,0,0),(208,4,21,366,4,3,4,'08403304','50820842184849','9','CS NRO 26 DE LA COMUNIDAD ORGANIZADA','ROSARIO  C S  COMUN ORGANIZADA',4,5,0,0),(209,4,21,366,4,3,4,'08403312','50820842184850','9','CS NRO 27 RAMON CARRILLO','ROSARIO  C S  RAMON CARRILLO',4,5,0,0),(210,4,27,371,4,3,4,'08403363','50820842185011','9','CS 17 DE OCTUBRE- VGG','V  GDOR GALVEZ C S  17 OCTUBRE',4,11,0,0),(211,4,27,371,4,3,4,'08403371','50820842184734','Y','CS ITATI- VGG','V  GDOR GALVEZ  C S ITATI',4,11,0,0),(212,4,29,357,4,3,4,'08403436','50820842184846','9','CS NRO 23 SAN MIGUEL','GRAN  BAIGORRIA C S SAN MIGUEL',4,13,0,0),(213,4,2,366,4,3,4,'08403452','50820842184829','9','CS NRO 11 VILLA CORRIENTES','ROSARIO  C S  VILLA CORRIENTES',4,3,0,0),(214,4,12,366,NULL,3,4,'08403461',NULL,'9','ROSARIO CENTRO DE SALUD VUELTA DE OBLIGADO PTE GAL','ROSARIO C DE SALUD PTE GALLEGO',4,1,0,1),(215,4,21,366,4,3,4,'08403479','50820842184749','9','CS JUNTOS PODEMOS KOLPING','ROSARIO  C S  JUNTOS PODEMOS',4,5,0,0),(216,4,21,366,4,3,4,'08403487','50820842184858','9','CS NRO 47 BARRIO TOBA','ROSARIO  C S  47 COMUNI  TOBA',4,5,0,0),(217,4,2,366,4,3,4,'08403686','50820842184852','9','CS NRO 29 ARAOZ DE LA MADRID','ROSARIO  C S ARAOZ DE LAMADRID',4,3,0,0),(218,4,28,366,4,2,2,'08404259','13820842184285','4','CENTRO REGIONAL DE SALUD MENTAL DR AGUDO AVILA','C REG SALUD MEN DR AGUDO AVILA',4,12,1,0),(219,4,29,357,4,3,4,'08404551','50820842184968','9','CS NRO 30 SANTA RITA','GDERO  BAIGOR   C S  STA RITA',4,13,0,0),(220,3,5,405,14,3,4,'09100011','50820912184978','Y','CS SOLEDAD','SOLEDAD  C S',3,8,0,0),(221,2,14,408,14,4,4,'09100020','50820912185377','Y','SAMCO VILLA TRINIDAD','VILLA TRINIDAD  C S',2,1,0,0),(222,2,14,406,4,4,5,'09100038','10820912184206','0','SAMCO SUARDI','SUARDI  HOSPITAL',2,1,1,0),(223,3,5,407,4,3,4,'09100046','50820913085002','Y','CENTRO DE SALUD VILLA SARALEGUI','VILLA SARALEGUI  C S',3,8,0,0),(224,2,14,398,4,3,4,'09100054','50820912184883','Y','CS PALACIOS','PALACIOS  C S',2,1,0,0),(225,2,14,376,14,4,5,'09100119','10820912184124','0','SAMCO ARRUFO','ARRUFO  HOSPITAL',2,1,1,0),(226,2,14,378,14,4,6,'09100135','10820912184153','0','SAMCO CERES','CERES  HOSPITAL',2,1,1,0),(227,2,14,375,14,4,4,'09100178','50820912185352','Y','SAMCO AMBROSETI','AMBROSETI  HOSPITAL',2,1,0,0),(228,2,14,402,14,1,3,'09100241','50820912184528','Y','CS BARRIO JUAN XXIII','SAN CRISTOBAL  C S BJUAN XXIII',2,1,0,0),(229,2,14,382,14,4,4,'09100313','50820912184623','Y','CS COLONIA ROSA','COLONIA ROSA  C S',2,1,0,0),(230,2,14,385,14,4,5,'09100321','10820912184165','0','SAMCO HERSILIA','HERSILIA  HOSPITAL',2,1,1,0),(231,2,14,386,14,4,5,'09100330','50820912185361','9','SAMCO HUANQUEROS','HUANQUEROS  HOSPITAL',2,1,0,0),(232,2,14,390,14,4,4,'09100348','50820912184765','Y','CS LA RUBIA','LA RUBIA  C S',2,1,0,0),(233,2,14,394,14,2,5,'09100364','10820912184151','0','SAMCO BARON HIRSCH','MOISES VILLE  HOSP  BA HIRSCH',2,1,1,0),(234,2,14,395,14,4,4,'09100372','50820912185367','Y','SAMCO MONIGOTES','MONIGOTES  C S',2,1,0,0),(235,2,14,402,14,1,3,'09100381','50820912184551','Y','CS BARRIO PELLEGRINI','SAN CRISTOBAL  C S  PELLEGRINI',2,1,0,0),(236,2,14,402,4,4,6,'09100411','10820912184192','0','SAMCO SAN CRISTOBAL','SAN CRISTOBAL  HOSPITAL',2,1,1,0),(237,2,14,403,14,4,4,'09100445','50820912185373','9','SAMCO SAN GUILLERMO','SAN GUILLERMO  C S',2,1,0,0),(238,2,14,374,4,3,3,'09100453','50820912184480','Y','CS AGUARA GRANDE','AGUARA GRANDE  C S',2,1,0,0),(239,2,14,377,4,4,4,'09100461','50820912184590','Y','CS CAPIVARA','CAPIVARA  CENTRO DE SALUD',2,1,0,0),(240,2,14,383,14,4,3,'09100470','50820912184630','Y','CS CONSTANZA','CONSTANZA  C S',2,1,0,0),(241,2,14,384,14,4,3,'09100488','50820912185359','Y','SAMCO CURUPAITY','CURUPAITY  C S',2,1,0,0),(242,2,14,387,14,3,3,'09100496','50820912184754','Y','CS LA CABRAL','LA CABRAL  C S',2,1,0,0),(243,2,14,389,14,4,4,'09100500','50820912184761','Y','CS LA LUCILA','LA LUCILA  C S',2,1,0,0),(244,2,14,392,4,3,4,'09100518','50820912184776','Y','CS LAS PALMERAS','LAS PALMERAS  CENTRO DE SALUD',2,1,0,0),(245,2,14,402,14,1,4,'09100534','50820912184555','Y','CS BARRIO SAN JOSE','SAN CRISTOBAL  C S  SAN JOSE',2,1,0,0),(246,2,14,410,4,3,3,'09100551','50820912184666','Y','CS EL LUCERO','EL LUCERO  C S',2,1,0,0),(247,1,15,412,14,4,5,'09800013','10820982184122','0','SAMCO ALEJANDRA','ALEJANDRA  HOSPITAL',1,1,1,0),(248,3,16,413,4,1,3,'09800021','50820982184580','Y','CS CACIQUE ARACAIQUIN','CACIQUE ARIACAIQUIN  C S',3,9,0,0),(249,3,16,424,4,1,3,'09800030','50820982184753','Y','CS LA BRAVA','LA BRAVA  C S',3,9,0,0),(250,1,15,427,14,4,5,'09800048','10820982184190','0','SAMCO ROMANG','ROMANG  HOSPITAL',1,1,1,0),(251,3,16,428,4,4,6,'09800064','10820982184194','0','SAMCO SAN JAVIER','SAN JAVIER  HOSPITAL',3,9,1,0),(252,1,15,415,4,3,3,'09800081','50820982184616','Y','CS COLONIA DURAN','COLONIA DURAN  C S',1,1,0,0),(253,3,16,421,4,1,3,'09800102','50820982184627','Y','CS COLONIA TERESA','COLONIA TERESA  C S',3,9,0,0),(254,3,16,428,4,3,3,'09800111','50820982184558','Y','CS SANTA ROSA (BARRIO PIZARRO)','SAN JAVIER  C S  B  STA ROSA',3,9,0,0),(255,3,16,428,4,3,3,'09800129','50820982184554','Y','CS BARRIO SAN ANTONIO','SAN JAVIER  C S  B SAN ANTONIO',3,9,0,0),(256,3,16,432,4,1,3,'09800137','50820982184612','Y','CS COLONIA  YATAI','COLONIA  YATAI  C S',3,9,0,0),(257,1,15,415,4,3,3,'09800145','50820982184624','Y','CS SAN ROQUE','SAN ROQUE  C S  SAN ROQUE',1,1,0,0),(258,3,16,428,4,3,3,'09800153','50820982184619','Y','CS COLONIA LA CRIOLLA','SAN JAVIER  C S COL LA CRIOLLA',3,9,0,0),(259,1,15,431,4,3,3,'09800161','50820982184783','Y','CS LOS JACINTOS','LOS JACINTOS  C S',1,1,0,0),(260,3,16,428,4,3,3,'09800170','50820982184655','Y','CS Bº EL TRIANGULO DR MARIO BARONI','SAN JAVIER  C S  EL TRIANGULO',3,9,0,0),(261,5,11,168,13,6,1,'04201804','50820422284809','9','CS MATERNO INFANTIL','VDO TUERTO CTRO SALUD MAT INF',5,1,0,1),(262,3,8,111,4,3,3,'03500196','50820352184945','Y','CS COLONIA SAN JOAQUIN','SAN JOAQUIN  CAPS',3,5,0,0),(263,3,32,435,4,4,4,'10500015','50821052184496','Y','CS AROCENA','AROCENA  C S',3,16,0,0),(264,3,33,436,14,4,6,'10500023','10821052184000','0','SAMCO BARRANCAS','BARRANCAS  HOSPITAL',3,17,1,0),(265,4,26,440,14,4,4,'10500058','50821052184603','Y','CS CENTENO','CENTENO  C S',4,10,0,0),(266,3,10,450,4,4,4,'10500066','50821052185365','9','SAMCO LOPEZ','LOPEZ  HOSPITAL',3,4,0,0),(267,3,32,441,14,4,6,'10500074','10821052184133','0','SAMCO CORONDA','CORONDA  HOSPITAL',3,16,1,0),(268,4,26,443,14,4,5,'10500104','10821052184134','0','SAMCO DIAZ','DIAZ  HOSPITAL',4,10,1,0),(269,3,10,437,14,4,4,'10500112','50821052184657','Y','CS DR RAUL RENEDO','BERNARDO DE IRIGOYEN  C S',3,4,0,0),(270,3,10,446,4,4,6,'10500121','10821052184141','0','SAMCO GALVEZ HOSPITAL ALFREDO BAETTI','SAMCO GALVEZ',3,4,1,0),(271,4,26,451,14,4,5,'10500147','10821052184084','0','HOSP FEDERICO MEROI- MACIEL','MACIEL  HOSPITAL',4,10,1,0),(272,4,26,452,14,4,4,'10500163','50821052184815','Y','CS MONJE','CENTRO DE SALUD MONJE',4,10,0,0),(273,3,33,444,14,4,5,'10500171','50821052185368','0','SAMCO PUEBLO IRIGOYEN','PUEBLO IRIGOYEN  HOSPITAL',3,17,0,0),(274,4,26,445,14,4,5,'10500180','50821052185369','9','SAMCO PUERTO GABOTO','PUERTO GABOTO  SAMCO',4,10,0,0),(275,3,33,456,14,4,4,'10500198','50821052184939','Y','CS SAN FABIAN','SAN FABIAN  C S',3,17,0,0),(276,4,26,457,14,4,5,'10500201','10821052184002','0','SAMCO SAN GENARO JARUPKIN','SAN GENARO  C S',4,10,1,0),(277,4,26,458,14,4,4,'10500228','50821052184941','Y','CS SAN GENARO NORTE','SAN GENARO NORTE  C S',4,10,0,0),(278,3,32,442,14,4,4,'10500244','50821052186099','Y','CS DESVIO ARIJON','DESVIO ARIJON  C S',3,16,0,0),(279,3,32,448,14,4,4,'10500252','50821052184770','Y','CS LARRECHEA','LARRECHEA  C S',3,16,0,0),(280,3,31,447,14,4,4,'10500261','50821052184718','0','CS GESSLER','GESSLER  C S',3,14,0,0),(281,3,33,439,14,4,4,'10500414','50821052184596','Y','CS CASALEGNO','CASALEGNO  C S',3,17,0,0),(282,3,32,442,14,3,4,'10500449','50821052184513','Y','CS BARRIO CAIMA','DESVIO ARIJON  C S  B  CAIMA',3,16,0,0),(283,3,10,449,4,4,3,'10500465','50821052184782','Y','VILMO RAIMONDI','LOMA ALTA  C S',3,4,0,0),(284,3,10,455,4,4,3,'10500562','50821052184938','9','CS SAN EUGENIO','SAN EUGENIO  C S',3,4,0,0),(285,3,20,461,14,4,3,'11200015','50821122184599','Y','CS CAYASTACITO','CAYASTACITO  C S',3,13,0,0),(286,3,5,468,14,4,5,'11200023','10821122184162','0','SAMCO GOBERNADOR CRESPO','GOBERNADOR CRESPO  HOSPITAL',3,8,1,0),(287,3,5,470,14,4,4,'11200040','50821122184757','Y','CS LA CRIOLLA','LA CRIOLLA  C S',3,8,0,0),(288,3,5,476,14,4,4,'11200058','50821122184800','Y','CS MARCELINO ESCALADA','MARCELINO ESCALADA  C S',3,8,0,0),(289,3,5,478,4,3,3,'11200066','50821122184820','Y','CS NARE','NARE  C S',3,8,0,0),(290,3,5,473,4,4,3,'11200074','50821122184893','Y','CS PEDRO GOMEZ CELLO','PEDRO GOMEZ CELLO  C S',3,8,0,0),(291,3,5,481,14,4,3,'11200082','50821122184911','Y','CS RAMAYON','RAMAYON  C S',3,8,0,0),(292,3,5,483,14,4,9,'11200091','10821122184197','0','SAMCO SAN JUSTO','SAN JUSTO  HOSPITAL',3,8,1,0),(293,3,5,484,14,3,3,'11200121','50821122184956','Y','CS SAN MARTIN NORTE','SAN MARTIN NORTE  C S',3,8,0,0),(294,3,5,486,14,4,5,'11200139','10821122184147','0','SAMCO VERA Y PINTADO','VERA Y PINTADO  HOSPITAL',3,8,1,0),(295,3,5,487,4,4,4,'11200147','50821122184994','Y','CS VIDELA','VIDELA  C S',3,8,0,0),(296,3,5,462,4,3,3,'11200155','50821122184615','Y','CS COLONIA DOLORES','COLONIA DOLORES  C S',3,8,0,0),(297,3,5,483,4,1,4,'11200163','50821122184553','9','CS BARRIO REYES','SAN JUSTO  C S  BARRIO REYES',3,8,0,0),(298,3,5,465,4,4,3,'11200252','50821122184625','Y','CS COLONIA SILVA','COLONIA SILVA  C S',3,8,0,0),(299,3,5,471,4,3,3,'11200261','50821122184762','Y','CS LA PENCA Y CARAGUATA','LA PENCA Y CARAGUATA  C S',3,8,0,0),(300,3,16,474,4,3,3,'11200279','50821122184787','Y','CS LOS SALADILLOS','LOS SALADILLOS  C S',3,9,0,0),(301,3,5,483,4,4,3,'11200309','50821122184948','9','CS SAN JOSE OBRERO - SAN JUSTO','SAN JUSTO  C S SAN JOSE OBRERO',3,8,0,0),(302,3,5,469,4,1,3,'11200333','50821122184755','9','CS LA CAMILA','LA CAMILA  CENTRO DE SALUD',3,8,0,0),(303,4,26,491,14,4,5,'11900017','10821192184137','0','SAMCO DR R BARRIONUEVO','CAP  BERMUDEZ HOSP BARRIONUEVO',4,10,1,0),(304,4,21,492,14,4,5,'11900041','10821192184075','0','HOSP CARLOS GOYTIA','CARCARA#A  HOSP  CARLOS GOITIA',4,5,1,0),(305,4,9,493,4,4,4,'11900050','50821192185357','9','SAMCO CORONEL ARNOLD','CORONEL ARNOLD  C S',4,4,0,0),(306,4,9,495,14,4,4,'11900076','50821192185360','9','SAMCO FUENTES','FUENTES  C S',4,4,0,0),(307,4,26,496,4,4,4,'11900084','50821192185374','Y','CS DR EDUARDO GERBAIX- TIMBUES','CS TIMBUES',4,10,0,0),(308,4,26,497,14,4,4,'11900092','50821192184766','Y','SAMCO LUIS PALACIOS','SAMCO L PALACIOS',4,10,0,0),(309,4,26,499,14,4,4,'11900106','50821192185370','9','SAMCO PUERTO SAN MARTIN','PUERTO SAN MARTIN  C S',4,10,0,0),(310,4,9,500,14,4,4,'11900114','50821192185371','Y','SAMCO PUJATO','PUJATO  C S',4,4,0,0),(311,4,21,502,14,4,5,'11900122','10821192184189','0','SAMCO ROLDAN','ROLDAN  HOSPITAL',4,5,1,0),(312,4,21,503,14,4,4,'11900131','50821052184944','Y','CS SAN JERONIMO SUR','SAN JERONIMO SUR  C S',4,5,0,0),(313,4,26,504,4,4,9,'11900157','10821192184163','0','SAMCO GRANADEROS A CABALLO','SAN LORENZO  HOSP GR A CABALLO',4,10,1,0),(314,4,9,505,14,4,4,'11900181','50821192185376','Y','SAMCO VILLA MUGUETA','VILLA MUGUETA  C S',4,4,0,0),(315,4,26,490,4,3,4,'11900190','50821192184484','Y','CS ALDAO','ALDAO  C S',4,10,0,0),(316,4,26,494,13,5,4,'11900297','10821192184159','9','CS FRAY LUIS BELTRAN','FRAY LUIS BELTRAN  C S',4,10,1,0),(317,4,26,501,4,3,4,'11900360','50821192184951','Y','CS SAN JUAN BAUTISTA','RICARDONE  C S  S  J  BAUTISTA',4,10,0,0),(318,4,23,509,4,4,6,'12600033','10821262184076','0','HOSP CARLOS PELLEGRINI DR JULIO CORTES BELASCUEN','CARLOS PELLEGRINI  HOSPITAL',4,7,1,0),(319,4,23,510,14,4,4,'12600041','50821262185355','Y','SAMCO CASAS','CASAS  C S',4,7,0,0),(320,4,23,512,14,4,4,'12600050','50821262185356','Y','SAMCO CASTELAR','COLONIA CASTELAR  C S',4,7,0,0),(321,4,9,511,14,4,3,'12600068','50821262185353','0','SAMCO COLONIA BELGRANO','COLONIA BELGRANO  HOSPITAL',4,4,0,0),(322,4,23,508,14,4,5,'12600076','10821262184129','0','SAMCO CAÑADA ROSQUIN','CA#ADA ROSQUIN  HOSPITAL',4,7,1,0),(323,4,23,514,14,1,6,'12600084','10821262184138','0','SAMCO EL TREBOL','EL TREBOL  HOSPITAL',4,7,1,0),(324,4,23,516,14,4,4,'12600106','50821262185362','Y','SAMCO LANDETA','LANDETA  C S',4,7,0,0),(325,4,23,517,14,4,3,'12600114','50821262185363','Y','SAMCO LAS BANDURRIAS','LAS BANDURRIAS  C S',4,7,0,0),(326,4,23,518,14,4,4,'12600122','50821262185364','Y','SAMCO LAS PETACAS','LAS PETACAS  C S',4,7,0,0),(327,3,17,279,4,3,3,'06307518','50820632185979','9','CIC CALLEJON ROCA','CIC ROCA',3,10,0,0),(328,4,23,519,14,4,4,'12600131','50821262185366','Y','SAMCO LOS CARDOS','LOS CARDOS  C S',4,7,0,0),(329,4,23,520,4,4,5,'12600149','10821262184183','0','SAMCO MARIA SUSANA','MARIA SUSANA  HOSPITAL',4,7,1,0),(330,4,23,521,14,4,5,'12600157','10821262184187','0','SAMCO PIAMONTE','PIAMONTE  HOSPITAL',4,7,1,0),(331,4,23,522,14,4,6,'12600165','10821262184195','0','SAMCO SAN JORGE','SAN JORGE  HOSPITAL',4,7,1,0),(332,4,23,523,14,4,5,'12600173','10821262184198','0','SAMCO SAN MARTIN DE LAS ESCOBAS','SAN MARTIN DE LAS ESCOBAS HOSP',4,7,1,0),(333,4,23,524,4,4,5,'12600190','10821262184205','0','SAMCO SASTRE','SASTRE  HOSPITAL',4,7,1,0),(334,4,23,525,14,4,4,'12600203','50821262185375','Y','SAMCO TRAILL','TRAILL  C S',4,7,0,0),(335,4,23,513,14,4,4,'12600211','50821262185358','Y','SAMCO CRISPI','CRISPI  C S',4,7,0,0),(336,4,23,522,4,3,4,'12600386','50821262184912','Y','CS RAMON CARRILLO - SAN JORGE','SAN JORGE  C S  RAMON CARRILLO',4,7,0,0),(337,1,15,528,14,4,5,'13300017','10821332184188','0','SAMCO RICARDO ALDAO','SAMCO RICARDO',1,1,1,0),(338,1,15,561,4,3,3,'13300033','50821332184985','Y','CS TOBA','TOBA  C S',1,1,0,0),(339,1,15,537,4,4,5,'13300041','10821332184158','0','SAMCO FORTIN OLMOS','FORTIN OLMOS  HOSPITAL',1,1,1,0),(340,1,15,562,4,2,6,'13300068','10821332184146','0','SAMCO VERA','VERA  HOSPITAL',1,1,1,0),(341,1,15,549,4,4,5,'13300084','10821332184171','0','SAMCO LA GALLARETA','LA GALLARETA  HOSPITAL',1,1,1,0),(342,1,15,555,14,4,5,'13300092','10821332184181','0','SAMCO MARGARITA','MARGARITA  HOSPITAL',1,1,1,0),(343,1,15,557,4,3,3,'13300106','50821332184888','Y','CS PARAJE 29','PARAJE 29  C S',1,1,0,0),(344,1,15,558,4,3,3,'13300114',NULL,'Y','SANTA FELICIA, CENTRO ASISTENCIAL.','SANTA FELICIA  C A',1,1,0,1),(345,1,15,561,4,3,3,'13300122','50821332184887','Y','CS PARAJE 17','PARAJE 17  C S',1,1,0,0),(346,1,15,566,14,3,3,'13300131','50821332184901','Y','CS POZO DE LOS INDIOS','POZO DE LOS INDIOS  C S',1,1,0,0),(347,1,15,559,4,3,3,'13300149','50821332184964','Y','CS SANTA LUCIA','SANTA LUCIA  C S',1,1,0,0),(348,1,15,535,4,3,3,'13300157','50821332184710','Y','CS FORTIN CHARRUA','FORTIN CHARRUA  C S',1,1,0,0),(349,1,15,538,4,4,5,'13300173','10821332184142','0','SAMCO GARABATO','GARABATO  HOSPITAL',1,1,1,0),(350,1,15,539,4,3,3,'13300181','50821332184720','Y','CS GOLONDRINA','GOLONDRINA  C S',1,1,0,0),(351,1,15,529,4,3,3,'13300190','50821332184587','Y','CS CAÑADA OMBU','CAÑADA OMBU  C S',1,1,0,0),(352,1,15,541,14,4,5,'13300203','10821332184168','0','SAMCO INTIYACO','INTIYACO  HOSPITAL',1,1,1,0),(353,2,14,341,13,6,10,'07700208','50820772284798','9','CS MADRE TERESA DE CALCUTA','TOSTADO  C S  M T  DE CALCUTA',2,1,0,1),(354,1,15,554,14,4,5,'13300211','10821332184092','0','HOSP RURAL DR SERGIO ROS DEL WUESKI','LOS AMORES  HOSPITAL',1,1,1,0),(355,1,15,560,4,4,5,'13300220','10821332184207','0','SAMCO TARTAGAL','TARTAGAL  HOSPITAL',1,1,1,0),(356,1,15,532,4,3,3,'13300238','50821332184611','Y','CS COLMENA','COLMENA  C S',1,1,0,0),(357,1,15,547,4,3,3,'13300246','50821332184788','Y','CS LOS TABANOS','LOS TABANOS  C S',1,1,0,0),(358,1,15,534,4,3,3,'13300262','50821332184688','Y','CS ESPIN','ESPIN  C S',1,1,0,0),(359,1,15,565,4,3,3,'13300271','50821332184751','Y','CS KM 115','KM  115  C S',1,1,0,0),(360,1,15,553,4,3,3,'13300297','50821332184774','Y','CS LAS GAMAS','LAS GAMAS  C S',1,1,0,0),(361,1,15,556,4,3,3,'13300319','50821332184878','Y','CS OGILVIE','OGILVIE  C S',1,1,0,0),(362,3,3,276,13,5,3,'06301539','50820632284739','Y','CS JORGE NEWBERY','SAUCE VIEJO  C S  J NEWBERY',3,2,0,0),(363,4,27,354,4,3,3,'08401689','50820842184702','Y','CS FIGHIERA','FIGHIERA  C S',4,11,0,0),(364,3,33,454,14,3,3,'10500236','50821052184908','Y','CS PUERTO ARAGON','PUERTO ARAGON  C S',3,17,0,0),(365,2,14,32,4,3,3,'02100679','50820212184502','Y','CS AURELIA','C S  (ENFERMERIA)',2,1,0,0),(366,2,14,77,4,3,3,'02100881','50820212184980','Y','CS SUSANA','C S  (SOLO ENFERMERIA)',2,1,0,0),(367,2,14,404,4,3,3,'09100542','50820912184972','Y','CS SANTURCE','SANTURCE  C S',2,1,0,0),(368,3,10,446,4,1,4,'10500457','50821052184699','Y','CS EVA PERON BARRIO OESTE- GALVEZ','GALVEZ  C S  B OESTE-EVA PERON',3,4,0,0),(369,4,25,104,13,1,3,'02800433','50820282184578','9','CS BRISAS DEL PARANA','CS BRISAS DEL PARANA',4,9,0,0),(370,2,14,381,4,3,3,'09100631','50820912184614','9','CS COLONIA BOSSI','COLONIA BOSSI  C S',2,1,0,0),(371,3,17,279,4,3,3,'06309388','50820632184771','9','CS LAS DELICIAS','SANTA FE  C S  LAS DELICIAS',3,10,0,0),(372,3,17,279,4,5,1,'06307527','50820632286170','9','CENTRO INTEGRADOR COMUNITARIO SAN MARTIN DE PORRES','CIC SAN MARTIN DE PORRES',3,10,0,1),(373,3,16,428,4,3,3,'09800234','50820982185040','9','CIC SAN JAVIER - FONAVI','SAN JAVIER  CIC  FONAVI',3,9,0,0),(374,3,16,417,4,1,3,'09800099','50820982184617','Y','CS COLONIA FRANCESA','C S COLONIA FRANCESA',3,9,0,0),(375,1,15,427,4,1,3,'09800226','50820982184546','9','CS BARRIO OBRERO','C S  BARRIO OBRERO',1,1,0,0),(376,4,26,235,14,4,4,'05600010','50820562184490','Y','CS ANDINO','ANDINO  C S',4,10,0,0),(377,2,14,55,4,1,3,'02101276','50820212184557','9','CS BARRIO SAN ROQUE','C S  BRIO  SAN ROQUE',2,1,0,0),(378,3,6,295,4,3,3,'07000877','50820702184736','9','CS JACINTO L ARAUZ','JACINTO L  ARAUZ  C S',3,7,0,0),(379,3,6,283,4,3,3,'07000761','50820702184468','9','CS CAVOUR','CAVOUR  C S',3,7,0,0),(380,4,26,452,4,1,3,'10500597','50821052184884','9','CS PARAJE LA BOCA','MONJE  C S  PARAJE LA BOCA',4,10,0,0),(381,1,15,210,4,1,3,'04900800','50820492186540','9','CS BARRIO FONAVI - MALABRIGO','MALABRIGO  C S  BRIO  FONAVI',1,1,0,0),(382,3,19,279,4,3,3,'06309389','50820632184504','9','CS BARADERO SARSOTTI','SANTA FE  C S  B  SARSOTTI',3,12,0,0),(383,3,8,114,4,3,3,'03500115','50820352185043','9','CS SANTA TERESITA','CS  STA  TERESITA',3,5,0,0),(384,4,12,366,4,3,4,'08403444','50820842184851','9','CS NRO 28 SARGENTO CABRAL','ROSARIO  C C  N28',4,1,0,0),(385,3,3,276,13,5,4,'06309401','50820632184934','9','CS SAN CAYETANO','CTRO  DE SALUD',3,2,0,0),(386,3,19,279,4,3,3,'06309373','50820632184518','9','CS BARRIO CHALET','CS BARRIO CHALET',3,12,0,0),(387,3,19,279,4,3,3,'06309399','50820632185010','9','CS 12 DE OCTUBRE','SANTA FE  C S 12 DE OCTUBRE',3,12,0,1),(388,2,14,482,4,3,3,'07700216','50820772184931','9','CS SAN BERNARDO','C S  S BERNARDO',2,1,0,0),(389,3,18,279,4,3,4,'06309392','50820632184514','9','CS BARRIO CANDIOTI','SANTA FE  CTRO  SALUD CANDIOTI',3,11,0,0),(390,2,14,46,4,3,3,'02101292','50820212184626','9','CS COLONIA TACURALES','CTRO  DE S  COL  TACURALES',2,1,0,1),(391,3,6,287,4,3,3,'07000931','50820702184676','9','CS EMPALME SAN CARLOS','CTRO EMPALME SAN CARLOS',3,7,0,0),(392,3,6,297,4,3,3,'07000923','50820702184777','9','CS LAS TUNAS','CTRO DE SALUD LAS TUNAS',3,7,0,0),(393,2,14,37,4,3,3,'02101306','50820212184618','9','CS COLONIA BICHA','CS COLONIA BICHA',2,1,0,0),(394,2,14,343,4,3,4,'07700232','50820772184737','9','CS JAIME J CULLER','C S  JAIME CULLER',2,1,0,0),(395,2,14,47,4,4,3,'02101411','50820212184653','9','CS DR JOSE COSTA','C S  CORONEL FRAGA',2,1,0,0),(396,2,14,70,13,5,1,'02100989','50820212284631','9','CS CONSULTORIO PERIFERICO MOVIL','RAFAELA  CONSULT  PERIF  MOVIL',2,1,0,0),(397,1,15,219,13,3,3,'04900702','50820492186018','Y','CS BARRIO ALMAFUERTE','C S  B  ALMAFUERTE',1,1,0,0),(398,1,15,219,4,3,3,'04900761','50820492186016','9','CS BARRIO VIRGEN DE GUADALUPE','RECONQUISTA  C S B V GUADALUPE',1,1,0,0),(399,3,32,441,13,5,4,'10500431','50821052284957','9','CS SAN PANTALEON','CORONDA  C S  SAN PANTALEON',3,16,0,0),(400,3,32,441,13,5,1,'10500503','50821052284717','Y','CS GENERAL URQUIZA BARRIO BASUALDO','CORONDA  C S  G URQUIZA',3,16,0,0),(401,4,26,451,13,6,4,'10500481','50821052284696','9','CS EVA PERON - MACIEL','MACIEL  C S  EVA PERON',4,10,0,0),(402,4,23,508,13,6,10,'12600394','50821262284894','Y','CS PEDRO MANASSERI','CA#ADA ROSQUIN  C S  MANASSERI',4,7,0,0),(403,3,6,290,13,5,4,'07000133','50820702285981','Y','CS TELMO EMILIO ALBRECHT (EX NRO 6)','CS NRO 6',3,7,0,0),(404,3,3,276,13,5,4,'06301296','50820632284602','Y','CS CENTENARIO - S VIEJO','SAUCE VIEJO  C S CENTENARIO',3,2,0,0),(405,3,20,273,13,6,3,'06309368','50820632284540','9','CS INTERCULTURAL NATARENTACA COM NALEQUETEGUETA','RECREO  C S  BARRIO MOCOVI',3,13,0,0),(406,3,20,273,13,6,3,'06309369','50820632284917','9','CS RECREO SUR','RECREO  C S  RECREO SUR',3,13,0,0),(407,3,20,273,13,6,3,'06309370','50820632284548','9','CS BARRIO PARQUE','RECREO  C S  BARRIO PARQUE',3,13,0,0),(408,4,9,15,13,5,10,'01400181','50820142284874','Y','CS NUEVA ROMA 1','CASILDA  C S  NUEVA ROMA',4,4,0,0),(409,4,9,15,13,5,10,'01400326','50820142284721','Y','CS GRANADEROS A CABALLO','CASILDA  C S  GRAN  A CABALLO',4,4,0,0),(410,4,9,15,13,5,10,'01400334','50820142284483','Y','CS ALBERDI - CASILDA','CASILDA  C S  ALBERDI',4,4,0,0),(411,4,9,15,13,5,10,'01400342','50820142284509','Y','CS BARRIO BARRACAS','CASILDA  C S  BARRIO BARRACAS',4,4,0,0),(412,5,11,141,13,5,1,'04201031','50820422284525','9','CS HORACIO FREDRIKSSON','FIRMAT  C S  BARRIO FREDIKSON',5,1,0,0),(413,5,11,168,13,5,1,'04200727','50820422284499','9','CS ASISTENCIA PUBLICA MUNICIPAL','VENADO TUERTO  A P  MUNICIPAL',5,1,0,0),(414,5,11,168,13,5,1,'04201138','50820422284984','Y','CS TIRO FEDERAL','VENADO TUERTO CS TIRO FEDERA',5,1,0,0),(415,5,11,168,13,5,1,'04201197','50820422284960','Y','CS SAN VICENTE','VENADO TUERTO  C S SAN VICENTE',5,1,0,0),(416,5,11,154,13,5,1,'04201219','50820422284661','9','CS DR VIDALLE','MURPHY  C S DR VIDALLE',5,1,0,0),(417,5,11,168,13,5,1,'04201375','50820422284704','9','CS FONAVI Bº MALVINAS ARGENTINAS','VENADO TUERTO  C S  FONAVI',5,1,0,0),(418,5,11,139,13,5,1,'04201383','50820422284826','9','CS NRO 1 - ELORTONDO','ELORTONDO  C S  NRO 1',5,1,0,0),(419,5,11,139,13,5,1,'04201391','50820422284824','9','CS NRO 2 - ELORTONDO','ELORTONDO  C S NRO 2',5,1,0,0),(420,5,11,168,13,5,1,'04201413','50820422285193','9','CS BARRIO RIVADAVIA','VENADO TUERTO  C S B RIVADAVIA',5,1,0,0),(421,3,3,280,4,3,4,'06301814','50820632184485','9','CS ALICIA MOREAU DE JUSTO','SANTO TOME  C S  A M DE JUSTO',3,2,0,0),(422,3,3,280,4,3,4,'06301822','50820632184744','9','CS JUAN DOMINGO PERON- STO TOME','SANTO TOME  C S  J D  PERON',3,2,0,0),(423,3,3,280,14,3,4,'06301831','50820632184695','9','CS EVA DUARTE DE PERON- STO TOME','SANTO TOME  C S  E D DE PERON',3,2,0,0),(424,3,3,280,4,3,4,'06301849','50820632184727','9','CS HIPOLITO IRIGOYEN','SANTO TOME  C S  H  IRIGOYEN',3,2,0,0),(425,4,24,1,14,4,6,'00700016','10820072184123','0','SAMCO ARMSTRONG','ARMSTRONG  HOSPITAL',4,8,1,0),(426,4,24,2,14,4,5,'00700041','10820072184128','0','SAMCO BOUQUET','BOUQUET  HOSPITAL',4,8,1,0),(427,4,24,5,14,4,5,'00700067','10820072184175','0','SAMCO LAS PAREJAS DR JUAN M VALDANO','LAS PAREJAS  HOSPITAL',4,8,1,0),(428,4,24,6,14,4,6,'00700075','10820072184176','0','SAMCO LAS ROSAS','LAS ROSAS  HOSPITAL',4,8,1,0),(429,4,24,7,14,4,5,'00700083','10820072184186','0','SAMCO MONTES DE OCA','MONTES DE OCA  HOSPITAL',4,8,1,0),(430,4,24,8,4,4,5,'00700091','10820072184208','0','SAMCO TORTUGAS','TORTUGAS  HOSPITAL',4,8,1,0),(431,4,9,10,4,4,5,'01400016','10820142184150','0','SAMCO  GERIATRICO AREQUITO','AREQUITO  HOSPITAL',4,4,1,0),(432,5,11,12,14,4,5,'01400024','10820142184126','0','SAMCO BERABEVU','BERABEVU  HOSPITAL',5,1,1,0),(433,4,9,13,14,4,5,'01400032','10820142184127','0','SAMCO BIGAND ALFREDO BERRAZ','BIGAND  HOSPITAL',4,4,1,0),(434,4,9,15,4,2,6,'01400041','10820142184095','0','HOSP SAN CARLOS','HTAL SAN CARLOS',4,4,1,0),(435,4,12,19,14,4,5,'01400075','10820142184182','0','SAMCO MARIA EVA DUARTE DE PERON','SAMCO M E  DUARTE DE PERON',4,1,1,0),(436,5,11,20,14,4,5,'01400091','10820142184154','0','SAMCO CHAÑAR LADEADO','SAMCO CHANAR LADEADO',5,1,1,0),(437,4,9,23,14,4,4,'01400105','50820142184786','9','CS LOS MOLINOS','C S  LOS MOLINOS',4,4,0,0),(438,5,11,25,14,4,5,'01400113','10820142184179','0','SAMCO LOS QUIRQUINCHOS','SAMCO LOS QUIRQUINCHOS',5,1,1,0),(439,4,12,27,14,4,5,'01400121','10820142184196','0','SAMCO SAN JOSE DE LA ESQUINA','SAMCO SAN JOSE DE LA ESQUINA',4,1,1,0),(440,5,11,22,14,4,5,'01400130','10820142184169','0','SAMCO ISLAS MALVINAS','SAMCO ISLAS MALVINAS',5,1,1,0),(441,5,11,28,14,4,4,'01400148','50820142184658','Y','CS DR RENE FAVALORO','VILLADA  SAMCO DR  R  FAVALORO',5,1,0,0),(442,4,9,26,14,4,4,'01400156','50820142184962','9','CS SANFORD','C S  SANFORD',4,4,0,0),(443,4,9,11,14,4,5,'01400288','10820142184125','0','SAMCO ARTEAGA DR. ADOLFO MARIO VITTORI','ARTEAGA  HOSPITAL',4,4,1,0),(444,2,14,30,14,4,4,'02100237','50820212184494','Y','CS ANGELICA','C S  ANGELICA',2,1,0,0),(445,2,14,31,14,4,4,'02100245','50820212184501','Y','CS ATALIVA','C S  ATALIVA',2,1,0,0),(446,2,14,58,4,4,5,'02100253','10820212184167','0','SAMCO HUMBERTO PRIMO','HOSPITAL HUMBERTO PRIMO',2,1,1,0),(447,2,14,62,4,4,4,'02100270','50820212184779','Y','CS LEHMANN','C S  LEHMANN',2,1,0,0),(448,2,14,65,14,4,4,'02100288','50820212184804','Y','CENTRO DE SALUD MARIA JUANA','C S  MARIA JUANA',2,1,0,0),(449,2,14,70,4,3,4,'02100318','50820212184859','Y','CS NRO 5 MARTIN M GUEMES','C S  5 MARTIN GUEMES',2,1,0,0),(450,2,14,70,14,4,9,'02100351','10820212184091','0','SAMCO DR JAIME FERRE','SAMCO JAIME FERRE',2,1,1,0),(451,2,14,75,14,4,5,'02100415','10820212184199','0','SAMCO SAN VICENTE','SAN VICENTE  HOSPITAL',2,1,1,0),(452,2,14,74,4,4,5,'02100440','10820212184202','0','SAMCO SANTA CLARA DE SAGUIER','SAMCO SANTA CLARA DE SAGUIER',2,1,1,0),(453,2,14,76,14,4,5,'02100466','10820212184135','0','SAMCO DR AMILCAR GOROSITO','SUNCHALES HOSPITAL A GOROSITO',2,1,1,0),(454,2,14,82,14,4,4,'02100504','50820212185007','Y','CS SAMCO ZENON PEREYRA','ZENON PEREYRA  C S',2,1,0,0),(455,2,14,55,14,4,4,'02100512','50820212184712','Y','CS FRONTERA','C S  FRONTERA',2,1,0,0),(456,2,14,70,4,3,4,'02100521',NULL,'Y','RAFAELA, CTRO. ENFER. TRASM. SEX. (PROGRAMA)','RAFAELA  DISP  CTROL ENF T SEX',2,1,0,1),(457,2,14,70,4,3,4,'02100539','50820212184855','9','CS NRO 3 SANTA ROSA DE LIMA','C S  3 STA  R  DE LIMA',2,1,0,0),(458,2,14,53,14,4,4,'02100547','50820212184693','Y','CS EUSEBIA DR SAUL GOMEZ','EUSEBIA  C S',2,1,0,0),(459,2,14,69,4,4,4,'02100555','50820212184914','Y','CS RAMONA','RAMONA  C S',2,1,0,0),(460,2,14,70,4,3,4,'02100563','50820212184825','Y','CS NRO 1 - RAFAELA','RAFAELA  C S  1',2,1,0,0),(461,2,14,70,4,3,4,'02100571','50820212184841','X','CS NRO 2 MATERNO INFANTIL','C S  2 MATERNO INFANTIL',2,1,0,0),(462,2,14,70,4,3,4,'02100598','50820212184856','9','CS NRO 4 VIRGEN DE FATIMA','C S 4 VIRGEN FATIMA',2,1,0,0),(463,2,14,55,14,1,4,'02100601','50820212184566','9','CS BARRIO VILLANI','C S BARRIO VILLANI',2,1,0,0),(464,2,14,33,14,6,3,'02100687','50820212184575','Y','CS BELLA ITALIA','C S  BELLA ITALIA',2,1,0,0),(465,2,14,34,4,3,4,'02100695','50820212184572','Y','CS BAUER Y SIGEL','C S  BAUER Y SIGEL',2,1,0,0),(466,2,14,35,14,4,4,'02100709','50820212184897','Y','CS PLAZA CLUCELLAS','C S  PLAZA CLUCELLAS',2,1,0,0),(467,2,14,36,4,3,4,'02100717','50820212184613','Y','CS COLONIA ALDAO','COLONIA ALDAO  CENTRO DE SALUD',2,1,0,0),(468,2,14,43,4,4,3,'02100733','50820212184742','Y','CS JOSEFINA','C S  JOSEFINA',2,1,0,0),(469,2,14,44,4,3,3,'02100741','50820212184620','Y','CS COLONIA MARGARITA','C S  COLONIA MARGARITA',2,1,0,0),(470,2,14,48,14,4,4,'02100750','50820212184662','Y','CS DR DOMINGO PREITI- EGUSQUIZA','CS DR D PREITI',2,1,0,0),(471,2,14,49,4,3,4,'02100768','50820212184687','Y','CS ESMERALDA','C S  ESMERALDA',2,1,0,0),(472,2,14,51,14,4,4,'02100776','50820212184689','Y','CS ESTACION CLUCELLAS','C S  EST CLUCELLAS',2,1,0,0),(473,2,14,55,14,1,4,'02100784','50820212184524','Y','CS BARRIO FRANCUCCI','C S  B  FRANCUCCI',2,1,0,0),(474,2,14,57,14,1,3,'02100792','50820212184713','Y','CS GARIBALDI','C S  GARIBALDI',2,1,0,0),(475,2,14,67,14,4,3,'02100806','50820212184902','Y','CS PRESIDENTE ROCA','C S  PRESIDENTE ROCA',2,1,0,0),(476,2,14,70,4,3,4,'02100831','50820212184865','9','CS NRO 7 - 17 DE OCTUBRE','C S  7 17 OCTUBRE',2,1,0,0),(477,2,14,70,4,3,4,'02100849','50820212184862','9','CS NRO 6 BARRIO AMANCAY','C S 6 BARRIO AMANCAY',2,1,0,0),(478,2,14,72,14,4,4,'02100857','50820212184924','Y','CS SAGUIER','SAGUIER  C S',2,1,0,0),(479,2,14,73,4,4,4,'02100865','50820212184929','Y','CS SAN ANTONIO','SAN ANTONIO  C S',2,1,0,0),(480,2,14,78,4,3,4,'02100890','50820212184981','Y','CS DR CARLOS FRANZINI','DR C FRANZINI  C S',2,1,0,0),(481,2,14,79,4,4,4,'02100903','50820212184995','Y','CENTRO DE SALUD VILA','CS VILA',2,1,0,0),(482,2,14,81,14,4,3,'02100920','50820212185005','Y','CS VIRGINIA','C S  VIRGINIA',2,1,0,0),(483,2,14,71,4,3,4,'02100938','50820212184915','Y','CS RAQUEL','C S  RAQUEL',2,1,0,0),(484,2,14,43,4,3,4,'02100946','50820212184506','9','CS BARRIO ACAPULCO Y VERA CRUZ','C S  B  ACAPULCO Y VERA CRUZ',2,1,0,0),(485,2,14,70,4,3,4,'02100962','50820212184868','9','CS NRO 8 BARRIO ITALIA','C S  8 BARRIO ITALIA',2,1,0,0),(486,2,14,70,4,3,4,'02100971','50820212184871','9','CS NRO 9 BARRIO JARDIN','C S  9 BARRIO JARDIN',2,1,0,0),(487,2,14,76,4,3,3,'02101268','50820212184806','9','CS NRO 1 MARIANO MORENO','CS Nº 1 M MORENO',2,1,0,0),(488,4,25,84,14,4,5,'02800018','10820282184121','0','SAMCO ALCORTA DR. J. J . MAIZTEGUI','SAMCO ALCORTA',4,9,1,0),(489,5,11,85,14,4,5,'02800026','10820282184152','0','SAMCO BOMBAL','BOMBAL  HOSPITAL',5,1,1,0),(490,4,25,86,14,4,4,'02800034','50820282184588','Y','CS CAÑADA RICA','CA#ADA RICA  C S',4,9,0,0),(491,4,27,87,14,4,4,'02800042','50820282184604','Y','CS CEPEDA','CEPEDA  C S',4,11,0,0),(492,4,25,90,14,4,4,'02800051','50820282184715','Y','CS GENERAL GELLY','GENERAL GELLY  C S',4,9,0,0),(493,4,25,91,14,4,4,'02800069','50820282184719','Y','CS GODOY','GODOY  C S',4,9,0,0),(494,4,25,92,14,4,5,'02800077','10820282184170','0','SAMCO JUAN B MOLINA','JUAN B  MOLINA  HOSPITAL',4,9,1,0),(495,4,25,93,14,4,4,'02800085','50820282184748','Y','CS JUNCAL','JUNCAL  C S',4,9,0,0),(496,4,25,95,14,4,5,'02800093','10820282184185','8','SAMCO MAXIMO PAZ','MAXIMO PAZ  HOSPITAL',4,9,1,0),(497,4,27,97,13,4,4,'02800107','50820282184892','Y','CS PAVON ARRIBA','PAVON ARRIBA  C S',4,11,0,0),(498,4,25,98,4,4,4,'02800115','50820282184896','Y','CS PEYRANO','PEYRANO  C S',4,9,0,0),(499,4,25,100,14,4,4,'02800123','50820282184970','9','CS SANTA TERESA','SANTA TERESA  C S',4,9,0,0),(500,4,25,104,14,1,9,'02800131','10820282184072','0','SAMCO VILLA CONSTITUCION DR. JUAN E. MILICH','VILLA CONSTITUCION SAMCO J E M',4,9,1,0),(501,4,25,101,14,4,4,'02800158','50820282184973','Y','CS SARGENTO CABRAL','SARGENTO CABRAL  C S',4,9,0,0),(502,4,25,94,14,4,4,'02800166','50820282184768','Y','CS LA VANGUARDIA','LA VANGUARDIA  C S',4,9,0,0),(503,4,25,103,4,3,4,'02800174','50820282184982','Y','CS THEOBALD','THEOBALD  C S',4,9,0,0),(504,4,25,88,4,4,4,'02800280','50820282184677','Y','CS EMPALME VILLA CONSTITUCION','EMPALME V CONSTITUCION  C S',4,9,0,0),(505,4,25,96,4,3,4,'02800298','50820282184891','Y','CS PAVON','PAVON  C S',4,9,0,0),(506,4,25,99,4,4,4,'02800301','50820282184813','Y','CS MIGUEL RUEDA','RUEDA  C S  MIGUEL RUEDA',4,9,0,0),(507,3,8,109,4,4,5,'03500018','10820352184131','0','SAMCO CAYASTA','CAYASTA  HOSPITAL',3,5,1,0),(508,3,8,110,4,1,4,'03500026','10820352184132','9','SAMCO DR ELADIO ANTONUCCI','COLONIAS MASCIAS  HOSPITAL',3,5,0,0),(509,3,8,114,14,4,5,'03500034','10820352184164','0','SAMCO HELVECIA','HELVECIA  HOSPITAL',3,5,1,0),(510,3,8,118,14,4,5,'03500042','10820352184203','0','SAMCO SANTA ROSA DE CALCHINES','SANTA ROSA DE CALCHINES HOSP',3,5,1,0),(511,3,8,106,4,1,3,'03500051','50820352184583','Y','CS CAMPO DEL MEDIO','CAMPO DEL MEDIO  C S',3,5,0,0),(512,3,8,114,4,3,3,'03500069','50820352184621','Y','CS COLONIA NORTE','COLONIA NORTE  C S',3,5,0,0),(513,3,8,116,4,3,3,'03500077','50820352184790','Y','CS LOS ZAPALLOS','LOS ZAPALLOS  C S',3,5,0,0),(514,3,8,117,4,3,3,'03500085','50820352184925','Y','CS SALADERO CABAL','SALADERO CABAL  C S',3,5,0,0),(515,5,11,125,4,3,4,'04200018','50820422184477','Y','CS AARON CASTELLANOS','AARON CASTELLANOS  C S',5,1,0,0),(516,5,11,129,14,4,4,'04200026','50820422184592','Y','CS CARMEN','CARMEN  C S',5,1,0,0),(517,5,11,130,14,4,4,'04200034','50820422184593','Y','CS CARRERAS','CARRERAS  C S',5,1,0,0),(518,5,11,134,14,4,4,'04200042','50820422184605','Y','CS CHAPUY','CHAPUY  C S',5,1,0,0),(519,5,11,135,14,4,4,'04200051','50820422184652','Y','CS DR JORGE SEMORILE','CHOVET  C S',5,1,0,0),(520,5,11,136,14,4,3,'04200069','50820422184641','Y','CS DIEGO DE ALVEAR','DIEGO DE ALVEAR  C S',5,1,0,0),(521,5,11,139,14,4,5,'04200077','10820422184139','0','SAMCO ELORTONDO','ELORTONDO  HOSPITAL',5,1,1,0),(522,5,11,141,14,4,6,'04200107','10820422184160','0','SAMCO GENERAL SAN MARTIN - FIRMAT','FIRMAT  HOSPITAL SAN MARTIN',5,1,1,0),(523,5,11,145,14,4,4,'04200115','50820422184769','Y','CS LABORDEBOY','LABORDEBOY  C S',5,1,0,0),(524,5,11,142,14,4,5,'04200158','10820422184166','0','SAMCO HUGHES','HUGHES  HOSPITAL',5,1,1,0),(525,5,11,147,4,3,4,'04200174','50820422184756','Y','CS LA CHISPA','LA CHISPA  C S',5,1,0,0),(526,5,11,149,4,3,4,'04200182','50820422184778','Y','CS LAZZARINO','LAZZARINO  C S',5,1,0,0),(527,5,11,150,14,4,5,'04200191','10820422184180','0','SAMCO MAGGIOLO','MAGGIOLO  HOSPITAL',5,1,1,0),(528,5,11,151,14,4,5,'04200204','10820422184184','0','SAMCO MARIA TERESA','MARIA TERESA  HOSPITAL',5,1,1,0),(529,5,11,154,14,4,4,'04200221','50820422184819','9','CS DRA CARMEN CASTILLA MURPHY','MURPHY  C S',5,1,0,0),(530,5,11,157,14,4,6,'04200255','10820422184191','0','SAMCO  HOSPITAL RUFINO','RUFINO  HOSPITAL ',5,1,1,0),(531,5,11,160,4,4,4,'04200280','50820422184935','0','CS SAN EDUARDO','SAN EDUARDO C S',5,1,0,0),(532,5,11,162,14,4,5,'04200298','10820422184193','0','SAMCO SAN GREGORIO','SAMCO SAN GREGORIO',5,1,1,0),(533,5,11,165,4,8,5,'04200310','10820422184087','0','HOSP MIGUEL RUEDA','SAMCO MIGUEL RUEDA SANTA ISABE',5,1,1,0),(534,5,11,159,14,4,5,'04200328','10820422184200','0','SAMCO SANCTI SPIRITU','SANCTI SPIRITU  HOSPITAL',5,1,1,0),(535,5,11,167,14,4,5,'04200344','10820422184099','0','SAMCO TEOFILO PUENTES','TEODELINA  HOSPITAL T  PUENTES',5,1,1,0),(536,5,11,168,14,4,9,'04200387','10820422184155','0','SAMCO DR A GUTIERREZ','VENADO TUERTO  HOSPITAL',5,1,1,0),(537,5,11,169,14,4,5,'04200425','10820422184093','0','SAMCO VILLA CAÑAS','SAMCO VILLA CAÑAS',5,1,1,0),(538,5,11,171,14,4,5,'04200450','10820422184214','0','SAMCO WHEELWRIGHT','SAMCO  WHEELWRIGHT',5,1,1,0),(539,5,11,157,4,1,4,'04200476','50820422184491','9','CS ANGEL BULGHERONI','RUFINO  C S  ANGEL BULGHERONI',5,1,0,0),(540,5,11,155,14,4,4,'04200484','50820422184814','Y','CS MIGUEL TORRES','MIGUEL TORRES  C S',5,1,0,0),(541,5,11,161,4,4,4,'04200506','50820422184940','Y','CS SAN FRANCISCO DE SANTA FE','SAN FRANCISCO DE SANTA FE  C S',5,1,0,0),(542,5,11,127,4,3,4,'04200514','50820422184581','Y','CS CAFFERATA','CAFFERATA  C S',5,1,0,0),(543,5,11,152,4,3,4,'04200522','50820422184812','Y','CS MELINCUE','MELINCUE  C S',5,1,0,0),(544,5,11,126,14,4,4,'04200735','50820422184489','Y','CS AMENABAR','AMENABAR  C S',5,1,0,0),(545,5,11,140,14,1,4,'04200751','50820422184637','Y','CS CHRISTOPHERSEN','CHRISTOPHERSEN  C S',5,1,0,0),(546,5,11,128,14,4,4,'04201022','50820422184586','Y','CS CAÑADA DE UCLE','CA#ADA DE UCLE  C S',5,1,0,0),(547,5,11,141,4,1,4,'04201057','50820422184591','9','CS CARLOS CASADO','FIRMAT  C C  CARLOS CASADO',5,1,0,0),(548,5,11,168,13,5,4,'04201146','50820422184949','9','CS SAN JOSE OBRERO - V TUERTO','VENADO TUERTO  C S  S J OBRERO',5,1,0,0),(549,5,11,168,4,3,3,'04201201','50820422184387','Y','CASA DEL SOL SALUD MENTAL','VENADO TUERTO  CASA DEL SOL',5,1,0,1),(550,5,11,168,13,5,4,'04201235','50820422286022','Y','CS NRO 3 BARRIO SANTA ROSA','VENADO TUERTO  C S  STA ROSA',5,1,0,0),(551,5,11,141,4,1,4,'04201341','50820422184648','9','CS DR DOMINGO CERA','FIRMAT CS DOMINGO CERA',5,1,0,1),(552,5,11,141,4,1,4,'04201359','50820422184654','9','CENTRO DE SALUD DR. JULIO MAIZTEGUI - FIRMAT','FIRMAT  C S  MAIZTEGUI',5,1,0,1),(553,5,11,141,NULL,1,1,'04201367',NULL,'9','CENTRO DE SALUD DR. DOMINGO CERA - FIRMAT','FIRMAT  SALA DR  DOMINGO CERA',5,1,0,1),(554,5,11,152,4,3,4,'04201448','50820422184950','9','CS SAN JOSE URBANO','MELINCUE  C S  SAN JOSE',5,1,0,0),(555,1,15,212,4,3,3,'04900052','50820492184818','Y','DR ANTONIO JOSÉ LUIS MARTINELLI&QUOT;','MOUSSY  C S',1,1,0,0),(556,1,15,174,4,4,8,'04900109','50820492184503','Y','CS AVELLANEDA','AVELLANEDA  C S',1,1,0,0),(557,1,15,184,4,3,3,'04900133','50820492184669','Y','CS EL RABON','EL RABON  C S',1,1,0,0),(558,1,15,186,4,3,3,'04900141','50820492184670','Y','CS EL SOMBRERITO','EL SOMBRERITO  C S',1,1,0,0),(559,1,15,189,4,4,5,'04900150','10820492184157','0','SAMCO FLORENCIA JUAN FACUNDO GIL','FLORENCIA  HOSPITAL',1,1,1,0),(560,1,15,226,14,4,5,'04900168','10820492184130','0','SAMCO CARLOS HARTENECK','V  GUILLERMINA  HOSP HARTENECK',1,1,1,0),(561,1,15,193,4,3,4,'04900176','50820492184730','Y','CS INGENIERO CHANOURDIE','INGENIERO CHANOURDIE  C S',1,1,0,0),(562,1,15,198,14,4,5,'04900184','10820492184174','9','SAMCO LANTERI','LANTERI  HOSPITAL',1,1,1,0),(563,1,15,201,14,4,3,'04900192','50820492184767','Y','CS LA SARITA','LA SARITA  C S',1,1,0,0),(564,1,15,205,4,3,3,'04900206','50820492184775','Y','CS LAS GARZAS','LAS GARZAS  C S',1,1,0,0),(565,1,15,207,14,4,5,'04900214','10820492184177','0','SAMCO LAS TOSCAS','LAS TOSCAS  HOSPITAL',1,1,1,0),(566,4,22,366,4,3,4,'08414176','50820842184649','9','CS DR ERNESTO CHE GUEVARA','C S  DR  ERNESTO CHE GUEVARA',4,6,0,0),(567,3,13,279,4,3,4,'06306546',NULL,'9','CENTRO DE REHABILITACION Y CENTRO DE DIA PARA NIÑOS','CENTRO DE REHABILITACION Y CENTRO DE DIA PARA NIÑO',3,1,0,1),(568,3,8,109,4,3,3,'03500484','50820352185030','9','CIC CAYASTA','CIC CAYASTA',3,5,0,0),(569,5,11,168,13,5,1,'04201464','50820422284997','9','CS VILLA CASEY','VENADO TUERTO  C S CASEY',5,1,0,0),(570,4,25,104,13,5,3,'02800344','50820282284698','Y','CS EVA PERON - V CONSTITUCION','V  CONSTITUCION  C S  E PERON',4,9,0,0),(571,4,25,104,13,5,3,'02800352','50820282285012','Y','CS 17 DE OCTUBRE- V CONSTITUCION','V  CONSTITUCION  C S  17 OCTUB',4,9,0,0),(572,4,25,104,13,5,3,'02800409','50820282284563','9','CS BARRIO TROILO','V CONSTIT   C S  B  TROILO',4,9,0,0),(573,4,27,348,13,5,3,'08404585','50820842284733','9','ALVEAR, CENTRO DE SALUD ISABEL D. MALEANDI','ALVEAR  C S  I D MALEANDI',4,11,0,0),(574,4,21,355,13,5,1,'08400071','50820842284644','Y','CS DR BERNARDO HOUSSAY','FUNES  C S  DR  B  HOUSSAY',4,5,0,0),(575,4,21,355,13,1,3,'08404569','50820842284697','9','CS EVA PERON - FUNES','FUNES  C S  EVA PERON',4,5,0,0),(576,4,21,355,13,5,1,'08404577','50820842284470','9','CS DR ESTEBAN LAUREANO MARADONA- FUNES','FUNES  C S  DR  E  MARADONA',4,5,0,0),(577,4,22,361,13,5,1,'08400364','50820842284646','Y','CS DR ROQUE PEREZ','PEREZ  C S  DR  ROQUE PEREZ',4,6,0,0),(578,4,27,371,13,5,3,'08403380','50820842284954','Y','CS SAN MARTIN- VGG','V  GDOR GALVEZ  C S SAN MARTIN',4,11,0,0),(579,4,27,371,13,5,3,'08403398','50820842284823','Y','CS NIÑO JESUS','V  GDOR GALVEZ  C S NI#O JESUS',4,11,0,0),(580,4,27,371,13,5,3,'08403401','50820842284700','Y','CS EVITA- VGG','V  GDOR GALVEZ  C S  EVITA',4,11,0,0),(581,4,27,371,13,5,3,'08403410','50820842284629','Y','CENTRO DE SALUD CONSTANCIO C VIGIL VILLA GOBERNADO','V  GDOR GALVEZ  C S  C VIGIL',4,11,0,1),(582,4,27,371,13,5,3,'08403428','50820842184936','Y','CS SAN ENRIQUE','V  GDOR GALVEZ  C S SAN ENRIQ',4,11,0,0),(583,4,27,371,13,5,3,'08403643','50820842284541','9','CS BARRIO MORTELARI','V  GDOR GALVEZ  C S  MORTELARI',4,11,0,0),(584,4,27,371,13,5,3,'08403651','50820842284803','9','CS MARIA AUXILIADORA','V GDOR GALVEZ C S M AUXILIADOR',4,11,0,0),(585,4,27,371,13,5,3,'08403660','50820842284731','9','CS INTENDENTE ANDREU','V GDOR GALVEZ  C S  INT ANDREU',4,11,0,0),(586,4,27,350,13,5,3,'08403678','50820842284913','9','CS RAMON CARRILLO','ARROYO SECO  C S  R  CARRILLO',4,11,0,0),(587,4,27,362,13,5,3,'08403694','50820842284628','9','CS COMUNAL DE PIÑERO','PI#EIRO - DISP  COMUNAL',4,11,0,0),(588,4,22,367,13,5,1,'08403708','50820842284466','9','CS SOLDINI','SOLDINI  C S',4,6,0,0),(589,4,12,366,13,7,1,'08404445',NULL,'5','ROSARIO, CTRO  COM. VILLA LA BOCA','ROSARIO, CTRO  COM. VILLA LA BOCA',4,1,0,1),(590,4,27,368,13,6,3,'08404593','50820842285330','9','CS URANGA','URANGA  HOSPITAL',4,11,0,0),(591,4,26,491,13,5,1,'11900351','50821192284794','Y','CS LUIS CRISTALLINI','CAP  BERMUDEZ  C S CRISTALLINI',4,10,0,0),(592,4,26,504,13,5,1,'11900483','50821192284545','9','CS BARRIO NORTE SAN FRANCISCO DE ASIS','SAN LORENZO  C S  B  NORTE',4,10,0,0),(593,4,26,504,13,5,1,'11900491','50821192284515','9','CS BARRIO CAPITAN BERMUDEZ','SAN LORENZO C S B CAP BERMUDEZ',4,10,0,0),(594,4,26,504,13,5,1,'11900505','50821192284569','9','CS BARRIO 3 DE FEBRERO','SAN LORENZO C S B 3 DE FEBRERO',4,10,0,0),(595,4,26,504,13,5,1,'11900513','50821192284533','9','CS BARRIO LEANDRO N ALEM','SAN LORENZO  C S  B  L N ALEM',4,10,0,0),(596,4,26,504,13,5,1,'11900521','50821192284918','9','CS REMEDIOS DE ESCALADA','SAN LORENZO  C S  R ESCALADA',4,10,0,0),(597,4,26,504,13,5,1,'11900530','50821192284571','9','CS BARTOLOME MITRE','SAN LORENZO  C S  B  MITRE',4,10,0,0),(598,4,26,504,13,5,1,'11900548','50821192284741','9','CS JOSE HERNANDEZ (MUN)','CS JOSE HERNANDEZ (Mun)',4,10,0,0),(599,4,26,504,13,5,1,'11900556','50821192284998','9','CS VILLA FELISA','SAN LORENZO  C S  VILLA FELISA',4,10,0,0),(600,4,26,504,13,5,1,'11900564','50821192284577','9','CS BOUCHARD LUIS LELOIR','SAN LORENZO  C S  BOUCH-LELOIR',4,10,0,0),(601,4,26,504,13,5,1,'11900572','50821192285013','9','CS 2 DE ABRIL','SAN LORENZO  C S  2 DE ABRIL',4,10,0,0),(602,4,26,504,13,5,1,'11900581','50821192285008','9','CS 1 DE JULIO','SAN LORENZO  C S  1 DE JULIO',4,10,0,0),(603,4,26,504,13,5,1,'11900599','50821192284532','9','CS BARRIO LAS QUINTAS','SAN LORENZO  C S B LAS QUINTAS',4,10,0,0),(604,4,26,504,13,5,1,'11900629','50821192284709','9','CS FONAVI SAGRADO CORAZON','SAN LORENZO  C S  FONAVI OESTE',4,10,0,0),(605,4,21,492,13,5,4,'11900289','50821192284536','Y','CS BARRIO LOS PINOS','CARCARA#A  C S  LOS PINOS',4,5,0,0),(606,4,26,499,13,6,3,'11900301','50821192284873','Y','CS NUESTRA SEÑORA DE FATIMA- VECINAL BELLA VISTA - PUERTO SAN MARTIN','PUERTO S MARTIN B VISTA  C S',4,10,0,0),(607,4,21,502,13,5,1,'11900327','50821192284999','Y','CS VILLA FLORES','ROLDAN  C S  VILLA FLORES',4,5,0,0),(608,4,26,499,13,6,3,'11900335','50821192284959','9','CS SAN SEBASTIAN','PUERTO SAN MARTIN  C S  S SEBA',4,10,0,0),(609,4,26,491,13,5,3,'11900459','50821192284643','9','CS DON SEGUNDO PILLADO','CAP  BERMUDEZ  C S D S PILLADO',4,10,0,0),(610,4,26,491,13,5,1,'11900688','50821192284920','9','CS ROMULO ZAVALLA','CAPITAN BERMUDEZ  C S  ZAVALLA',4,10,0,0),(611,4,12,366,13,5,1,'08401671','50820842284597','9','CS CASIANO CASAS','ROSARIO  C S  C  CASAS',4,1,0,0),(612,4,12,366,13,5,1,'08402634','50820842285009','Y','CS PRIMERO DE MAYO ','ROSARIO  C S  PRIMERO DE MAYO',4,1,0,0),(613,4,12,366,13,5,1,'08403258','50820842284921','Y','CS ROQUE COULIN','ROSARIO  C S  R  COULIN',4,1,0,0),(614,4,12,366,13,6,1,'08402537',NULL,'Y','VECINAL AMOR AL ESTUDIO (SOLO ENFERMERÍA)','VECINAL AMOR AL ESTUDIO (SOLO ENFERMERÍA)',4,1,0,1),(615,4,12,366,13,5,1,'08403231','50820842284660','Y','CS DR VICTOR CUE','ROSARIO  C S  DR  VICTOR CUE',4,1,0,0),(616,4,12,366,13,5,1,'08402561','50820842284793','Y','CS LUDUEÑA NORTE Y MORENO','ROSARIO  C S  LUDUE*A N Y MORE',4,1,0,0),(617,4,12,104,14,8,4,'02801162','50820282986261','9','CIC VILLA CONSTITUCION DR RAMON CARRILLO','CIC VILLA CONSTITUCIN',4,1,0,0),(618,4,12,366,13,5,1,'08402570','50820842284758','Y','CS LA FLORIDA','ROSARIO  C S  LA FLORIDA',4,1,0,0),(619,4,12,366,13,5,1,'08404291','50820842284469','9','CS CEFERINO NAMUNCURA','ROSARIO  C S  CEFER NAMUNCURA',4,1,0,0),(620,4,12,366,13,6,1,'08404283','50820842284711','9','CS FRANCISCO LAI','ROSARIO  C S VEC FRANCISCO LAI',4,1,0,1),(621,4,12,366,13,5,1,'08402014','50820842284639','Y','CS DR. DAVID STAFFIERI','ROSARIO  C S  STAFIERI',4,1,0,0),(622,4,12,366,13,6,1,'08402022',NULL,'9','ROSARIO, CENTRO DE SALUD GRAL. SAN MARTIN.','ROSARIO  C S  GRAL SAN MARTIN',4,1,0,1),(623,4,12,366,13,5,1,'08402031','50820842284738','9','CS JEAN HENRY DUNNANT','ROSARIO  C S  J HENRY DUNNANT',4,1,0,0),(624,4,12,366,13,5,1,'08402995','50820842284811','Y','CS MAURICIO CASALS','ROSARIO  C S  CASALS',4,1,0,0),(625,4,12,366,13,5,1,'08403274','50820842284673','Y','CS EMAUS - ROSARIO','ROSARIO  C S  EMAUS',4,1,0,0),(626,4,12,366,13,5,1,'08402774','50820842284989','Y','CS VECINAL JULIO A ROCA','ROSARIO  C S VECINAL J A  ROCA',4,1,0,0),(627,4,12,366,13,5,1,'08402723','50820842284987','Y','CS VECINAL ANTONIO PARAVANO','ROSARIO  C S  VEC A  PARAVANO',4,1,0,0),(628,4,12,366,13,5,1,'08403011','50820842285003','Y','CS VILLA URQUIZA','ROSARIO  C S  VEC V URQUIZA',4,1,0,0),(629,4,12,366,13,5,1,'08402596','50820842284967','Y','CS SANTA MARIA JOSEFA ROSELLO','ROSARIO C S  VIC STA M ROSELLO',4,1,0,0),(630,4,12,366,13,5,1,'08402782','50820842284745','Y','CS JUAN PABLO II','ROSARIO  C S  JUAN PABLO II',4,1,0,0),(631,4,12,366,13,5,1,'08404275','50820842286260','9','CS DR ESTEBAN MARADONA- ROSARIO','ROSARIO  C S  DR  E  MARADONA',4,1,0,0),(632,4,12,366,13,5,1,'08401999','50820842284795','Y','CS LUIS PASTEUR','ROSARIO  C S  PASTEUR',4,1,0,0),(633,4,12,366,13,5,1,'08402791','50820842284772','Y','CS LAS FLORES','ROSARIO  C S  LAS FLORES',4,1,0,0),(634,4,12,366,13,5,1,'08403240','50820842284799','Y','CS MARCELINO CHAMPAGNAT','ROSARIO  C S  MARC  CHAMPAGNAT',4,1,0,0),(635,4,12,366,13,5,1,'08404267','50820842284476','9','CS VECINAL BARRIO PLATA','ROSARIO  C S  VEC BARRIO PLATA',4,1,0,0),(636,4,12,366,13,5,1,'08402553','50820842284922','Y','CS RUBEN NARANJO (EX LAS HERAS)','ROSARIO  C S RUBEN NARANJO',4,1,0,0),(637,4,12,366,13,5,1,'08403029','50820842284988','Y','CS VECINAL DOMINGO MATHEU','ROSARIO  C S VECINAL D  MATHEU',4,1,0,0),(638,4,12,366,13,5,1,'08402600','50820842284961','Y','CS SAN VICENTE DE PAUL','ROSARIO  C S  SAN VIC DE PAUL',4,1,0,0),(639,4,12,366,13,5,1,'08403347','50820842284672','Y','CS ELENA BAZET (EX SAN FCO SOLANO)','ROSARIO  C S  ELENA BAZET',4,1,0,0),(640,4,12,366,13,5,1,'08404437','50820842284992','9','CS VECINAL 20 DE JUNIO (EX TIRO SUIZO)','ROSARIO  C S  VEC 20 DE JUNIO',4,1,0,0),(641,4,12,366,13,5,1,'08404429','50820842284979','9','CS SUR- ROSARIO','ROSARIO  C S  SUR (LA PALOMA)',4,1,0,0),(642,4,12,366,13,5,1,'08404411','50820842284890','9','CS PARQUE SUR','ROSARIO  C S V BRIO PARQUE SUR',4,1,0,0),(643,4,12,366,13,5,1,'08404402','50820842284991','9','CS VECINAL SAN MARTIN A','ROSARIO  C S  VEC SAN MARTIN A',4,1,0,0),(644,4,12,366,13,6,1,'08404399','50820842285985','9','DISPENSARIO COMUNAL SAN ROQUE','ROSARIO  C S  SAN ROQUE',4,1,0,0),(645,4,12,366,13,5,1,'08404381','50820842284773','9','CS LAS FLORES ESTE','ROSARIO C S VEC LAS FLORES EST',4,1,0,0),(646,4,2,366,4,5,1,'08404372','50820842184500','9','CS ASISTENCIAL A LA COMUNIDAD','ROSARIO  C A  COMUNIDAD - CEAC',4,3,0,0),(647,4,12,366,13,5,1,'08404364','50820842284562','9','CS BARRIO TOBA','ROSARIO  C S  BARRIO TOBA',4,1,0,0),(648,4,12,366,13,5,1,'08404356','50820842284667','9','CS EL MANGRULLO','ROSARIO  C S  EL MANGRULLO',4,1,0,0),(649,4,26,499,13,6,1,'11904348',NULL,'9','CS VECINAL BELLA VISTA','CS  VEC BELLA VISTA',4,10,0,1),(650,4,12,366,13,5,1,'08402618','50820842284971','Y','CS SANTA TERESITA','ROSARIO  C S  SANTA TERESITA',4,1,0,0),(651,4,12,366,13,5,1,'08404321','50820842284665','9','CS EL GAUCHO','ROSARIO  C S  EL GAUCHO',4,1,0,0),(652,4,12,366,13,5,1,'08404313','50820842284471','9','CS JUANA AZURDUY','ROSARIO  C S  JUANA AZURDUY',4,1,0,0),(653,4,12,366,13,5,1,'08404305','50820842284694','9','CS EVA DUARTE','ROSARIO  C S  EVA DUARTE',4,1,0,0),(654,4,12,366,13,5,1,'08405000','50820842284743','9','CS JUAN B JUSTO','ROSARIO  C S  JUAN B  JUSTO',4,1,0,0),(655,4,12,366,13,5,1,'08405107','50820842284965','Y','CS SANTA LUCIA - ROSARIO','ROSARIO  C S  SANTA LUCIA',4,1,0,0),(656,4,12,366,13,5,1,'08405182','50820842284983','9','CS TIO ROLO','ROSARIO  C S  TIO ROLO',4,1,0,0),(657,4,12,366,13,5,1,'08402057','11820842284265','2','HOSP DE NIÑOS VILELA','ROSARIO  HOSP  NI#OS V  VILELA',4,1,1,0),(658,4,12,366,13,5,1,'08402065','10820842284077','0','HOSP DE EMERGENCIAS DR CLEMENTE ALVAREZ','ROSARIO  HOSP  CLEM  ALVAREZ',4,1,1,0),(659,4,12,366,13,5,1,'08402090','10820842284085','8','HOSP INTENDENTE GABRIEL CARRASCO','ROSARIO  POLICLINICO CARRASCO',4,1,1,0),(660,4,12,366,13,5,1,'08402286','10820842284080',NULL,'HOSPITAL ROQUE SAENZ PEÑA','HOSP R SAENZ PENA',4,1,1,0),(661,4,12,366,13,5,1,'08402154','14820842284376','7','INSTITUTO DE LUCHA ANTIPOLIOMIELITICA Y REHABILITACION DEL LISIADO (ILAR)','ROSARIO  INST LUCHA ANTIPOLIOM',4,1,1,0),(662,4,12,366,13,5,1,'08402235','12820842284276','1','MATERNIDAD MARTIN','ROSARIO  MATERNIDAD MARTIN',4,1,1,0),(663,4,12,366,13,5,1,'08402278','10820842284078','0','HOSP DR JUAN BAUTISTA ALBERDI','ROSARIO  POLICL  J  B  ALBERDI',4,1,1,0),(664,4,26,504,13,5,1,'11900602','50821192284537','9','CS BARRIO MARIANO MORENO','SAN LORENZO  C S  B MORENO',4,10,0,0),(665,4,26,491,13,5,3,'11900734','50821192284520','9','CS BARRIO COPELLO','CAP BERMUDEZ  C S  B  COPELLO',4,10,0,0),(666,2,14,397,4,1,3,'09100691','50820912184877','9','CS ÑANDUCITA','NANDUCITA  CETRO SALUD',2,1,0,0),(667,4,26,491,13,5,3,'11900726','50821192284529','9','CS BARRIO LA POSTA','CAP BERMUDEZ  C S  B  LA POSTA',4,10,0,0),(668,4,9,15,4,3,3,'01400415','50820142284875','9','CS NUEVA ROMA 2','CASILDA  C S  NUEVA ROMA',4,4,0,0),(669,4,26,499,13,6,1,'11900751','50821192284505','9','CS BARRIO FATIMA - PUERTO SAN MARTIN','CTRO SALUD BO FATIMA',4,10,0,0),(670,4,21,502,13,5,1,'11900769','50821192284573','9','CS BEAUDRIX','CENTRO BEAUDRIX',4,5,0,0),(671,5,11,168,13,6,1,'04201847','50820422284595','9','CS CASA AMIGA','CTRO SALUD CASA AMIGA',5,1,0,1),(672,4,26,499,13,6,3,'11900742','50821192284598','9','CS CATALINA SALOMON','CTRO CATALINA SALOMON',4,10,0,0),(673,3,13,288,13,6,1,'07000907',NULL,'9','ESPERANZA, CENTRO DE SALUD VECINAL NORTE','ESPERANZA  C S  VECINAL NORTE',3,1,0,1),(674,3,4,263,4,3,3,'06301440','50820632184610','Y','CS COLASTINE SUR','CS COLASTINE SUR',3,3,0,0),(675,4,25,104,13,6,3,'02800484','50820282284796','9','CS LUZURIAGA','CENTRO SALUD LUZURIAGA',4,9,0,0),(676,4,27,354,13,6,3,'08405244','50820842284635','9','CS COSTA PARANA','FIGHIERA  C S  COSTA PARANA',4,11,0,0),(677,5,11,141,13,6,1,'04201812','50820422284542','9','CS BARRIO NADAL','FIRMAT  C S BARRIO NADAL',5,1,0,0),(678,3,6,293,13,5,3,'07000893','50820702284622','9','CS COLONIA NUEVA','HUMBOLDT  C S  COLONIA NUEVA',3,7,0,0),(679,3,20,267,13,6,3,'06309383','50820632284550','9','CS BARRIO PEYRANO','LAGUNA PAIVA  C S  B  PEIRANO',3,13,0,0),(680,3,20,267,13,6,3,'06309384','50820632284534','9','CS LOS HORNOS NORTE','CS LOS HORNOS NORTE',3,13,0,0),(681,3,20,267,13,6,3,'06309385','50820632285001','9','CS VILLA OBRERO','LAGUNA PAIVA  C S  V  OBRERO',3,13,0,1),(682,4,12,366,13,5,1,'08402626',NULL,'Y','ROSARIO, CENTRO DE SALUD HOGAR DEL HUERFANO.','ROSARIO  C S  H DEL HUERFANO',4,1,0,0),(683,4,25,96,13,6,3,'02800441','50820282284467','9','CS BARRIO MITRE','CS BARRIO MITRE',4,9,0,0),(684,4,12,366,13,5,1,'08403321',NULL,'Y','CENTRO DE SALUD MELVIN JONES (ROSARIO)','ROSARIO  C S N JONES',4,1,0,0),(685,4,12,366,13,5,1,'08400429','50820842284990','Y','CS ALICIA MOREAU DE JUSTO','ROSARIO  C S  VEC NVO ALBERDI',4,1,0,0),(686,5,11,157,13,6,1,'04201561','50820422284608','9','CS CLUB BELGRANO- RUFINO','RUFINO  C S  CLUB BELGRANO',5,1,0,1),(687,4,12,366,13,5,1,'08400666','13820842284283','8','CS GERONTOCOMIO MUNICIPAL','ROSARIO  GERONTOCOMIO MUNIC',4,1,1,0),(688,3,18,279,4,4,4,'06309397','50820632184724','9','CS GUADALUPE CENTRAL PADRE TRUCCO','SANTA FE  C S GPE CENTRAL',3,11,0,0),(689,3,17,279,4,4,3,'06309395','50820632185979','9','CIC CALLEJON ROCA','SANTA FE  CS SAN PANTALEON(T)',3,10,0,1),(690,5,11,168,13,6,1,'04201472','50820422284746','9','CS JUAN XXIII','VENADO TUERTO CS JUAN XXIII',5,1,0,0),(691,4,12,5,13,5,10,'00700661','50820072184574','9','CS BELGRANO- LAS PAREJAS','C S  BELGRANO',4,1,0,0),(692,3,17,279,4,3,3,'06309391','50820632185035','9','CIC LOYOLA SUR','LOYOLA SUR',3,10,0,0),(693,4,12,5,13,5,10,'00700679','50820072184789','9','CS LOS UCLES','C S  LOS UCLES',4,1,0,0),(694,4,12,5,13,5,10,'00700687','50820072184926','9','CS SALBOR','C S  SALBOR',4,1,0,0),(695,4,12,27,13,5,3,'01400300',NULL,'Y','SAN JOSE DE LA ESQUINA,CONSULTORIO PERIF. B.CARLOS','SAN JOSE DE LA ESQUINA  C P O',4,1,0,1),(696,2,14,70,NULL,8,1,'02100181',NULL,'Y','CONS MEDICO JEFATURA DE POLICIA','CONS MEDICO JEFATURA DE POLICIA',2,1,0,1),(697,2,14,70,NULL,8,4,'02100342',NULL,'Y','RAFAELA, DISPENSARIO CENTRAL DE VIAS RESPIRATORIAS','RAFAELA  DISP  CTRAL VIAS RESP',2,1,0,1),(698,2,14,76,13,5,3,'02101946','50820212184839','9','CS NRO 2 ENA RICHIGER- Bº 9 DE JULIO','CS RICHIGER Bº 9 DE JULIO',2,1,0,0),(699,4,12,104,NULL,8,3,'02800336',NULL,'Y','VILLA CONSTITUCION, DISPENSARIO PARQUE GALOTO.','VILLA CONSTITUCION, DISPENSARIO PARQUE GALOTO.',4,1,0,1),(700,1,15,219,NULL,8,1,'04900265',NULL,NULL,'ESCUADRON SANIDAD TERCERA BRIGADA AEREA','ESCUADRON SANIDAD TERCERA BRIGADA AEREA',1,1,1,1),(701,1,15,219,NULL,8,1,'04900664',NULL,'Y','RECONQUISTA - FEDERACION COOPERADORAS ESCOLARES.-','RECONQUISTA - FEDERACION COOPERADORAS ESCOLARES.-',1,1,0,1),(702,1,15,219,NULL,8,1,'04900737',NULL,'9','BARRIO MARIANO MORENO - CONS. ODONTOLOGICO','BARRIO MARIANO MORENO - CONS. ODONTOLOGICO',1,1,0,1),(703,1,15,219,4,3,3,'04901202','50820492184889','9','CS PARQUE INDUSTRIAL','CTRO DE SALUD PARQUE INDUSTRIA',1,1,0,0),(704,1,15,219,13,3,3,'04901783','50820492186014','9','CENTRO ASISTENCIAL NUEVA FE','CENTRO ASISTENCIAL NUEVA FE',1,1,0,0),(705,1,15,174,13,3,3,'04901792','50820492186121','9','CS EL CARMEN','CTRO ASISTENCIAL EL CARMEN',1,1,0,0),(706,1,15,197,4,3,1,'04901801','50820492184760','9','CS LA LOLA','CTRO ASISTENCIAL LA LOLA',1,1,0,0),(707,1,15,219,13,3,3,'04901810','50820492185028','9','CIC BARRIO AMERICA','CIC BARRIO AMERICA',1,1,0,0),(708,1,15,189,13,3,1,'04901819','50820492185034','9','CIC FLORENCIA','CIC FLORENCIA',1,1,0,0),(709,4,12,242,NULL,8,3,'05600320',NULL,'Y','COLONIA MEDICCI, SALA DE PRIMEROS AUXILIOS.','COLONIA MEDICCI  SALA PR AUXIL',4,1,0,1),(710,3,13,279,4,8,1,'06300117',NULL,'0','SANTA FE, DROGUERIA PENITENCIARIA','SANTA FE, DROGUERIA PENITENCIARIA',3,1,1,0),(711,3,13,279,NULL,8,1,'06300176',NULL,NULL,'SERVICIO DE SANIDAD GADA 121','SERVICIO DE SANIDAD GADA 121',3,1,1,1),(712,3,13,273,NULL,8,1,'06300346',NULL,NULL,'SERV DE SANIDAD DEL LICEO MILITAR GRAL BELGRAN','SERV DE SANIDAD DEL LICEO MILITAR GRAL BELGRAN',3,1,1,1),(713,3,13,280,NULL,8,1,'06300443',NULL,NULL,'SERV DE SAN AGRUP ING ANFIBIOS 601','SERV DE SAN AGRUP ING ANFIBIOS 601',3,1,1,1),(714,3,13,279,NULL,8,1,'06301555',NULL,'Y','SANTA FE, LANCHA SANITARIA.','SANTA FE, LANCHA SANITARIA.',3,1,0,1),(715,3,13,279,NULL,8,1,'06301938',NULL,'Y','SANTA FE - CTRO. DE SALUD NRO. 01.-','SANTA FE - CTRO. DE SALUD NRO. 01.-',3,1,0,1),(716,3,13,279,NULL,8,1,'06301954',NULL,'Y','SANTA FE - UNIDAD MOVIL NRO. 01 - CONSULTORIO ODON','SANTA FE - UNIDAD MOVIL NRO. 01 - CONSULTORIO ODON',3,1,0,1),(717,3,13,288,NULL,8,1,'07000052',NULL,'Y','ESPERANZA, UNIDAD REGIONAL XI.','ESPERANZA, UNIDAD REGIONAL XI.',3,1,0,1),(718,4,12,366,NULL,8,1,'08400178',NULL,NULL,'ROSARIO, INSTITUTO DE DETENCION UNIDAD III.','ROSARIO, INSTITUTO DE DETENCION UNIDAD III.',4,1,1,1),(719,4,12,366,NULL,8,1,'08400194',NULL,'9','CENTRO DE SALUD ORAL N 3','CENTRO DE SALUD ORAL N 3',4,1,0,1),(720,4,12,366,NULL,8,1,'08400321',NULL,'Y','ROSARIO, ESCUELA DE POLICIA.','ROSARIO, ESCUELA DE POLICIA.',4,1,0,1),(721,4,12,366,NULL,8,1,'08400631',NULL,'Y','ROSARIO, HOGAR ESCUELA DR. LANFRANCO CIAMPI.','ROSARIO, HOGAR ESCUELA DR. LANFRANCO CIAMPI.',4,1,0,1),(722,4,12,366,4,3,3,'08400739','50820842184880','9','CS ORAL NRO 4-ESCUELA NRO 615','CS ORAL NRO 4-ESCUELA NRO 615',4,1,0,1),(723,4,12,366,NULL,8,1,'08400933',NULL,'Y','CENTRO ODONTOLOGICO','CENTRO ODONTOLOGICO',4,1,0,1),(724,4,12,366,NULL,8,1,'08401573',NULL,'Y','SERVICIO DE SALUD ORAL N 1','SERVICIO DE SALUD ORAL N 1',4,1,0,1),(725,4,12,366,2,8,1,'08401581',NULL,'Y','DESTACAMENTO II GENDARMERIA NACIONAL','DESTACAMENTO II GENDARMERIA NACIONAL',4,1,0,0),(726,4,12,366,NULL,8,1,'08401611',NULL,'Y','SERVICIO DE SALUD ORAL N 2','SERVICIO DE SALUD ORAL N 2',4,1,0,1),(727,4,12,366,NULL,8,1,'08401697',NULL,'Y','ROSARIO, CENTRO ASISTENCIAL CARCEL BUEN PASTOR.','ROSARIO, CENTRO ASISTENCIAL CARCEL BUEN PASTOR.',4,1,0,1),(728,4,12,366,NULL,8,1,'08401972',NULL,'Y','ROSARIO, DISPENSARIO ANTITUBERCULOSO.','ROSARIO  DISP  ANTITUBERCULOSO',4,1,0,1),(729,4,12,366,NULL,8,1,'08402308',NULL,NULL,'BATALLON DE COMUNICACIONES DE COMANDO 121','BATALLON DE COMUNICACIONES DE COMANDO 121',4,1,1,1),(730,4,12,357,NULL,8,1,'08403517',NULL,'Y','GRANADERO BAIGORRIA - ESCUELA NRO. 1238.-','GRANADERO BAIGORRIA - ESCUELA NRO. 1238.-',4,1,0,1),(731,4,21,355,13,5,1,'08408203','50820842284647','9','CS DR ABEL E FAUST','CENTRO DE SALUD ABEL FAUST',4,5,0,0),(732,2,14,402,4,3,4,'09100704','50820912184740','9','CS JOSE DHO','SAN CRISTOBAL  CENTRO JOSE DHO',2,1,0,0),(733,3,8,428,4,3,3,'09800196','50820982184946','Y','CS SAN JOAQUIN','SAN JOAQUIN  C S',3,5,0,1),(734,3,13,441,NULL,8,5,'10500082',NULL,NULL,'CORONDA, INSTITUTO CORRECCIONAL MODELO UNIDAD I.','CORONDA, INSTITUTO CORRECCIONAL MODELO UNIDAD I.',3,1,1,1),(735,1,15,227,13,5,3,'04901981','50820492185047','9','CIC VILLA OCAMPO','CIC VILLA  OCAMPO',1,1,0,0),(736,3,5,483,13,5,1,'11201054','50821122185014','9','CS 24 DE SETIEMBRE','CENTRO APS 24 DE SEPTIEMBRE',3,8,0,0),(737,4,12,494,NULL,8,1,'11900068',NULL,'9','SECCION SANIDAD FABRICA MILITAR','SECCION SANIDAD FABRICA MILITAR',4,1,0,1),(738,4,12,494,NULL,8,1,'11900254',NULL,NULL,'SERVICIO DE SANIDAD BATALLON ARSENALES 121','SERVICIO DE SANIDAD BATALLON ARSENALES 121',4,1,1,1),(739,4,12,504,NULL,8,1,'11900718',NULL,'9','SAN LORENZO, CENTRO PERIFERICOS ABASTECIMIENTOS','SAN LORENZO, CENTRO PERIFERICOS ABASTECIMIENTOS',4,1,0,1),(740,5,11,13,NULL,8,1,'01400261',NULL,'Y','ESCUELA FISCAL 215 CONSULTORIO ODONTOLOGICO','ESCUELA FISCAL 215 CONSULTORIO ODONTOLOGICO',5,1,0,1),(741,2,14,70,NULL,8,1,'02100334',NULL,'Y','CONSULT ODONTOL COLEGIO NAC L R DE BARREIRO','CONSULT ODONTOL COLEGIO NAC L R DE BARREIRO',2,1,0,1),(742,2,14,42,4,1,4,'02100725',NULL,'Y','CENTRO DE SALUD COLONIA CELLO','C S  COLONIA CELLO',2,1,0,1),(743,2,14,70,NULL,8,4,'02100822',NULL,'Y','RAFAELA, AREA REGIONAL LUCHA MAL DE CHAGAS.','RAFAELA  AREA REG LUCHA CHAGAS',2,1,0,1),(744,2,14,58,NULL,8,1,'02100954',NULL,'Y','HUMBERTO PRIMERO - ESCUELA NRO. 464.-','HUMBERTO PRIMERO - ESCUELA NRO. 464.-',2,1,0,1),(745,2,14,70,NULL,8,1,'02101225',NULL,'9','RAFAELA, CTRO. COM. VILLA SAN JOSE','RAFAELA  C C  VILLA SAN JOSE',2,1,0,1),(746,5,11,85,NULL,8,1,'02800361',NULL,'Y','BOMBAL - ESCUELA FISCAL 6214.-','BOMBAL - ESCUELA FISCAL 6214.-',5,1,0,1),(747,5,11,168,NULL,8,4,'04201162',NULL,'9','VENADO TUERTO, CENTRO PERIFERICO DE SALUD NRO 1.','VENADO TUERTO  C P  NRO 1BRERO',5,1,0,1),(748,5,11,169,NULL,8,3,'04201171',NULL,'Y','VILLA CAÑAS, SERVICIO PERIFERICO BARRIO VILA.','VILLA CAÑAS, SERVICIO PERIFERICO BARRIO VILA.',5,1,0,1),(749,5,11,168,NULL,8,1,'04201227',NULL,'Y','VENADO TUERTO - ESCUELA DE LOS 100 A|OS.-','VENADO TUERTO - ESCUELA DE LOS 100 A|OS.-',5,1,0,1),(750,1,15,219,4,3,3,'04900630',NULL,'Y','RECONQUISTA, CENTRO ASISTENCIAL ISLAS MALVINAS.','RECONQUISTA  C A  ISLAS MALVIN',1,1,0,1),(751,1,15,219,4,3,1,'04900672',NULL,'9','RECONQUISTA, CENTRO ASISTENCIAL BARRIO NORESTE.','RECONQUISTA  C A  B  NORESTE',1,1,0,1),(752,1,15,219,NULL,8,1,'04900770',NULL,'9','RECONQUISTA - CONS. MOVIL','RECONQUISTA-CONS MOVIL',1,1,0,1),(753,3,13,279,NULL,8,1,'06300125',NULL,'Y','INSTITUTO NACIONAL DE TUBERCULOSIS','INSTITUTO NACIONAL DE TUBERCULOSIS',3,1,0,1),(754,3,13,279,NULL,8,4,'06300192',NULL,'9','SANTA FE, CENTRO ASISTENCIAL NRO.11 DR.LORENZO GAR','SANTA FE, CENTRO ASISTENCIAL NRO.11 DR.LORENZO GAR',3,1,0,1),(755,3,13,279,5,8,3,'06300214',NULL,'Y','CENTRO ASISTENCIAL CASA DE GOBIERNO','C A  CASA  GOBIERNO',3,1,0,0),(756,3,13,279,NULL,8,1,'06300265',NULL,'2','SANTA FE, HOSPITAL DE NIÑOS DR. RICARDO GUTIERREZ.','SANTA FE  HOSP  DE NINOS R GU',3,1,1,1),(757,3,13,279,NULL,8,1,'06300389',NULL,NULL,'SERVICIO DE SANIDAD COMANDO ARTILLERIA 121','SERVICIO DE SANIDAD COMANDO ARTILLERIA 121',3,1,1,1),(758,3,13,279,NULL,8,1,'06300494',NULL,'Y','SANTA FE, CENTRO ASISTENCIAL FRIGORIFICO MUNICIPAL','SANTA FE, CENTRO ASISTENCIAL FRIGORIFICO MUNICIPAL',3,1,0,1),(759,3,13,279,NULL,8,4,'06300575',NULL,'Y','SANTA FE, CENTRO ASISTENCIAL CENTRO CIVICO GUBERNA','SANTA FE  C A  CENTRO CIVICO',3,1,0,1),(760,3,13,279,4,3,1,'06300796',NULL,'Y','LABORATORIO INDUSTRIAL FARMACEUTICO','LABORATORIO INDUSTRIAL FARMACEUTICO',3,1,0,0),(761,3,13,279,1,8,1,'06301415',NULL,NULL,'CENTRO NACIONAL DE RECONOCIMIENTOS MEDICOS','CENTRO NACIONAL DE RECONOCIMIENTOS MEDICOS',3,1,0,1),(762,3,13,279,NULL,8,1,'06301547',NULL,'8','SANTA FE, INSTITUTO NACIONAL REGIONAL ONCOLOGICO.','SANTA FE  INST NAC REG ONCOLOG',3,1,1,1),(763,3,13,279,NULL,8,1,'06301571',NULL,'Y','DEPARTAMENTO DE LA SALUD LABORAL','DEPARTAMENTO DE LA SALUD LABORAL',3,1,0,1),(764,3,13,279,NULL,8,3,'06301598',NULL,'Y','SANTA FE, BARRIO SAN CAYETANO.','SANTA FE, BARRIO SAN CAYETANO.',3,1,0,1),(765,3,13,279,4,3,4,'06301776',NULL,'Y','SANTA FE, C.G.T.CENTRO DE ATENCION MEDICA PARA DES','SANTA FE, C.G.T.CENTRO DE ATENCION MEDICA PARA DES',3,1,0,1),(766,3,17,279,NULL,8,3,'06301862',NULL,'9','CTRO COM. BO. CABAL','CTRO COM. BO. CABAL',3,10,0,1),(767,3,17,279,4,3,3,'06301881',NULL,'9','CENTRO COMUN BARRIO LOS HORNOS','CENTRO COMUN BARRIO LOS HORNOS',3,10,0,1),(768,3,13,273,6,8,1,'06301903',NULL,NULL,'CS MELVIN JONES','CS MELVIN JONES',3,1,0,0),(769,3,13,279,NULL,3,1,'06301911',NULL,'Y','SANTA FE - ESCUELA H. IRIGOYEN NRO. 1109.-','SANTA FE - ESCUELA H. IRIGOYEN NRO. 1109.-',3,1,0,1),(770,3,13,279,NULL,3,1,'06301920',NULL,'Y','SANTA FE - BARRIO SAN AGUSTIN - ESC. NRO 287.-','SANTA FE - BARRIO SAN AGUSTIN - ESC. NRO 287.-',3,1,0,1),(771,3,13,279,NULL,8,1,'06301946',NULL,'Y','SANTA FE - CTRO. DE SALUD NRO. 02 - ESCUELA DRAGO.','SANTA FE - CTRO. DE SALUD NRO. 02 - ESCUELA DRAGO.',3,1,0,1),(772,3,13,279,NULL,8,1,'06301962',NULL,'9','SANTA FE, CENTRO COMUNITARIO BARRIO CABAL.','SANTA FE, CENTRO COMUNITARIO BARRIO CABAL.',3,1,0,1),(773,3,13,279,NULL,8,1,'06301989',NULL,'Y','SANTA FE - TRAILER LA ESMERALDA','SANTA FE  TRAILER LA ESMERALDA',3,1,0,1),(774,5,11,570,NULL,1,1,'01409366',NULL,'9','CABAÑA LEIVA, DISPENSARIO CABAÑA LEIVA','CABANA LEIVA  DISPENSARIO',5,1,0,1),(775,3,13,309,NULL,8,4,'07000371',NULL,'9','SAN CARLOS CENTRO, S.A.M.CO.','SAN CARLOS CENTRO  S A M CO',3,1,0,1),(776,3,13,309,NULL,8,4,'07000591',NULL,'Y','SAN CARLOS CENTRO, CENTRO COMUNITARIO DE SALUD B.G','SAN CARLOS CENTRO, CENTRO COMUNITARIO DE SALUD B.G',3,1,0,1),(777,3,13,309,NULL,3,1,'07000621',NULL,'Y','SAN CARLOS CENTRO - SINDICATO DEL VIDRIO.-','SAN CARLOS CENTRO - SINDICATO DEL VIDRIO.-',3,1,0,1),(778,2,14,341,NULL,8,1,'07700071',NULL,'Y','CENTRO ACCION FAMILIAR N 7','CENTRO ACCION FAMILIAR N 7',2,1,0,1),(779,4,12,357,NULL,8,1,'08400089',NULL,'Y','GRANADERO BAIGORRIA, CONSULTORIO EXTERNO.','GRANADERO BAIGORRIA, CONSULTORIO EXTERNO.',4,1,0,1),(780,4,12,366,NULL,8,1,'08400143',NULL,'Y','ROSARIO, SERVICIO DOMICILIARIO DE URGENCIA.','ROSARIO, SERVICIO DOMICILIARIO DE URGENCIA.',4,1,0,1),(781,4,12,366,NULL,8,1,'08400461',NULL,'Y','DIRECCION DE BROMATOLOGIA','DIRECCION DE BROMATOLOGIA',4,1,0,1),(782,4,12,366,NULL,8,1,'08400615',NULL,'Y','DIVISION DE HIGIENE ESCOLAR','DIVISION DE HIGIENE ESCOLAR',4,1,0,1),(783,4,12,366,NULL,8,1,'08400682',NULL,'Y','ROSARIO, DIVISION HIGIENE SOCIAL.','ROSARIO  DIV  HIGIENE SOCIAL',4,1,0,1),(784,4,12,366,NULL,8,1,'08400691',NULL,'Y','ROSARIO, INSTITUTO ANTIRRABICO HUMANO.','ROSARIO  INST ANTIRRABICO HUM',4,1,0,1),(785,4,12,366,4,3,2,'08400712',NULL,'Y','CENTRO REGIONAL DE HEMOTERAPIA','CENTRO REGIONAL DE HEMOTERAPIA',4,1,0,0),(786,4,12,366,NULL,8,1,'08401000',NULL,NULL,'ROSARIO, SANIDAD POLICIAL.','ROSARIO, SANIDAD POLICIAL.',4,1,1,1),(787,4,12,366,4,3,3,'08401051','50820842184686','Y','ESCUELA NRO 616 REPUBLICA DE VENEZUELA','CENTRO DE SALUD ESCUELA 616 RE',4,1,0,1),(788,4,12,366,13,8,1,'08401123',NULL,'Y','DROGUERIA CENTRAL DE LA MUNIC. DE ROSARIO','DROGUERIA CENTRAL DE LA MUNIC. DE ROSARIO',4,1,0,0),(789,4,12,366,NULL,8,1,'08401590',NULL,'Y','CAJA DE PREV SOC DE LA DIREC GRAL F MILITARES','CAJA DE PREV SOC DE LA DIREC GRAL F MILITARES',4,1,0,1),(790,4,12,366,NULL,8,1,'08402006',NULL,'Y','ROSARIO, ESTACION SANITARIA PUERTO ROSARIO.','ROSARIO, ESTACION SANITARIA PUERTO ROSARIO.',4,1,0,1),(791,2,14,70,4,3,10,'02102252','50820212185037','9','CIC RAFAELA','CIC RAFAELA',2,1,0,1),(792,4,12,366,NULL,8,1,'08402545',NULL,'Y','ROSARIO, HERTZ Y LA BAJADA.','ROSARIO, HERTZ Y LA BAJADA.',4,1,0,1),(793,4,12,366,NULL,8,1,'08402766',NULL,'Y','ROSARIO, LIBRETA SANITARIA.','ROSARIO, LIBRETA SANITARIA.',4,1,0,1),(794,4,12,366,NULL,8,1,'08403002',NULL,'Y','ROSARIO, VECINAL 2 DE ABRIL.','ROSARIO  VECINAL 2 DE ABRIL',4,1,0,1),(795,4,12,366,NULL,8,1,'08403037',NULL,'Y','ROSARIO, VECINAL NICOLAS REPETTO.','ROSARIO, VECINAL NICOLAS REPETTO.',4,1,0,1),(796,4,12,366,NULL,8,4,'08403193',NULL,'9','ROSARIO, CENTRO COMUNITARIO DE SALUD NRO. 1. MALVI','ROSARIO, CENTRO COMUNITARIO DE SALUD NRO. 1. MALVI',4,1,0,1),(797,4,12,366,NULL,8,1,'08403339',NULL,'Y','ROSARIO, ESCUELA GUADALUPE.','ROSARIO, ESCUELA GUADALUPE.',4,1,0,1),(798,4,12,366,NULL,8,1,'08403495',NULL,'Y','ROSARIO, CASA DEL SOL ZONA SUR. ( NO FUNCIONA )','ROSARIO, CASA DEL SOL ZONA SUR. ( NO FUNCIONA )',4,1,0,1),(799,4,12,366,4,3,3,'08403509',NULL,'9','ROSARIO, SUB-CENTRO COMUNITARIO NRO.1 VILLA NUEVA.','ROSARIO, SUB-CENTRO COMUNITARIO NRO.1 VILLA NUEVA.',4,1,0,1),(800,4,12,365,NULL,8,1,'08403525',NULL,'Y','PUEBLO NUEVO - ESCUELA NRO. 100.-','PUEBLO NUEVO - ESCUELA NRO. 100.-',4,1,0,1),(801,4,12,366,4,3,3,'08403533','50820842184681','Y','ESCUELA NRO 2050 DIFERENCIAL.','ESCUELA NRO 2050 DIFERENCIAL.',4,1,0,0),(802,4,12,366,4,3,3,'08403541','50820842186536','Y','ESCUELA NRO 1078 J KENNEDY ','ESC N 1078 J KENNEDY',4,1,0,1),(803,4,12,366,4,3,3,'08403550','50820842184679','Y','ESCUELA NRO 109 CHASSAING JUAN','ESCUELA NRO 109 CHASSAING JUAN',4,1,0,0),(804,4,12,366,4,3,3,'08403568','50820842186535','Y','ESCUELA NRO 91 EEUU DEL BRASIL ','ESC N 91 EEUU DEL BRASIL',4,1,0,1),(805,4,12,366,NULL,8,1,'08403576',NULL,'Y','ROSARIO, ESCUELA NRO. 1279 BRIGADIER LOPEZ.-','ROSARIO, ESCUELA NRO. 1279 BRIGADIER LOPEZ.-',4,1,0,1),(806,4,12,366,4,3,3,'08403584','50820842285009','Y','CS PRIMERO DE MAYO','CS PRIMERO DE MAYO',4,1,0,1),(807,4,12,366,4,3,3,'08403592',NULL,'Y','ESCUELA NRO 799 ESCUDERO - CS NRO 22 GONZALEZ LOZA','ESC N 799 ESCUDERO',4,1,0,1),(808,4,12,366,4,3,3,'08403606',NULL,'Y','ESCUELA NRO 613 OVIDIO LAGOS - CS NRO 7-12 DE OCTUBRE','ESC N 613 OVIDIO LAGOS',4,1,0,1),(809,4,12,366,NULL,8,1,'08403614',NULL,'Y','ROSARIO, ESCUELA NRO. 456 CARLOS PELLEGRINI.-','ROSARIO, ESCUELA NRO. 456 CARLOS PELLEGRINI.-',4,1,0,1),(810,4,12,366,4,3,3,'08403622','50820842184680','Y','ESCUELA NRO 1275 FRAY LUIS BELTRAN-CS NRO 3 - 7 DE SEPTIEMBRE','ESCUELA NRO 1275 FRAY LUIS BELTRAN-CS NRO 3 - 7 DE',4,1,0,1),(811,4,12,366,NULL,8,1,'08403631',NULL,'Y','ROSARIO, UNIDAD MOVIL NRO. 2 LEALTAD.-','ROSARIO, UNIDAD MOVIL NRO. 2 LEALTAD.-',4,1,0,1),(812,4,12,366,NULL,8,1,'08404241',NULL,'9','DISPENSARIO SOLIDARIDAD','DISP  SOLIDARIDAD',4,1,0,1),(813,4,12,366,NULL,8,1,'08404330',NULL,'9','VECINAL SANTA TERESITA II','VECINAL SANTA TERESITA II',4,1,0,1),(815,4,12,366,NULL,8,1,'08405026',NULL,'9','ROSARIO - CTRO. COM. SALADILLO FE','ROSARIO-CTRO COM SALADILLO FE',4,1,0,1),(816,4,12,366,13,5,3,'08405123',NULL,'Y','ROSARIO, VECINAL ANGEL INVALDI','ROSARIO, VECINAL ANGEL INVALDI',4,1,0,1),(817,4,12,366,13,5,1,'08405131','50820842284659','Y','CS DR SALVADOR MAZZA','ROSARIO C S  SALVADOR MAZZA',4,1,0,0),(818,3,13,412,NULL,3,3,'09800072',NULL,'Y','COLONIA LA MARIA, CENTRO COMUNITARIO.','COLONIA LA MARIA, CENTRO COMUNITARIO.',3,1,0,1),(819,3,13,446,NULL,8,1,'10500295',NULL,'Y','CONSULTORIO ODONTOLOGICO ESCUELA N 290','CONSULTORIO ODONTOLOGICO ESCUELA N 290',3,1,0,1),(820,4,12,458,13,5,1,'10500333',NULL,'1','SAN GENARO NORTE, MATERNIDAD FACUNDO T. LARGUIA.','SAN GENARO NORTE, MATERNIDAD FACUNDO T. LARGUIA.',4,1,0,1),(821,4,12,500,4,3,3,'11900319',NULL,'Y','PUJATO, CENTRO COMUNITARIO DE SALUD EVA PERON.','PUJATO, CENTRO COMUNITARIO DE SALUD EVA PERON.',4,1,0,1),(822,4,12,491,NULL,8,1,'11900343',NULL,'9','CAPITAN BERMUDEZ, CENTRO DE SALUD DR.RAMON CARRILL','CAP  BERMUDEZ  C S  R CARRILLO',4,1,0,1),(823,4,26,491,4,1,3,'11900378','50821192184685','Y','ESCUELA NRO 223 TTE GRAL RICHIERI','ESCUELA NRO 223 TTE GRAL RICHIERI',4,10,0,0),(824,4,12,504,NULL,8,1,'11900611',NULL,'9','SAN LORENZO, CTRO. SALUD B. SUPE','SAN LORENZO C S B SUPE',4,1,0,1),(825,1,15,562,NULL,8,1,'13300335',NULL,'Y','VERA - ESCUELA NRO. 440.-','VERA - ESCUELA NRO. 440.-',1,1,0,1),(826,1,15,537,NULL,8,1,'13300343',NULL,'Y','FORTIN OLMOS - UNIDAD MOVIL NRO. 03 - CONSULTORIO','FORTIN OLMOS - UNIDAD MOVIL NRO. 03 - CONSULTORIO',1,1,0,1),(827,1,15,558,NULL,8,1,'13300351',NULL,'Y','SANTA FELICIA - UNIDAD MOVIL NRO. 04 - CONSULTORIO','SANTA FELICIA - UNIDAD MOVIL NRO. 04 - CONSULTORIO',1,1,0,1),(828,1,15,542,4,3,3,'13300386','50821332184750','9','KM.101, CTRO. ASISTENCIAL','KM.101, CTRO. ASISTENCIAL',1,1,0,1),(829,4,12,366,13,5,1,'08417484','50820842286101','9','CS VECINAL AMOR AL ESTUDIO','CTRO VEC  AMOR AL ESTUDIO',4,1,0,0),(830,4,12,366,13,5,1,'08417493','50820842284472','9','CS JOSE RAUL UGARTE','CTRO LIC  JOSE RAUL UGARTE',4,1,0,0),(831,4,12,366,13,5,1,'08417502','50820842284493','9','CS VECINAL ANGEL INVALDI','CENTRO SALUD ANGEL INVALDI',4,1,0,0),(832,4,12,366,13,5,1,'08417511','50820842284642','9','CS DEBORA FERRANDINI','CTRO SALUD DEBORA FERRANDINI',4,1,0,0),(833,4,12,366,13,5,1,'08417520','50820842284791','9','CS LUCHEMOS POR LA VIDA','CTRO LUCHEMOS POR LA VIDA',4,1,0,0),(834,4,12,366,13,5,1,'08417529','50820842284747','9','CS JULIO MAIZTEGUI (EX SAN ROQUE)','CTRO JULIO MAIZTEGUI',4,1,0,0),(835,4,12,366,13,5,1,'08417538','50820842284898','9','CS POCHO LEPRATTI','CTRO SALUD POCHO LEPRATTI',4,1,0,0),(836,4,12,366,13,5,1,'08417547','50820842284953','9','CS SAN MARTIN - ROSARIO','CENTRO SAN MARTIN',4,1,0,0),(837,4,12,366,13,5,1,'08417565','50820842284808','9','CS MARTIN','CENTRO MARTIN',4,1,0,0),(838,4,12,366,13,5,1,'08417574','50820842284444','9','CENTRO DE ESPECIALIDADES MEDICAS AMBULATORIAS (CEMAR)','CEMAR',4,1,0,0),(839,3,13,428,4,3,3,'09800536','50820982185033','9','CIC DR MARIO BARONI','CIC DR MARIO BARONI',3,1,0,1),(840,3,3,276,14,5,3,'06307536','50820632185044','9','CIC SAUCE VIEJO','CIC SAUCE VIEJO',3,2,0,0),(841,4,12,366,4,3,3,'08418222','50820842185031','9','CS DISTRITO NORTE','CIC DISTRITO NORTE',4,1,0,1),(842,4,12,366,4,3,3,'08418231','50820842185032','9','CS DISTRITO SUR OESTE (EX TIO ROLO)','CIC DISTRITO SUR-OESTE',4,1,0,1),(843,4,12,366,4,3,3,'08418240','50820842185036','9','CS COMUNITARIO OESTE DAVID ESTAFIERI','CIC OESTE',4,1,0,1),(844,4,12,371,4,3,3,'08418249','50820842185048','9','CIC 20 DE JUNIO','CIC 20 DE JUNIO V  GDOR GALVEZ',4,1,0,0),(845,4,12,371,4,3,3,'08418258','50820842185046','9','CS VILLA GOBERNADOR GALVEZ','CIC V  GDOR GALVEZ',4,1,0,1),(846,1,15,427,4,3,3,'09800561','50820982185039','9','CIC Bº LUJAN-ROMANG','CIC ROMANG',1,1,0,0),(847,3,16,428,4,3,3,'09800579','50820982185040','9','CIC SAN JAVIER','CIC SAN JAVIER',3,9,0,1),(848,4,12,491,4,3,3,'11901539','50821192186259','9','CIC CAPITAN BERMUDEZ','CIC CAPITAN BERMUDEZ',4,1,0,0),(849,4,12,504,4,3,3,'11901548','50821192185041','9','CS JOSE HERNANDEZ (PROV)','CS JOSE HERNANDEZ (Prov)',4,1,0,0),(850,1,15,528,4,3,3,'13300785','50821332185029','9','CIC CALCHAQUI','CIC CALCHAQUI',1,1,0,0),(873,3,13,570,NULL,4,4,'03500011',NULL,'Y','SOLEDAD, CTRO DE SALUD','SOLEDAD  C S',3,1,0,1),(874,3,13,570,NULL,3,4,'03500046',NULL,'Y','VILLA SARALEGUI, CENTRO DE SALUD','VILLA SARALEGUI  C S',3,1,0,1),(875,4,12,504,13,5,3,'11901556','50821192185004','9','CS VIRGEN DE ITATI- SAN LORENZO','CIC V  DE ITATI',4,1,0,0),(876,4,12,371,13,5,1,'08418294','50820842184899','9','CS POSTA SANITARIA  EL TRIANGULO','V G GALVEZ POSTA EL TRIANGULO',4,1,0,0),(877,4,12,371,13,5,1,'08418285',NULL,'9','CENTRO DE SALUD MATERNO INFANTIL - VILLA GOBERNADO','V G GALVEZ CAPS M INFANTIL',4,1,0,1),(878,3,13,279,4,3,1,'06307743','50820632185350',NULL,'LABORATORIO CENTRAL DE DETECCION DE ENFERMEDADES C','LABORATORIO CENTRAL ENF CONG',3,1,0,0),(879,3,13,257,4,3,1,'06307545',NULL,'9','ARROYO LEYES CAPS N 13','ARROYO LEYES CAPS N 13',3,1,0,1),(880,2,14,76,13,5,3,'02102306',NULL,'9','CENTRO DE SALUD Nº 2 BARRIO 9 DE JULIO SUNCHALES','SUNCHALES  BARRIO 9 DE JULIO',2,1,0,1),(881,5,11,168,13,5,1,'04203361','50820422285995','9','CS GUEMES','VENADO TUERTO  C S BRIO GUEMES',5,1,0,0),(882,5,11,141,4,3,3,'04203370','50820422186890','9','CS RAMON CARRILLO - FIRMAT','CS R CARRILLO',5,1,0,0),(883,1,15,562,13,5,3,'13300866','50821332186113','9','CS MARTIN FIERRO','VECINAL MARTIN FIERRO',1,1,0,0),(884,1,15,562,4,3,3,'13300874','50821332286003','9','CS SANTA ROSA DE LIMA','CTRO SANTA ROSA DE LIMA',1,1,0,0),(885,3,17,279,4,3,3,'06309290','50820632186001','9','CS LAS LOMAS','CS LAS LOMAS',3,10,0,0),(886,1,15,207,13,3,3,'04902035','50820492186105','9','CS BARRIO ITATI - LAS TOSCAS','LAS TOSCAS  CAPS BARRIO ITATI',1,1,0,0),(887,1,15,219,4,3,3,'04902036','50820492186103','9','CS POSTA SANITARIA DON CARLOS','POSTA DON CARLOS',1,1,0,0),(888,4,12,366,NULL,8,1,'08402588',NULL,'Y','ROSARIO, CENTRO DE SALUD VECINAL NUEVO ALBERDI.','ROSARIO  C S  VEC  NVO ALBERDI',4,1,0,1),(889,4,12,366,NULL,8,1,'08403355',NULL,'Y','ROSARIO, CENTRO DE SALUD BARRIO NUEVO ALBERDI.','ROSARIO  C S  B NUEVO ALBERDI',4,1,0,1),(890,3,13,467,4,3,3,'11200686','50821122186755','9','CS COLONIA ESTHER','CTRO SALUD COLONIA ESTER',3,1,0,0),(891,5,11,168,13,5,1,'04203433',NULL,'9','CS BARRIO MALVINAS ARGENTINAS- V TUERTO','VENADO TUERTO  C S  M  ARGENT',5,1,0,1),(892,3,6,288,13,5,1,'07002412',NULL,'9','CENTRO DE SALUD EVA DUARTE ESPERANZA','ESPERANZA  C S EVA DUARTE',3,7,0,1),(893,4,12,366,13,5,1,'08418267','50820842286541','9','CS ITATI - ROSARIO','ROSARIO CTRO DE SALUD ITATI',4,1,0,0),(894,4,12,514,13,5,10,'12601277','50821262286008','9','CS DR FERNANDO O DEGANO','EL TREBOL  C S F  DEGANO',4,1,0,0),(895,4,12,366,4,3,3,'08418636','50820842186095','9','CS ALFONSINA STORNI','ROSARIO  C S A  STORNI',4,1,0,0),(896,4,12,366,4,3,3,'08418645','50820842185968','9','CS LIBERTAD (EX ABORÍGENES ARGENTINOS)','ROSARIO  C S AB  ARGENTINO',4,1,0,0),(897,3,3,280,4,1,4,'06309129','50820632186012','9','CS PRESIDENTE RAUL R ALFONSIN','C S  PTE  R  R  ALFONSIN',3,2,0,0),(898,1,15,227,4,1,3,'04902234','50820492186097','9','CS BARRIO SUR','VILLA OCAMPO  CAPS BARRIO SUR',1,1,0,0),(899,4,29,357,4,3,4,'08422857','50820842186024','9','CAF HOSP EVA PERON- G BAIGORRIA','CAF HOSP EVA PERON- G BAIGORRIA',4,13,0,0),(900,2,14,341,13,5,1,'07700640','50820772285202','9','CS MOCOVI','C S  MOCOVI',2,1,0,0),(901,3,13,279,4,8,1,'06309750',NULL,NULL,'LABORATORIO PROVINCIAL DE ERRORES CONGENITOS DE METABOLISMO','LABORATORIO PROVINCIAL DE ERRORES CONGENITOS DE ME',3,1,0,1),(902,5,11,150,13,5,1,'04203991','50820422286243','9','CS MAGGIOLO','C S  MAGGLIOLO',5,1,0,0),(903,3,13,483,4,1,3,'11201502','50821122186245','9','CS BARRIO FATIMA - -SAN JUSTO','CS B FATIMA',3,1,0,0),(904,4,12,1,8,8,1,'00700032','10820072384258',NULL,'SANAT. SAN ROQUE','SANAT. SAN ROQUE',4,1,1,1),(905,4,9,5,8,8,1,'00700059','10820072384019',NULL,'CLINICA DR. PEREZ SOLARES','CLIN DR PEREZ SOLARES',4,4,1,0),(906,4,12,1,8,8,1,'00700156',NULL,NULL,'SANAT. DR. BACCI','SANAT. DR. BACCI',4,1,1,1),(907,4,12,6,8,8,1,'00700695','15820072386598',NULL,'GERIAT CEDRO AZUL','GERIAT CEDRO AZUL',4,1,1,0),(908,5,11,20,8,8,1,'01400083','10820142384010',NULL,'CLINICA CHAÑAR  (EX DR. ALVAREZ)','CLIN CHAÑAR',5,1,1,0),(909,5,11,20,8,8,1,'01400164','10820142384255',NULL,'SANAT SAN JUAN','SANAT SAN JUAN',5,1,1,0),(910,4,9,15,8,8,1,'01400172','10820142384027',NULL,'SANAT JULIAN MORENO','SANAT JULIAN MORENO',4,4,1,0),(911,4,9,15,8,8,1,'01400199','10820142384049',NULL,'CLINICA REGIONAL','CLIN REGIONAL',4,4,1,0),(912,4,12,11,8,8,1,'01400245',NULL,NULL,'SANAT. ARTEAGA','SANAT. ARTEAGA',4,1,1,1),(913,5,11,12,8,8,1,'01400296','10820142384217',NULL,'SANAT ARGENTINO','SANAT ARGENTINO',5,1,1,1),(914,5,11,25,8,8,1,'01400318','10820142384217',NULL,'CLINICA MOLINA','CLIN MOLINA',5,1,1,0),(915,4,9,15,8,8,1,'01400351','10820142384249',NULL,'SANAT PRIMORDIAL','SANAT PRIMORDIAL',4,4,1,0),(916,4,9,19,8,8,1,'01400369',NULL,NULL,'GERIAT ABUELOS FELICES','GERIAT ABUELOS FELICES',4,4,1,0),(917,2,14,58,8,8,1,'02100059','10820212384057',NULL,'CLINICA SAN PATRICIO','CLIN SAN PATRICIO',2,1,1,1),(918,2,14,70,8,8,1,'02100369','10820212384120',NULL,'SANAT RAFAELA ','SANAT RAFAELA',2,1,1,1),(919,2,14,70,8,8,1,'02100385','10820212384241',NULL,'SANAT MORENO','SANAT MORENO',2,1,1,0),(920,2,14,70,8,8,1,'02100393','10820212384244',NULL,'SANAT NOSTI','SANAT NOSTI',2,1,1,0),(921,2,14,69,8,8,1,'02100407',NULL,NULL,'SANAT SAN MIGUEL','SANAT SAN MIGUEL',2,1,1,0),(922,2,14,72,8,8,1,'02100458','10820212384259','1','SANAT SANTA CLARA','SANAT SANTA CLARA',2,1,1,1),(923,2,14,78,8,8,1,'02100482','10820212386266',NULL,'SANAT TACURAL','SANAT TACURAL',2,1,1,1),(924,2,14,70,8,8,1,'02100610','10820212384247',NULL,'SANAT PARRA','SANAT PARRA',2,1,1,0),(925,2,14,70,8,8,1,'02100814','11820212384263',NULL,'CLINICA DE NIÑOS','CLIN DE NIÑOS',2,1,1,1),(926,2,14,65,8,8,1,'02101047','15820212386592',NULL,'GERIAT DR CARLOS BACILE (EX MA JUANA)','GERIAT DR BACILE',2,1,1,0),(927,2,14,70,8,8,1,'02101063',NULL,NULL,'GERIAT SAN FRANCISCO DE ASIS','GERIAT SAN FRANCISCO DE ASIS',2,1,1,0),(928,2,14,79,8,8,1,'02101080','15820212386595',NULL,'GERIAT DR. OSVALDO ANTON','GERIAT DR. O. ANTON',2,1,1,0),(929,2,14,70,8,8,1,'02101241','13820212384295',NULL,'CLINICA PODIO (SALUD MENTAL)','CLIN PODIO (S MENTAL)',2,1,1,0),(930,2,14,55,8,8,1,'02101250',NULL,NULL,'GERIAT MODELO CASA DEL SOL','GERIAT MODELO CASA DEL SOL',2,1,1,0),(931,2,14,76,8,8,1,'02101284','10820212384064',NULL,'CLINICA SUNCHALES','CLIN SUNCHALES',2,1,1,0),(932,2,14,76,8,8,1,'02102009','10820212386265',NULL,'CLINICA DIEZ DE SEPTIEMBRE','CLIN DIEZ DE SEPT',2,1,1,0),(933,4,25,104,8,8,1,'02800191','10820282386292',NULL,'SANAT RIVADAVIA','SANAT RIVADAVIA',4,9,1,0),(934,4,25,95,8,8,1,'02800221','10820282384037',NULL,'CLINICA PAZ','CLIN PAZ',4,9,1,0),(935,4,25,88,8,8,1,'02800239','10820282384021',NULL,'CLINICA EMPALME','CLIN EMPALME',4,9,1,0),(936,4,25,104,8,8,1,'02800310','13820282384315',NULL,'SANAT PICHON RIVIERE PSQ','SANAT PICHON RIVIERE',4,9,1,1),(937,4,25,84,8,8,1,'02800395','10820282384041',NULL,'CLINICA PRIVADA ALCORTA','CLIN PRIV ALCORTA',4,9,1,0),(938,4,25,95,8,8,1,'02800417',NULL,NULL,'GERIAT MARIA PAZ','GERIAT MARIA PAZ',4,9,1,0),(939,4,25,104,8,8,1,'02800425','15820282386600',NULL,'GERIAT SAGRADO CORAZON','GERIAT SAGRADO CORAZON',4,9,1,0),(940,4,25,104,8,8,1,'02801154','15820282386601',NULL,'HOLEPAM FARILEN','HOLEPAM FARILEN',4,9,1,0),(941,4,12,104,8,8,1,'02801440',NULL,'8','HOLEPAM SANDRA ISABEL','',4,1,1,0),(942,3,8,114,8,8,1,'03500093',NULL,NULL,'GERIAT NONOS','GERIAT NONOS',3,5,1,0),(943,5,11,169,8,8,1,'04200123','10820422386278',NULL,'CLINICA DEL SUR','CLIN DEL SUR',5,1,1,0),(944,5,11,141,8,8,1,'04200166','10820422386275',NULL,'CLINICA FIRMAT','CLIN FIRMAT',5,1,1,0),(945,5,11,151,8,8,1,'04200212','10820422384030',NULL,'CLINICA MARIA TERESA','CLIN MARIA TERESA',5,1,1,1),(946,5,11,157,8,8,1,'04200271','10820422384061',NULL,'CLINICA SANTA FE','CLIN SANTA FE',5,1,1,0),(947,5,11,168,8,8,1,'04200409','10820422384221',NULL,'SANAT CASTELLI','SANAT CASTELLI',5,1,1,0),(948,5,11,168,8,8,1,'04200417','10820422386277',NULL,'SANAT SAN MARTIN','SANATORIO SAN M',5,1,1,0),(949,5,11,129,8,8,1,'04200531','10820422386271',NULL,'SANAT. CARMEN','SANAT. CARMEN',5,1,1,1),(950,5,11,136,8,8,1,'04200557','10820422386272',NULL,'CLINICA OLIVIER','CLIN OLIVIER',5,1,1,1),(951,5,11,139,8,8,1,'04200565','10820422384242',NULL,'CLINICA DE LA COMUNIDAD','CLIN DE LA COMUNIDAD',5,1,1,1),(952,5,11,157,8,8,1,'04200590','12820422384278',NULL,'CLINICA MODELO','CLINICA MODELO',5,1,1,0),(953,5,11,168,8,8,1,'04200689','15820422386612',NULL,'GERIAT SANTA FE','GERIAT SANTA FE',5,1,1,0),(954,5,11,165,8,8,1,'04200875','10820422384062',NULL,'CLINICA SANTA ISABEL','CLIN SANTA ISABEL',5,1,1,0),(955,5,11,168,8,8,1,'04201260','11820422384267',NULL,'INST. PRIVADO DE NEONATOLOGIA  VENADO TUERTO','INST. PRIVADO DE NEONATOLOGIA  VENADO TUERTO',5,1,1,0),(956,5,11,157,8,8,1,'04201405',NULL,NULL,'GERIAT NUESTRO HOGAR','GERIAT NUESTRO HOGAR',5,1,1,0),(957,5,11,169,8,8,1,'04201430','10820422384032',NULL,'CLINICA MEDICA DE LA FAMILIA','CLIN MED DE LA FAMILIA',5,1,1,1),(958,5,11,141,8,8,1,'04201588','10820422386273',NULL,'CLINICA 25 DE SEPTIEMBRE','CLIN 25 DE SEPTIEMBRE',5,1,1,0),(959,5,11,162,8,8,1,'04201839','15820422386611',NULL,'GERIAT NTRA SRA DEL ROSARIO','GERIAT NTRA SRA DEL ROSARIO',5,1,1,0),(960,5,11,141,8,8,1,'04202767','10820422386274',NULL,'CLINICA DEL PILAR','CLIN DEL PILAR',5,1,1,0),(961,5,11,168,8,8,1,'04203154','10820422386276',NULL,'SANAT ABEL H BEROIZ','SANAT ABEL H BEROIZ',5,1,1,0),(962,5,11,168,8,8,1,'04203343',NULL,NULL,'HOLEPAM VICTORIA','HOLEPAM VICTORIA',5,1,1,0),(963,1,30,174,8,8,1,'04900117','10820492386268',NULL,'SANAT NORTE','SANAT NORTE',1,2,1,0),(964,1,30,174,8,8,1,'04900125','10820492386267',NULL,'CLINICA AVELLANEDA','CLIN AVELLANEDA',1,2,1,0),(965,1,30,219,8,8,1,'04900281','10820492384252',NULL,'SANAT RECONQUISTA','SANAT RECONQUISTA',1,2,1,0),(966,1,30,219,8,8,1,'04900486','10820492384237',NULL,'CLINICA DE LA CIUDAD','CLIN DE LA CIUDAD',1,2,1,0),(967,1,30,207,8,8,1,'04900567','10820492386269',NULL,'CLINICA SANTA FE RADIOLOGIA','CLIN SANTA FE RADIOLOGIA',1,2,1,0),(968,1,30,227,8,8,1,'04900699','10820492384035',NULL,'CLINICA OCAMPO','CLIN OCAMPO',1,2,1,0),(969,1,30,219,8,8,1,'04900745',NULL,NULL,'GERIAT SAN JOSE','GERIAT SAN JOSE',1,2,1,0),(970,4,12,238,8,8,1,'05600061','10820562384059',NULL,'CLINICA SAN ROQUE','CLINICA SAN ROQUE',4,1,1,1),(971,4,24,238,8,8,1,'05600087','10820562384233',NULL,'SANAT INTEGRADO DE LA CIUDAD','SANAT INTEGRADO DE LA CIUDAD',4,8,1,0),(972,4,12,249,8,8,1,'05600176','10820562384109',NULL,'SANAT REGIONAL TOTORAS','SANAT REGIONAL TOTORAS',4,1,1,0),(973,4,24,249,8,8,1,'05600184','10820562384067',NULL,'CLINICA 9 DE JULIO','CLIN 9 DE JULIO ',4,8,1,0),(974,4,24,241,8,8,1,'05600192','10820562384012',NULL,'CLINICA CORREA','CLIN CORREA',4,8,1,0),(975,4,12,238,8,8,1,'05600206','10820562384223',NULL,'SANAT. CIUDAD CAÑADA DE GOMEZ','SANAT. CIUDAD CAÑADA DE GOMEZ',4,1,1,1),(976,4,24,238,8,8,1,'05600222','10820562384253',NULL,'SANAT REGIONAL CAÑADA DE GOMEZ','SANAT REG CDA DE GOMEZ',4,8,1,0),(977,4,12,237,8,8,1,'05600231','10820562386294',NULL,'CLINICA BUSTINZA','CLINICA BUSTINZA',4,1,1,1),(978,4,12,241,8,8,1,'05600311','10820562384046',NULL,'CLINICA PRIVADA DRES. ALONSO','CLINICA PRIVADA DRES. ALONSO',4,1,1,1),(979,4,12,246,8,8,1,'05600338','10820562384052',NULL,'CLINICA SALTO GRANDE','CLINICA SALTO GRANDE',4,1,1,1),(980,4,24,239,8,8,1,'05600354',NULL,NULL,'GERIAT EL ARCANGEL','GERIAT EL ARCANGEL',4,8,1,0),(981,4,24,238,8,8,1,'05600362','13820562384302',NULL,'COMUN. TERAPEUT. NAZARETH','COMUN TERAPEUT NAZARETH',4,8,1,0),(982,4,24,238,8,8,1,'05600371','15820562386605',NULL,'GERIAT TRINIDAD','GERIAT TRINIDAD',4,8,1,0),(983,4,12,239,8,8,1,'05600419',NULL,NULL,'GERIAT. GETSEMANÍ','GERIAT. GETSEMANÍ',4,1,1,1),(984,4,24,249,8,8,1,'05600435','15820562386619',NULL,'GERIAT LOS ROBLES','GERIAT LOS ROBLES',4,8,1,0),(985,4,24,239,8,8,1,'05601229','14820562386794',NULL,'HOGAR PERS DISCAP SANTA CECILIA - CARRIZALES','HOGAR SANTA CECILIA-CARRIZALES',4,8,1,0),(986,4,24,246,8,8,1,'05607459','15820562386618',NULL,'HOLEPAM ABUELOS FELICES','HOLEPAM ABUELOS FELICES',4,8,1,0),(987,3,18,279,8,8,1,'06300320','10820632384231',NULL,'SANAT GARAY','SANAT GARAY',3,11,1,0),(988,3,18,279,8,8,1,'06300338','10820632384240',NULL,'SANAT MEDICO DE DIAGNOSTICO Y TRATAMIENTO','SANAT MED DIAG Y TRAT',3,11,1,0),(989,3,18,279,8,8,1,'06300397','10820632384239',NULL,'SANAT MAYO','SANAT MAYO',3,11,1,0),(990,3,18,279,8,8,1,'06300401','10820632384260',NULL,'SANAT MEDICO QUIRURGICO SANTA FE','SANAT MED QCO SANTA FE',3,11,1,0),(991,3,18,279,8,8,1,'06300419','10820632384251',NULL,'CLINICA RAWSON','CLINICA RAWSON',3,11,1,1),(992,3,18,279,8,8,1,'06300435','10820632384022',NULL,'CLINICA ESPAÑOL','CLIN ESPAÑOL',3,11,1,0),(993,3,18,279,8,8,1,'06300877','14820632384382',NULL,'INST. DE OTORRINOLARINGOLOGIA','INST OTORRINO',3,11,1,0),(994,3,18,279,8,8,1,'06301211','12820632384273',NULL,'CLINICA DE GINECOLOGIA Y MATERNIDAD CENTRAL','CLIN DE GINEC Y MAT CTRAL',3,11,1,0),(995,3,18,279,8,8,1,'06301342','10820632384250',NULL,'SANAT PRIVADO SAN GERONIMO','SANAT PRIV SAN GERONIMO',3,11,1,0),(996,3,18,279,8,8,1,'06301601','10820632384215',NULL,'SANAT AMERICANO','SANAT AMERICANO',3,11,1,0),(997,3,18,279,8,8,1,'06301661','14820632384360',NULL,'SANAT DE NEFROLOGIA  UROLOGÍA Y ENFERMEDADES CARDIOVASCULARES','SANAT NEFRO URO Y ENF CARDIOV',3,11,1,0),(998,3,18,279,8,8,1,'06301679','50820632385197',NULL,'CLINICA DE FLEBOLOGIA','CLIN DE FLEBOLOGIA',3,11,1,0),(999,3,18,279,8,8,1,'06302021',NULL,NULL,'HOLEPAM DAIFAXEL','HOLEPAM DAIFAXEL',3,11,1,0),(1000,3,3,280,8,8,1,'06302039',NULL,NULL,'GERIAT SAN JORGE II','GERIAT SAN JORGE II',3,2,1,0),(1001,3,18,279,8,8,1,'06302047','15820632386571',NULL,'GERIAT SANTO DOMINGO','GERIAT SANTO DOMINGO',3,11,1,0),(1002,3,18,279,8,8,1,'06302080','15820632386566',NULL,'HOLEPAM SAGRADO CORAZÓN DE JESUS','HOLEPAM SAGRADO CORAZON DE JES',3,11,1,0),(1003,3,18,279,8,8,1,'06302098',NULL,'5','GERIAT EL ENCUENTRO','GERIAT EL ENCUENTRO',3,11,1,1),(1004,3,20,269,8,8,1,'06302101','15820632386546',NULL,'GERIAT LLAMBI CAMPBELL','GERIAT LLAMBI CAMPBELL',3,13,1,0),(1005,3,3,280,8,8,1,'06302144','15820632386575','5','GERIAT MI HOGAR','GERIAT MI HOGAR',3,2,1,0),(1006,3,18,279,8,8,1,'06302152',NULL,NULL,'GERIAT MIS ABUELOS V.I.P','GERIAT MIS ABUELOS V.I.P',3,11,1,0),(1007,3,17,279,8,8,1,'06302161',NULL,NULL,'GERIAT SAN CAYETANO','GERIAT SAN CAYETANO',3,10,1,0),(1008,3,19,279,8,8,1,'06302187',NULL,NULL,'GERIAT RENACIMENTO','GERIAT RENACIMIENTO',3,12,1,1),(1009,3,19,279,8,8,1,'06302195','13820632384311','5','SANAT DE SALUD MENTAL LA MERCED CON CTRO. DE DÍA','SANAT S MENTAL LA MERCED CTRO ',3,12,1,0),(1010,3,17,279,8,8,1,'06302284','13820632384306',NULL,'HOGAR JUANA VARGAS DE STRINGHINI','HOGAR JUANA VARGAS DE STRINGHI',3,10,1,0),(1011,3,18,279,8,8,1,'06302331',NULL,NULL,'GERIAT SANTA EUFRASIA','GERIAT SANTA EUFRASIA',3,11,1,0),(1012,3,17,279,8,8,1,'06305601',NULL,NULL,'HOLEPAM CITO PAZ VALE','HOLEPAM CITO PAZ VALE',3,10,1,0),(1013,3,13,279,8,8,1,'06305610',NULL,'8','HOLEPAM RECOLETA','',3,1,1,0),(1014,3,13,279,8,8,1,'06305928',NULL,'9','CENTRO MÉDICO ANDRE VESALIO (1)','CENTRO MÉDICO ANDRE VESALIO (1)',3,1,1,1),(1015,3,18,279,8,8,1,'06305979','14820632386836',NULL,'CLINICA PAEZ ALLENDE','CLIN PAEZ ALLENDE',3,11,1,0),(1016,3,19,279,8,8,1,'06306600','15820632386573',NULL,'HOLEPAM HOGAR DULCE HOGAR','HOLEPAM HOGAR DULCE HOGAR',3,12,1,0),(1017,3,4,263,8,8,1,'06307734','13820632384304',NULL,'HOGAR DE ALOJAMIENTO PARA PERSONAS CON DISCAPACIDAD UN MUNDO ESPECIAL','HOGAR UN MUNDO ESPECIAL',3,3,1,0),(1018,3,3,280,8,8,1,'06309020','10820632386283',NULL,'SANAT SERVICIOS MEDICOS S.M','SANAT SERVICIOS MEDICOS S.M',3,2,1,0),(1019,3,4,277,8,8,1,'06309120','15820632386561',NULL,'GERIAT POSADA DEL LABRIEGO','GERIAT POSADA DEL LABRIEGO',3,3,1,0),(1020,3,20,273,8,8,1,'06309293','13820632386279',NULL,'PSICOGERIAT LA CASA FELIZ','PSICOGERIAT LA CASA FELIZ',3,13,1,0),(1021,3,17,279,8,8,1,'06309295',NULL,NULL,'GERIAT SAN PABLO','GERIAT SAN PABLO',3,10,1,0),(1022,3,13,280,8,8,1,'06309297','13820632384299',NULL,'COMUN. TERAPEUT. NTRA. SRA. DEL PILAR','COMUN. TERAPEUT. NTRA. SRA. DEL PILAR',3,1,1,0),(1023,3,13,280,8,8,1,'06309299','13820632384300',NULL,'COMUN. TERAPEUT. UN PUENTE DE AMOR','COMUN. TERAPEUT. UN PUENTE DE AMOR',3,1,1,0),(1024,3,18,279,8,8,1,'06309300','50820632385349',NULL,'CLINICA ISIS','CLIN ISIS',3,11,1,0),(1025,3,18,279,8,8,1,'06309361','15820632386559','5','GERIAT LA CASA DE MIS ABUELOS','GERIAT LA CASA DE MIS ABUELOS',3,11,1,0),(1026,3,18,279,8,8,1,'06309365',NULL,NULL,'GERIAT SAN JORGE','GERIAT SAN JORGE',3,11,1,0),(1027,3,18,279,8,8,1,'06309367','53820632385962',NULL,'SERVICIO DE CIRUGIA AMBULATORIA CECASA','SERV CIRUGIA AMB CECASA',3,11,1,0),(1028,3,18,279,8,8,1,'06309371',NULL,NULL,'GERIAT 1º DE MAYO','GERIAT 1º DE MAYO',3,11,1,0),(1029,3,18,279,8,8,1,'06309379',NULL,NULL,'GERIAT COMPLEJO PORTAL RECOLETA','GERIAT COMPL PORTAL RECOLETA',3,11,1,0),(1030,3,18,279,8,8,1,'06309380',NULL,NULL,'GERIAT LOS TILOS','GERIAT LOS TILOS',3,11,1,0),(1031,3,3,280,8,8,1,'06309381','10820632384063',NULL,'SANAT SANTO TOME','SANAT SANTO TOME',3,2,1,0),(1032,3,18,279,8,8,1,'06309394','14820632384364',NULL,'CLINICA OFTALMOLOGICA FRANCO ARGENTINO (VISAGE)','CLIN OFTALM FCO ARG VISAGE',3,11,1,0),(1033,3,20,273,8,8,1,'06309400',NULL,NULL,'GERIAT BERNARDINO MARTINEZ','GERIAT BERNARDINO MARTINEZ',3,13,1,0),(1034,3,18,279,8,8,1,'06309409','15820632386812',NULL,'GERIAT LOS PORTALES ','GERIAT LOS PORTALES',3,11,1,0),(1035,3,18,279,8,8,1,'06309425','10820632386280',NULL,'CLINICA IPC SAGRADA FAMILIA','CLIN IPC SAGR FLIA',3,11,1,0),(1036,3,18,279,8,8,1,'06309606','10820632386281',NULL,'SANAT SAGRADO CORAZON SANTA FE','SANAT SAGR CORAZON STA FE',3,11,1,0),(1037,3,17,279,8,8,1,'06309615',NULL,NULL,'GERIAT LA CASA DE MIS ABUELOS II','GERIAT LA CASA DE MIS ABUE II',3,10,1,0),(1038,3,18,279,8,8,1,'06309732','13820632384289',NULL,'CLINICA DE SALUD MENTAL CRECER I','CLIN SALUD MENTAL CRECER I',3,11,1,0),(1039,3,17,279,8,8,1,'06309759','50820632386063',NULL,'CENTRO DE REHABILITACION PSICOSOCIAL RUMBOS','CTRO REHAB PSICOSOC RUMBOS',3,10,1,1),(1040,3,13,279,8,8,1,'06309766','15820632386558',NULL,'GERIAT LA CASA DE LA NONA (EX-MI PEQUEÑO HOGAR)','GERIAT LA CASA DE LA NONA',3,1,1,1),(1041,3,20,254,8,8,1,'06309775',NULL,NULL,'GERIAT LONGEVITY','GERIAT LONGEVITY',3,13,1,0),(1042,3,4,277,8,8,1,'06309784','10820632386285','5','COMUN. TERAPEUT. MONSENOR VICENTE ZASPE','COMU TERAP MONSENOR V ZASPE',3,3,1,0),(1043,3,6,290,8,8,1,'07000125','10820702384038',NULL,'CLINICA PREMED','CLIN PREMED',3,7,1,0),(1044,3,6,286,8,8,1,'07000141','10820702386288',NULL,'CLINICA LANTER','CLIN LANTER',3,7,1,0),(1045,3,7,309,8,8,1,'07000192','10820702384054',NULL,'CLINICA SAN CARLOS','CLINICA SAN CARLOS',3,6,1,0),(1046,3,13,313,8,8,1,'07000222','10820702386287',NULL,'CLINICA SAN JERONIMO NORTE','CLINICA SAN JERONIMO NORTE',3,1,1,0),(1047,3,6,288,8,8,1,'07000290','10820702384230',NULL,'SANAT ESPERANZA','SANAT ESPERANZA',3,7,1,0),(1048,3,6,302,8,8,1,'07000362','10820702384020','5','CLINICA DR. VALENTINI','CLIN DR VALENTINI',3,7,1,0),(1049,3,6,288,8,8,1,'07000524','10820702384219',NULL,'CLINICA AVENIDA','CLINICA AVENIDA',3,7,1,0),(1050,3,13,309,8,8,1,'07000648','10820702384040',NULL,'CLINICA PRIVADA','CLINICA PRIVADA',3,1,1,1),(1051,3,7,309,8,8,1,'07000656','10820702384015',NULL,'CLINICA  LAS COLONIAS','CLIN LAS COLONIAS',3,6,1,0),(1052,3,13,320,8,8,1,'07000664',NULL,'0','CLINICA VIRGEN DEL VALLE','',3,1,1,0),(1053,3,6,290,8,8,1,'07000681','10820702384023',NULL,'CLINICA FRANCK','CLIN FRANCK',3,7,1,0),(1054,3,6,288,8,8,1,'07000796',NULL,NULL,'GERIAT VILLA PERLA','GERIAT VILLA PERLA',3,7,1,0),(1055,3,6,288,8,8,1,'07000800',NULL,NULL,'GERIAT EL HOGAR','GERIAT EL HOGAR',3,7,1,1),(1056,3,6,288,8,8,1,'07000834',NULL,NULL,'GERIAT RENACER (EX MORENO)','GERIAT RENACER',3,7,1,0),(1057,3,6,288,8,8,1,'07000851','15820702386577',NULL,'HOLEPAM EL ABUELO CON CENTRO DE DIA PARA LA 3RA EDAD','HOLEPAM EL ABUELO C CTRO DIA ',3,7,1,0),(1058,3,13,288,8,8,1,'07001539',NULL,NULL,'GERIAT. OTOÑO DE ORO','GERIAT. OTOÑO DE ORO',3,1,1,1),(1059,3,13,288,8,8,1,'07001908','15820702386582','5','HOLEPAM RINCON DE LUZ','HOLEPAM RINCON DE LUZ',3,1,1,0),(1060,3,6,288,8,8,1,'07001926','15820702386581','5','HOLEPAM DULCE AMANECER','HOLEPAM DULCE AMANECER',3,7,1,0),(1061,3,6,293,8,8,1,'07002349','15820702386583',NULL,'HOLEPAM HUMBOLDT','HOLEPAM HUNBOLDT',3,7,1,0),(1062,3,6,288,8,8,1,'07002403','10820702386286',NULL,'HOGAR PARA PERSONAS CON DISCAPACIDAD LILIA T. STEGMAYER','HOGAR PERS DISCAP L STEGMAYER',3,7,1,0),(1063,2,14,341,8,8,1,'07700151','10820772384018',NULL,'CLINICA DEL NORTE (INST MED)','CLIN DEL NORTE (INST MED)',2,1,1,0),(1064,2,14,343,8,8,1,'07700186','10820772384060',NULL,'CLINICA SAN FRANCISCO DE ASIS','CLIN SAN FRANC ASIS',2,1,1,1),(1065,2,14,341,8,8,1,'07700194','10820772384066',NULL,'CLINICA TOSTADO','CLINICA TOSTADO',2,1,1,1),(1066,4,21,350,8,8,1,'08400062','10820842384029',NULL,'CLINICA DR. MAIORANO','CLIN DR MAIORANO',4,5,1,0),(1067,4,28,366,8,8,1,'08400160','10820842384216',NULL,'SANAT AMERICANO (ROS)','SANAT AMERICANO',4,12,1,0),(1068,4,28,366,8,8,1,'08403830','13820842384296',NULL,'CLINICA RIO DE SALUD MENTAL','CLIN RIO SALUD MENTAL',4,12,1,0),(1069,4,28,366,8,8,1,'08400208','13820842384310',NULL,'SANAT AVENIDA (PSIQ)','SANAT AVENIDA',4,12,1,0),(1070,4,28,366,8,8,1,'08400232','13820842384317',NULL,'SANAT SAN FELIPE','SANAT SAN FELIPE',4,12,1,0),(1071,4,1,347,8,8,1,'08400542','10820842384048',NULL,'CLINICA PRIVADA PAZ','CLIN PRIV PAZ',4,2,1,1),(1072,4,29,345,8,8,1,'08400551',NULL,NULL,'CLINICA ACEBAL','CLIN ACEBAL',4,13,1,0),(1073,4,28,366,8,8,1,'08400577','13820842384308',NULL,'CLINICA INST. PSICOL. PSICOP. PHILIPP PINEL','CLIN INST PSIC PHILIPP PINEL',4,12,1,0),(1074,4,28,366,8,8,1,'08401308','15820842386640','8','GERIAT CENTRO','GERIAT CENTRO',4,12,1,0),(1075,4,29,361,8,8,1,'08401743','10820842384017',NULL,'CLINICA DEL LITORAL','CLIN DEL LITORAL',4,13,1,0),(1076,4,28,366,8,8,1,'08401841','10820842384227',NULL,'SANAT DELTA','SANAT DELTA',4,12,1,0),(1077,4,28,366,8,8,1,'08401859','10820842784254',NULL,'SANAT REG ROSENDO GARCIA','SANAT REG ROSENDO GARCIA',4,12,1,0),(1078,4,29,366,8,8,1,'08401913','10820842384051',NULL,'CLINICA RESIDENCIAL MENDOZA','CLIN RESID MENDOZA',4,13,1,0),(1079,4,28,366,8,8,1,'08402081','10820842384229',NULL,'HOSPITAL  ESPANOL ','HOSP ESPANOL',4,12,1,0),(1080,4,28,366,8,8,1,'08402103','10820842384086',NULL,'HOSPITAL ITALIANO GARIBALDI','HOSP ITALIANO GARIBALDI',4,12,1,0),(1081,4,28,366,8,8,1,'08402171','11820842384268',NULL,'SANAT DE NIÑOS','SANAT DE NIÑOS',4,12,1,0),(1082,4,28,366,8,8,1,'08402197','10820842384238','8','SANAT MAPACI','SANAT MAPACI',4,12,1,0),(1083,4,28,366,8,8,1,'08402201','10820842384248','8','SANAT PLAZA','SANAT PLAZA',4,12,1,0),(1084,4,29,366,8,8,1,'08402219','13820842384312',NULL,'SANAT NEUROPATICO (PSIQ)','SANAT NEUROPATICO (PSIQ)',4,13,1,0),(1085,4,28,366,8,8,1,'08402324','10820842384220',NULL,'SANAT BRITANICO','SANAT BRITANICO',4,12,1,0),(1086,4,28,366,8,8,1,'08402332','10820842384008',NULL,'SANAT CENTRO','SANAT CENTRO',4,12,1,0),(1087,4,28,366,8,8,1,'08402359','10820842384235',NULL,'SANAT LAPRIDA','SANAT LAPRIDA',4,12,1,0),(1088,4,29,366,8,8,1,'08402383','10820842384243',NULL,'SANAT NORTE','SANAT NORTE',4,13,1,0),(1089,4,28,366,8,8,1,'08402413','10820842384246',NULL,'SANAT PARQUE','SANAT PARQUE',4,12,1,0),(1090,4,29,366,8,8,1,'08402731','13820842384316',NULL,'SANAT SAGRADO CORAZON DE MARIA (PSQ)','SANAT SAG CORAZON MARIA PSQ',4,13,1,0),(1091,4,29,366,8,8,1,'08402847','10820842384234',NULL,'SANAT INTEGRAL GRAL. GÜEMES','SANAT INTEGRAL GRAL GUEMES',4,13,1,0),(1092,4,28,366,8,8,1,'08403741','10820842384245',NULL,'SANAT NUESTRA SEÑORA DEL ROSARIO (IPAM)','SANAT NTRA SRA DEL ROSARIO ',4,12,1,0),(1093,4,28,366,8,8,1,'08403775','10820842384224',NULL,'SANAT DE LOS NUEVOS AYRES ','SANAT DE LOS NUEVOS AYRES',4,12,1,0),(1094,4,28,366,8,8,1,'08403805','12820842384277',NULL,'SANAT DE LA MUJER','SANAT DE LA MUJER',4,12,1,0),(1095,4,28,366,8,8,1,'08403848','13820842384309',NULL,'SANAT ALEM (PSIQ)','SANAT ALEM',4,12,1,0),(1096,4,22,366,8,8,1,'08403902','13820842384294','8','SANAT NUESTRA SRA DEL CARMEN (PSIQ)','SANAT NTRA SRA DEL CARMEN PSQ',4,6,1,1),(1097,4,28,366,8,8,1,'08403961','13820842384293',NULL,'CLINICA IMPAR (PSIQ)','CLIN IMPAR',4,12,1,0),(1098,4,29,366,8,8,1,'08403970','13820842384314',NULL,'SANAT DEL SUR (PSIQ)','SANAT DEL SUR - PSIQ',4,13,1,0),(1099,4,22,366,8,8,1,'08404046','15820842386646',NULL,'GERIAT EL JARDIN','GERIAT EL JARDIN',4,6,1,0),(1100,4,28,366,8,8,1,'08404089',NULL,NULL,'GERIAT AMERICA','GERIAT AMERICA',4,12,1,0),(1101,4,28,366,8,8,1,'08404127','15820842386678',NULL,'GERIAT PLAZA','GERIAT PLAZA',4,12,1,0),(1102,4,28,366,8,8,1,'08404143','15820842386679','8','GERIAT SANTA RITA','GERIAT SANTA RITA',4,12,1,0),(1103,4,22,366,8,8,1,'08404160','50820842386249','8','SANAT LOS ALERCES (EX JULIO CORZO)','SANATORIO LOS ALERCES',4,6,1,0),(1104,4,28,366,8,8,1,'08404178','15820842386647',NULL,'GERIAT ESPAÑA','GERIAT ESPANA',4,12,1,0),(1105,4,28,366,8,8,1,'08404186',NULL,NULL,'GERIAT LA CASA DE LOS PADRES','GERIAT LA CASA DE LOS PADRES',4,12,1,0),(1106,4,12,366,8,8,1,'08404216',NULL,NULL,'GERIAT. LOS MANANTIALES','GERIAT. LOS MANANTIALES',4,1,1,1),(1107,4,22,366,8,8,1,'08404470','15820842386808',NULL,'GERIAT VILLA BORGES','GERIAT VILLA BORGES',4,6,1,0),(1108,4,2,366,8,8,1,'08404496','15820842386765','8','GERIAT SOL NACIENTE','GERIAT SOL NACIENTE',4,3,1,0),(1109,4,12,366,8,8,1,'08404518',NULL,NULL,'GERIAT. MIS RAICES','GERIAT. MIS RAICES',4,1,1,1),(1110,4,12,366,8,8,1,'08404534',NULL,NULL,'GERIAT PALACE','GERIAT PALACE',4,1,1,1),(1111,4,21,357,8,8,1,'08404615','15820842386685',NULL,'GERIAT VIVIR','GERIAT VIVIR',4,5,1,0),(1112,4,28,366,8,8,1,'08404712',NULL,NULL,'GERIAT VILLA VIDA','GERIAT VILLA VIDA',4,12,1,1),(1113,4,12,366,8,8,1,'08404721',NULL,NULL,'HOLEPAM ABRIL','HOLEPAM ABRIL',4,1,1,1),(1114,4,22,366,8,8,1,'08404739','15820842386688',NULL,'GERIAT TERCERA EDAD','GERIAT TERCERA EDAD',4,6,1,0),(1115,4,29,350,8,8,1,'08404763',NULL,NULL,'GERIAT MEDICO INTEGRAL','GERIAT MEDICO INTEGRAL',4,13,1,0),(1116,4,28,366,8,8,1,'08404771',NULL,NULL,'GERIAT JARDINES DEL SUR (EX CHAMPAGNAT)','GERIAT JARDINES DEL SUR',4,12,1,0),(1117,4,22,366,8,8,1,'08404780','15820842386645','8','GERIAT EL HOGAR','GERIAT EL HOGAR',4,6,1,0),(1118,4,28,366,8,8,1,'08404798','15820842386663',NULL,'GERIAT LA FAMILIA','GERIAT LA FAMILIA',4,12,1,0),(1119,4,28,366,8,8,1,'08404801','15820842386630',NULL,'GERIAT AÑOS FELICES','GERIAT AÑOS FELICES',4,12,1,0),(1120,4,28,366,8,8,1,'08404810','15820842386643',NULL,'GERIAT DORREGO','GERIAT DORREGO',4,12,1,0),(1121,4,22,366,8,8,1,'08404836','15820842386902',NULL,'GERIAT VILLA CRISTO REY','GERIAT VILLA CRISTO REY',4,6,1,0),(1122,4,12,350,8,8,1,'08404844','15820842386622',NULL,'GERIAT SAGRADO CORAZON DE JESUS','GERIAT SAGRADO CORAZON DE JESU',4,1,1,0),(1123,4,22,366,8,8,1,'08404852','10820842386798',NULL,'GERIAT SAN ANTONIO','GERIAT SAN ANTONIO',4,6,1,0),(1124,4,2,366,8,8,1,'08404879','15820842386637',NULL,'GERIAT CASA PARQUE','GERIAT CASA PARQUE',4,3,1,0),(1125,4,27,350,8,8,1,'08404887','10820842384031','8','CLINICA MARTINS','CLIN MARTINS',4,11,1,0),(1126,4,22,366,8,8,1,'08404950','15820842386835',NULL,'GERIAT PUENTE VICTORIA','GERIAT PUENTE VICTORIA',4,6,1,0),(1127,4,22,366,8,8,1,'08404968',NULL,NULL,'GERIAT PARQUE FLORIDA','GERIAT PARQUE FLORIDA',4,6,1,0),(1128,4,29,366,8,8,1,'08404976','13820842384291',NULL,'SANAT DE LA COSTA','SANAT DE LA COSTA ',4,13,1,0),(1129,4,28,366,8,8,1,'08405018','15820842386652',NULL,'GERIAT I.A.P.A. II','GERIAT I A P A II',4,12,1,0),(1130,4,28,366,8,8,1,'08405115',NULL,NULL,'GERIAT SAN JOAQUIN','GERIAT SAN JOAQUIN',4,12,1,0),(1131,4,28,366,8,8,1,'08405158','13820842386753',NULL,'COMUN. TERAPEUT. A.V.C.D. (ASOCIAC. VOLUNT. PARA EL CAMBIO DEL DROGADEPEND)','Comun Terapeut AVCD',4,12,1,0),(1132,4,29,366,8,8,1,'08405191','13820842384279',NULL,'COMUN. TERAPEUT. ASOCIACION CIVIL PROGRAMA ANDRES','COMUN TERAP AS CIV PROG ANDRES',4,13,1,0),(1133,4,29,366,8,8,1,'08405193','15820842386816',NULL,'GERIAT VILLA HORTENSIA','GERIAT VILLA HORTENSIA',4,13,1,0),(1134,4,28,366,8,8,1,'08405204','13820842384301',NULL,'COMUN. TERAPEUT. VOLVER A LA VIDA','COM TERAP VOLVER A LA VIDA',4,12,1,0),(1135,4,12,366,8,8,1,'08405221',NULL,NULL,'GERIAT. LOURDES','GERIAT. LOURDES',4,1,1,1),(1136,4,28,366,8,8,1,'08405239','10820842384225',NULL,'SANAT DEL LITORAL','SANAT DEL LITORAL',4,12,1,1),(1137,4,28,366,8,8,1,'08405241',NULL,NULL,'GERIAT EDAD DE ORO','GERIAT EDAD DE ORO',4,12,1,0),(1138,4,28,366,8,8,1,'08405245','3820842384307',NULL,'CLINICA PLAZA ALBERDI ','CLIN PLAZA ALBERDI',4,12,1,0),(1139,4,29,366,8,8,1,'08405247',NULL,NULL,'GERIAT VILLA DEL CARMEN','GERIAT VILLA DEL CARMEN',4,13,1,0),(1140,4,22,366,8,8,1,'08405810','15820842386641',NULL,'GERIAT CONCIENCIA','GERIAT CONCIENCIA',4,6,1,0),(1141,4,28,366,8,8,1,'08405828','15820842386631',NULL,'GERIAT M Y L','GERIAT M Y L ',4,12,1,0),(1142,4,29,366,8,8,1,'08406711','15820842386649',NULL,'GERIAT GUILLERMINA ','GERIAT GUILLERMINA ',4,13,1,0),(1143,4,22,366,8,8,1,'08407978','10820842386296',NULL,'CLINICA DE CIRUGIA CARDIOVASCULAR MINI – INVASIVA DR. BENETTI','CLIN CIRUG CARDIOV DR BENETTI',4,6,1,0),(1144,4,12,366,8,8,1,'08408004',NULL,NULL,'GERIAT. MI CASA','GERIAT. MI CASA',4,1,1,1),(1145,4,28,366,8,8,1,'08408013','15820842386687','8','GERIAT NUESTRA SRA DEL CARMEN','GERIAT NTRA SRA DEL CARMEN',4,12,1,0),(1146,4,22,366,8,8,1,'08408014',NULL,NULL,'GERIAT LAPRIDA','GERIAT LAPRIDA',4,6,1,0),(1147,4,29,366,8,8,1,'08408019',NULL,NULL,'GERIAT ROSARIO PLAZA','GERIAT ROSARIO PLAZA',4,13,1,0),(1148,4,21,366,8,8,1,'08408025','15820842386642',NULL,'GERIAT DEL PORTAL','GERIAT DEL PORTAL',4,5,1,0),(1149,4,12,366,8,8,1,'08408026',NULL,NULL,'GERIAT. JESUS DE NAZARET','GERIAT. JESUS DE NAZARET',4,1,1,1),(1150,4,28,366,8,8,1,'08408031','15820842386635',NULL,'GERIAT BELEN','GERIAT BELEN',4,12,1,0),(1151,4,28,366,8,8,1,'08408032','15820842386654',NULL,'GERIAT JARDIN DEL CENTRO','GERIAT JARDIN DEL CENTRO',4,12,1,0),(1152,4,22,366,8,8,1,'08408033','15820842386900',NULL,'GERIAT TIEMPO PRESENTE','GERIAT TIEMPO PRESENTE',4,6,1,0),(1153,4,22,366,8,8,1,'08408036','15820842386648',NULL,'GERIAT FUENTE DE AMOR','GERIAT FUENTE DE AMOR',4,6,1,0),(1154,4,28,366,8,8,1,'08408043','15820842386806',NULL,'GERIAT SANTIAGO','GERIAT SANTIAGO',4,12,1,0),(1155,4,22,366,8,8,1,'08408045','15820842386772',NULL,'GERIAT TALLER DE VIDA','GERIAT TALLER DE VIDA',4,6,1,0),(1156,4,21,366,8,8,1,'08408046',NULL,NULL,'GERIAT BAUTISTA','GERIAT BAUTISTA',4,5,1,0),(1157,4,2,366,8,8,1,'08408055','15820842386767',NULL,'GERIAT SANTA ANA','GERIAT SANTA ANA',4,3,1,0),(1158,4,2,366,8,8,1,'08408057',NULL,NULL,'GERIAT ADELA LIMA','GERIAT ADELA LIMA',4,3,1,0),(1159,4,29,366,8,8,1,'08408058','15820842386638',NULL,'GERIAT CASABLANCA','GERIAT CASABLANCA',4,13,1,0),(1160,4,28,366,8,8,1,'08408059','10820842384236',NULL,'SANAT LOS ARROYOS','SANAT LOS ARROYOS',4,12,1,0),(1161,4,2,366,8,8,1,'08409012','15820842386629',NULL,'GERIAT CASA &AMP; CLUB','GERIAT CASA &amp; CLUB',4,3,1,0),(1162,4,28,366,8,8,1,'08409166','15820842386639',NULL,'GERIAT CASABLANCA CENTRO','GERIAT CASABLANCA CENTRO',4,12,1,0),(1163,4,29,366,8,8,1,'08410993',NULL,NULL,'HOLEPAM AVOTEINU','HOLEPAM AVOTEINU',4,13,1,1),(1164,4,12,366,8,8,1,'08411362',NULL,NULL,'GERIAT. REBECA SZABO','GERIAT REBECA SZABO',4,1,1,1),(1165,4,29,366,8,8,1,'08411371','10820842386923',NULL,'SANAT DEL SALADILLO CONSTANTINO ZORILA','SANAT DEL SALADILLO C ZORILA',4,13,1,1),(1166,4,28,366,8,8,1,'08412289',NULL,NULL,'GERIAT PRIVADO MODELO','GERIAT PRIVADO MODELO',4,12,1,0),(1167,4,29,366,8,8,1,'08412298',NULL,NULL,'GERIAT TERCER MILENIO','GERIAT TERCER MILENIO',4,13,1,0),(1168,4,22,366,8,8,1,'08414158','13820842386833','8','COMUN. TERAPEUT. ASOCIACION CIVIL MARANATA.','COM TERAPEUT ASOC CIV MARANATA',4,6,1,0),(1169,4,1,366,8,8,1,'08414167',NULL,NULL,'GERIAT LA CASA DE TITI','GERIAT LA CASA DE TITI',4,2,1,1),(1170,4,28,366,8,8,1,'08416152',NULL,NULL,'GERIAT ACQUA Y VITA','GERIAT ACQUA Y VITA',4,12,1,1),(1171,4,28,366,8,8,1,'08416179','15820632386853',NULL,'GERIAT SANTA RITA II CON CENTRO DE DIA','GERIAT SANTA RITA II CTRO DIA ',4,12,1,0),(1172,4,12,366,8,8,1,'08417466',NULL,NULL,'HOLEPAM VILLA PAZ','HOLEPAM VILLA PAZ',4,1,1,1),(1173,4,28,366,8,8,1,'08417583',NULL,NULL,'GERIAT LAS GLICINAS','GERIAT LAS GLICINAS',4,12,1,1),(1174,4,28,366,8,8,1,'08418303','15820842386689',NULL,'GERIAT PARA LA TERCERA EDAD BALCARCE','GERIAT BALCARCE',4,12,1,0),(1175,4,12,366,8,8,1,'08418672','15820842386844',NULL,'HOLEPAM LA CASONA DE MARÍA','HOLEPAM LA CASONA DE MARIA',4,1,1,0),(1176,4,1,366,8,8,1,'08419086','15820842386659',NULL,'GERIAT LA CASA DE LULU','GERIAT LA CASA DE LULU',4,2,1,0),(1177,4,29,366,8,8,1,'08419095','53820842386800',NULL,'SERV INTER DOMIC ATENCION DE LA SALUD','SID ATENCION DE LA SALUD',4,13,1,0),(1178,4,28,366,8,8,1,'08419122',NULL,NULL,'SERVICIO DE INTERNACION DOMICILIARIA DEL CTRO.MEDICO PREVINCA','SERVICIO DE INTERNACION DOMICILIARIA DEL CTRO.MEDI',4,12,1,1),(1179,4,29,366,8,8,1,'08419131','15820842386781',NULL,'HOLEPAM GREEN HOUSE','HOLEPAM GREEN HOUSE',4,13,1,0),(1180,4,21,366,8,8,1,'08419140','15820842386788',NULL,'HOLEPAM AMANECER','HOLEPAM AMANECER',4,5,1,0),(1181,4,28,366,8,8,1,'08419896','15820842386813',NULL,'HOLEPAM LIMA','HOLEPAM LIMA',4,12,1,0),(1182,4,27,346,8,8,1,'08419914','15820842386620',NULL,'HOLEPAM EL JARDIN DE LOS ABUELOS','HOLEPAM EL JARDIN DE LOS ABUEL',4,11,1,0),(1183,4,2,366,8,8,1,'08420382','14820842386759','8','HOGAR PERMANENTE CON CTRO EDUCAT TERAP FUNDACION EVEREST','HOGAR FUNDACION EVEREST',4,3,1,0),(1184,4,28,366,8,8,1,'08420391','15820842386905',NULL,'GERIAT LUZ DE VIDA','GERIAT LUZ DE VIDA',4,12,1,0),(1185,4,28,366,8,8,1,'08421129','53820842386865',NULL,'SERV INTER DOMIC ECCO ','SID ECCO',4,12,1,0),(1186,4,28,366,8,8,1,'08421318','53820842386762',NULL,'SERV INTER DOMIC EN CASA','SID EN CASA',4,12,1,0),(1187,4,29,355,8,8,1,'08421723','14820842386758',NULL,'HOGAR PERMANENTE Y CENTRO DE DIA PARA PERSONAS CON DISCAPACIDAD VIVENCIAS','HOGAR PERM PERS DISC VIVENCIAS',4,13,1,0),(1188,2,35,378,8,8,1,'09100151','10820912384047',NULL,'CLINICA PRIV. MATER DEI','CLIN PRIV MATER DEI',2,2,1,1),(1189,2,14,394,8,8,1,'09100356','10820912384033',NULL,'CLINICA MODELO','CLIN MODELO',2,1,1,1),(1190,2,14,406,8,8,1,'09100577','10820912384226',NULL,'SANAT DEL VALLE','SANAT DEL VALLE',2,1,1,0),(1191,2,35,402,8,8,1,'09100615','10820912384055',NULL,'CLINICA SAN CRISTOBAL','CLIN SAN CRISTOBAL',2,2,1,0),(1192,2,14,378,8,8,1,'09100623','10820912384036','1','CLINICA PARQUE CERES','CLIN PARQUE CERES',2,1,1,1),(1193,2,35,403,8,8,1,'09100674','10820912384044',NULL,'CLINICA PRIVADA CONVIVIR','CLIN PRIV CONVIVIR',2,2,1,0),(1194,1,15,427,8,8,1,'09800188',NULL,NULL,'GERIAT CRUZ AZUL','GERIAT CRUZ AZUL',1,1,1,0),(1195,3,33,436,8,8,1,'10500040','10821052384042',NULL,'CLINICA PRIVADA BARRANCAS','CLIN PRIV BARRANCAS',3,17,1,0),(1196,3,10,446,8,8,1,'10500139','10821052384232',NULL,'SANAT INTEGRADO AGRUP DE COLABORACION','SANAT INT AGRUP DE COLABORACIO',3,4,1,0),(1197,4,26,451,8,8,1,'10500155','10821052384016',NULL,'CLINICA DE MACIEL','CLIN DE MACIEL',4,10,1,0),(1198,3,32,441,8,8,1,'10500309','10821052386168',NULL,'CLINICA DE ESPEC SAN JERONIMO','CLIN DE ESPEC SAN JERONIMO',3,16,1,0),(1199,4,26,457,8,8,1,'10500490','10821052386290','4','CLINICA PLUSMEDIC','CLIN PLUSMEDIC',4,10,1,0),(1200,4,26,451,8,8,1,'10500520','15821052386921',NULL,'GERIAT MACIEL PARQUE','GERIAT MACIEL PARQUE',4,10,1,0),(1201,3,10,446,8,8,1,'10500694',NULL,NULL,'GERIAT FUNDACION COOPERATIVA ELECTRICA GALVEZ','GERIAT FUND COOP ELECTRICA',3,4,1,0),(1202,3,32,441,8,8,1,'10500864','15821052386587',NULL,'GERIAT LA TATI','GERIAT LA TATI',3,16,1,0),(1203,3,5,468,8,8,1,'11200031','10821122386289',NULL,'CLINICA  IMER GDOR CRESPO','CLIN IMER GDOR CRESPO',3,8,1,0),(1204,3,5,483,8,8,1,'11200112','10821122384256',NULL,'SANAT SAN MARCOS','SANAT SAN MARCOS',3,8,1,0),(1205,3,13,470,8,8,1,'11200171','10821122384013',NULL,'CLINICA CRUZ AZUL','CLINICA CRUZ AZUL',3,1,1,1),(1206,3,5,483,8,8,1,'11200198','10821122384222',NULL,'CLINICA CENTRO','CLIN CENTRO',3,8,1,0),(1207,3,5,483,8,8,1,'11200325',NULL,NULL,'GERIAT TIEMPO VITAL','GERIAT TIEMPO VITAL',3,8,1,1),(1208,4,27,504,8,8,1,'11900165','10821192386293','8','SANATORIO REGIONAL','SANAT REGIOANL',4,11,1,0),(1209,4,27,492,8,8,1,'11900246','10821192384068',NULL,'CLINICAS ASOCIADAS CARCARAÑA','CLIN ASOC CARCARAÑA',4,11,1,1),(1210,4,27,492,8,8,1,'11900262','10821192384117',NULL,'CLINICA NUEVA CLIN NUESTRA SRA DE LUJÁN','CLIN NUEVA CLIN NTRA SRA LUJAN',4,11,1,0),(1211,4,27,502,8,8,1,'11900386','10821192384026',NULL,'CLINICA JARDIN (AMIR)','CLIN JARDIN',4,11,1,0),(1212,4,27,502,8,8,1,'11900416','15821192386787',NULL,'GERIAT EL PARQUE','GERIAT EL PARQUE',4,11,1,0),(1213,4,27,504,8,8,1,'11900424','15821192388552',NULL,'GERIAT SAN LORENZO','GERIAT SAN LORENZO',4,11,1,0),(1214,4,12,491,8,8,1,'11900432',NULL,NULL,'GERIAT. LOS OLIVOS (EX-ALPHA)','GERIAT. LOS OLIVOS (EX-ALPHA)',4,1,1,1),(1215,4,27,502,8,8,1,'11900475','15820842386866',NULL,'GERIAT VIRGEN DE GUADALUPE','GERIAT VIRGEN DE GUADALUPE',4,11,1,0),(1216,4,26,504,8,8,1,'11900637','15821192386768','8','GERIAT CORAZON DE JESUS (EX SOLARES)','GERIAT CORAZON DE JESUS',4,10,1,0),(1217,4,27,501,8,8,1,'11900645',NULL,NULL,'GERIAT DIAS DE CAMPO','GERIAT DIAS DE CAMPO',4,11,1,0),(1218,4,12,503,8,8,1,'11900661',NULL,NULL,'INST DE REHAB INTEGRAL  APREPA','INST REHAB INT APREPA',4,1,1,0),(1219,4,12,491,8,8,1,'11901565',NULL,NULL,'HOLEPAM LOS GIRASOLES CENTRO','HOLEPAM LOS GIRASOLES CENTRO',4,1,1,0),(1220,4,27,491,8,8,1,'11909019','10821192384011',NULL,'CLINICA  MEDICA PRIVADA ASISTENCIAL CLIMPA','CLIN CLIMPA',4,11,1,0),(1221,4,23,508,8,8,1,'12600017','10821262384056',NULL,'CLINICA SAN MARTÍN (6)','CLIN SAN MARTIN',4,7,1,0),(1222,4,23,514,8,8,1,'12600092','10821262384058',NULL,'CLINICA SAN RAFAEL','CLIN SAN RAFAEL',4,7,1,0),(1223,4,23,509,8,8,1,'12600351','13821262384313',NULL,'SANAT PSIQ ASOC ITAL SOCORROS MUTUOS ','SANAT PSIQ ASOC ITAL SOC MUT',4,7,1,0),(1224,4,23,522,8,8,1,'12600432',NULL,NULL,'GERIAT LOS SAUCES','GERIAT LOS SAUCES',4,7,1,0),(1225,4,23,522,8,8,1,'12600475','10821262384009',NULL,'CLINICA CENTRO','CLIN CENTRO',4,7,1,0),(1226,1,15,528,8,8,1,'13300025','10821332384006',NULL,'CLINICA TRINIDAD','CLIN TRINIDAD',1,1,1,1),(1227,1,15,555,8,8,1,'13300301','10821332384025',NULL,'CLINICA INTEGRAL','CLIN INTEGRAL',1,1,1,0),(1228,1,15,562,8,8,1,'13300327','10821332386270',NULL,'CLINICA SAN ROQUE','CLIN SAN ROQUE',1,1,1,0),(1229,1,15,549,8,8,1,'13300378','13821333084290','2','CLINICA DE SALUD MENTAL DR. BRAMARD0 I','CLIN S MENTAL DR BRAMADO I',1,1,1,1),(1230,1,15,549,8,8,1,'13300394','13821332384292',NULL,'CLINICA DE SALUD MENTAL BRAMARD0 II','CLIN S MENTAL BRAMARDO II',1,1,1,0),(1231,4,26,451,8,8,1,'10500988','15821052386859',NULL,'PSICOGERIAT MACIEL PARQUE ANEXO','PSICOGERIAT MACIEL PARQUE ANEX',4,10,1,0),(1232,4,12,361,8,8,1,'08400988',NULL,'','HOLEPAM MACIEL PARQUE','',4,1,1,0),(1233,4,12,364,8,8,1,'08419014',NULL,'','HOLEPAM LA CASITA DEL ABUELO','',4,1,1,0),(1234,4,29,366,8,8,1,'08407152','10820842386295',NULL,'CLINICA PILARES DEL ROSARIO (REHABILITACION)','CLIN PILARES DEL ROSARIO-REHAB',4,13,1,0),(1235,4,1,366,8,8,1,'08404020','15820842386651',NULL,'GERIAT I.A.P.A. I','GERIAT I.A.P.A. I',4,2,1,0),(1236,4,12,366,8,8,1,'08404682',NULL,NULL,'GERIAT. LA CASONA DE LOS NONOS','GERIAT. LA CASONA DE LOS NONOS',4,1,1,1),(1237,4,29,366,8,8,1,'08404704','15820842386662',NULL,'GERIAT LA CASONA DE LOS NONOS','GERIAT LA CASONA DE LOS NONOS',4,13,1,0),(1238,4,1,366,8,8,1,'08404984','15820842386690',NULL,'GERIAT PARQUE','GERIAT PARQUE',4,2,1,0),(1239,4,21,366,8,8,1,'08408015','15820842386680',NULL,'GERIAT SAN ANTONIO SUR','GERIAT SAN ANTONIO SUR',4,5,1,0),(1240,4,12,366,8,8,1,'08414135',NULL,'','HOLEPAM LOS GIRASOLES','',4,1,1,0),(1241,4,28,366,8,8,1,'08409193','14820842384373',NULL,'INST. CARDIOVASCULAR DE ROSARIO ','INST CARDIOVASC DE ROSARIO',4,12,1,0),(1242,4,22,366,8,8,1,'08405819',NULL,NULL,'SERV INTER DOMIC DEL CENTRO MEDICO PREVINCA','SID PREVINCA',4,6,1,0),(1243,4,28,366,8,8,1,'08405246','53820842385964',NULL,'SERV INTER DOMIC JUNTOS CUIDADOS MEDICOS EN EL HOGAR','SID JUNTOS CUID MED HOGAR',4,12,1,0),(1244,4,21,366,8,8,1,'08412100','53820842386855',NULL,'SERV INTER DOMIC SID','SERV INTER DOMIC SID',4,5,1,0),(1245,4,25,371,8,8,1,'08418276','10820842386757',NULL,'CLINICA COOPERATIVA VILLA GOBERNADOR GALVEZ','CLIN COOP VA GDOR GALVEZ',4,9,1,0),(1247,3,13,279,13,5,3,'06309793','50820632286246','9','CS NUEVO HORIZONTE','CS NUEVO HORIZONTE',3,1,0,0),(1248,1,15,555,4,1,3,'13300939','50821332186299','9','CS MARGARITA','CS MARGARITA',1,1,0,0),(1249,4,12,371,4,3,1,'08423145','50820842186676','9','CS INGENIERO MOSCONI','CS INGENIERO MOSCONI',4,1,0,0),(1250,3,13,279,4,3,2,'06309802','51820632186248','Y','LABORATORIO CENTRAL DE PROCESAMIENTO DE PAPANICOLAOU DR. DANIEL ROCCO','LAB DE PAP DR DANIEL ROCCO',3,1,0,0),(1251,1,15,562,4,3,3,'13300947','50821332186247','9','CS SAN MARTIN DE PORRES- VERA','CS SAN MARTIN DE PORRES',1,1,0,0),(1252,1,15,219,4,3,1,'04902342','50820492186539','9','POSTA SANITARIA SAN FRANCISCO','POSTA SAN FRANCISCO',1,1,0,0),(1253,3,13,279,4,3,2,'06309820','52820632186250','4','CENTRO DE TRATAMIENTO AMBULATORIO-ADICCIONES CASA DEL SOL','C DE TRATAMIENTO AMBULATORIO',3,1,0,0),(1254,1,15,210,4,1,3,'04902351','50820492186258','9','CIC MALABRIGO','CIC MALABRIGO',1,1,0,0),(1255,3,18,279,9,8,1,'06309829','50820632586262',NULL,'UNL SALUDABLE','UNL SALUDABLE',3,11,1,0),(1256,4,12,504,13,5,1,'11902528','50821192286256','9','CS DR ESTEBAN LAUREANO MARADONA- SAN LORENZO','CS E MARADONA',4,1,0,0),(1257,3,13,259,4,3,1,'06309811','50820632186754','9','CS CABAL','CS CABAL',3,1,0,0),(1258,3,18,279,8,8,1,'06309723','53820632386282',NULL,'SERV INTER DOMIC NUTRI-HOME','SID NUTRI-HOME',3,11,1,0),(1259,4,28,366,8,8,1,'08419905','13820842384298',NULL,'COMUN. TERAPEUT. FUNDACION ESPERANZA DE VIDA','COMUN TERAPEUT FUND ESP DE VID',4,12,1,0),(1260,4,22,366,8,8,1,'08422452','15820842386807',NULL,'HOLEPAM POSADA DEL SUR','HOLEPAM POSADA DEL SUR',4,6,1,0),(1261,3,18,279,8,8,1,'06329785','50820632386063',NULL,'CENTRO DE REHABILITACION PSICOSOCIAL RUMBOS ','CTRO REHAB PSICOSOC RUMBOS',3,11,1,0),(1262,4,2,366,8,8,1,'08443137','15820842386925',NULL,'HOLEPAM MARIA DE LOS MILAGROS','HOLEPAM MARIA DE LOS MILAGROS',4,3,1,0),(1263,4,12,351,8,8,1,'08443143',NULL,NULL,'CLINICA PSIQUIATRICA SAN ANTONIO','CLINICA PSIQUIATRICA SAN ANTONIO',4,1,1,1),(1264,4,22,366,8,8,1,'08404461','15820842386632',NULL,'GERIAT BARNETT','GERIAT BARNETT',4,6,1,0),(1265,4,27,503,8,8,1,'11900970',NULL,NULL,'HOLEPAM SAN JERONIMO','HOLEPAM SAN JERONIMO',4,11,1,0),(1266,5,11,238,8,8,1,'05627470',NULL,NULL,'HOLEPAM EMILIA','HOLEPAM EMILIA',5,1,1,0),(1267,4,28,366,8,8,1,'08443144',NULL,NULL,'SERV INTER DOMIC EMERGER ','SID EMERGER',4,12,1,0),(1268,4,28,366,8,8,1,'08443142','15820842386796',NULL,'GERIAT SAN JOSE','GERIAT SAN JOSE',4,12,1,0),(1269,3,13,257,4,3,1,'06309838','50820632286263','9','CS RINCON POTREROS','CS R POTREROS',3,1,0,0),(1270,5,11,168,8,8,1,'04203352',NULL,NULL,'HOLEPAM HOGAR DE LAS ABUELAS','HOLEPAM HOGAR DE LAS ABUELAS',5,1,1,0),(1271,3,18,279,8,8,1,'06329788','53820632386797','5','SERV INTER DOMIC SANAFE','SID SANAFE',3,11,1,0),(1273,3,13,118,4,3,1,'03500549','50820352186255','9','CIC LAS MALVINAS','CIC LAS MALVINAS',3,1,0,0),(1274,2,14,70,8,8,1,'02102729','14820212386799','1','COMUN. TERAPEUT. NAZARETH','COMUN. TERAP. NAZARETH',2,1,1,0),(1275,2,14,70,8,8,1,'02102675',NULL,NULL,'HOLEPAM BELGRANO','HOLEPAM BELGRANO',2,1,1,0),(1276,4,27,491,8,8,1,'11902339','53821192386801','8','HOGAR PERMANENTE DE DISCAPACITADOS HOGAR SAN ROQUE ','HOGAR SAN ROQUE',4,11,1,0),(1277,4,29,366,8,8,1,'08405093','15820842386802',NULL,'GERIAT SAN MARTIN','GERIAT SAN MARTIN',4,13,1,0),(1278,4,12,238,8,8,1,'05607468',NULL,NULL,'HOLEPAM ATARDECERES','HOLEPAM ATARDECERES',4,1,1,0),(1279,4,28,366,8,8,1,'08443148','15820842386804',NULL,'HOLEPAM CASONA CONTENTA','HOLEPAM CASONA CONTENTA',4,12,1,0),(1280,4,12,238,8,8,1,'05601105',NULL,NULL,'HOLEPAM  SAN FRANCISCO','HOLEPAM  SAN FRANCISCO',4,1,1,0),(1281,4,12,366,8,8,1,'08414142',NULL,NULL,'HOLEPAM ARCANGEL URIEL','HOLEPAM ARCANGEL URIEL',4,1,1,0),(1282,4,12,238,8,8,1,'05601113',NULL,NULL,'HOLEPAM NUESTRO HOGAR ','HOLEPAM NUESTRO HOGAR',4,1,1,0),(1283,2,14,341,8,8,1,'07720659',NULL,NULL,'HOGAR EL ANGEL DE LA GUARDA','HOGAR EL ANGEL DE LA GUARDA',2,1,1,0),(1284,3,32,443,8,8,1,'10501194','10821052386291',NULL,'HOGAR PERS DISCAP SANTA CECILIA - DIAZ','HOGAR SANTA CECILIA - DIAZ',3,16,1,0),(1285,4,12,502,8,8,1,'11922839',NULL,NULL,'HOLEPAM LA CASONA DE ROLDAN','HOLEPAM LA CASONA DE ROLDAN',4,1,1,0),(1286,4,29,366,8,8,1,'08443152','53820842386761',NULL,'SERV INTER DOMIC HOY INTERNACION DOMICILIARIA','SID HOY INTERN DOMICILIARIA',4,13,1,0),(1287,5,11,168,8,8,1,'04224003','14820422386834',NULL,'HOGAR CON CENTRO DE DIA FAMILIA','HOGAR FAMILIA',5,1,1,0),(1288,4,29,366,8,8,1,'08443149',NULL,NULL,'SERV INTER DOMIC ATMED','SID ATMED',4,13,1,0),(1289,4,22,366,8,8,1,'08443140',NULL,NULL,'GERIAT CAÑOS DE MECA','GERIAT CAÑOS DE MECA',4,6,1,0),(1290,3,6,305,8,8,1,'07022423',NULL,NULL,'GERIAT MARIA AUXILIADORA','GERIAT MARIA AUXILIADORA',3,7,1,0),(1291,5,11,15,8,8,1,'01421325','15820142386608','6','HOLEPAM LOS NARANJOS','HOLEPAM LOS NARANJOS',5,1,1,0),(1292,4,21,361,8,8,1,'08421714',NULL,NULL,'GERIAT ABUELOS FELICES','GERIAT ABUELOS FELICES',4,5,1,0),(1293,4,28,366,8,8,1,'08443145',NULL,NULL,'GERIAT SIERVAS DE JESUS DE LA CARIDAD','GERIAT SIERVAS JESUS CARIDAD',4,12,1,0),(1294,4,22,366,8,8,1,'08421687','15820842386843',NULL,'HOLEPAM JUVENTUD PROLONGADA','HOLEPAM JUVENTUD PROLONGADA',4,6,1,0),(1295,3,13,483,8,8,1,'11201448',NULL,NULL,'HOLEPAM CASA DE LOURDES','HOLEPAM CASA DE LOURDES',3,1,1,0),(1296,4,28,366,8,8,1,'08443156',NULL,NULL,'GERIAT ALTOS DE ELETEAN','GERIAT ALTOS DE ELETEAN',4,12,1,0),(1297,4,28,366,8,8,1,'08443146','53820842385963',NULL,'SERV INTER DOMIC AZUL','SID AZUL',4,12,1,0),(1298,4,12,366,3,5,1,'08423154','50820842986300','9','CS 7 DE ABRIL','CS 7 DE ABRIL',4,1,0,0),(1299,4,12,366,8,8,1,'08443159',NULL,NULL,'HOLEPAM AIRE Y SOL','HOLEPAM AIRE Y SOL',4,1,1,0),(1300,4,12,366,8,8,1,'08443158',NULL,NULL,'HOLEPAM CASA REAL','HOLEPAM CASA REAL',4,1,1,0),(1301,3,6,288,8,8,1,'07022422','15820702386846',NULL,'HOLEPAM OTOÑO DE ORO','HOLEPAM OTOÑO DE ORO',3,7,1,0),(1302,3,13,114,4,3,1,'03500557','50820352186524','9','CS BARRIO MALABRIGO - HELVECIA','CS B MALABRIGO',3,1,0,0),(1303,4,22,366,8,8,1,'08443153','14820842386837',NULL,'HOGAR CON CENTRO DE DIA SANTA ROSA','HOGAR C CTRO DE DIA SANTA ROSA',4,6,1,0),(1304,3,13,403,4,3,4,'09101873','50820912186525','9','CS DR ISAAC WARCHAVSKY','CS DR ISAAC WARCHAVSKY',3,1,0,0),(1305,3,13,279,4,3,1,'06309847',NULL,'9','SUBSECRETARIA DE EMERGENCIAS Y TRASLADOS (SANTA FE)','DIPAES',3,1,0,0),(1306,4,12,15,8,8,1,'01421327',NULL,NULL,'HOLEPAM DIAS FELICES','HOLEPAM DIAS FELICES',4,1,1,0),(1307,4,29,366,8,8,1,'08443162','15820842386845',NULL,'HOLEPAM HOSTAL DEL SOL','HOLEPAM HOSTAL DEL SOL',4,13,1,0),(1308,3,18,279,8,8,1,'06309147','15820632386847',NULL,'HOLEPAM CASA MARIA DEL ROSARIO','HOLEPAM CASA MARIA DEL ROSARIO',3,11,1,0),(1309,3,6,289,8,8,1,'07022424','15820702386832',NULL,'GERIAT MARITA','GERIAT MARITA',3,7,1,0),(1310,1,15,205,4,3,3,'04902369','50820492186534','9','CS ISLA GUAYCURU','CS ISLA GUAYCURU',1,1,0,0),(1311,4,23,516,8,8,1,'12601111','15821262386922',NULL,'HOLEPAM UNION DE RECUERDOS','HOLEPAM UNION DE RECUERDOS',4,7,1,0),(1312,3,13,302,4,3,1,'07002430','50820702286251','9','CS BARRIO NORTE','CS BARRIO NORTE',3,1,0,0),(1313,4,29,366,8,8,1,'08443157',NULL,NULL,'HOLEPAM FUENTE DE VIDA','HOLEPAM FUENTE DE VIDA',4,13,1,1),(1314,4,2,366,8,8,1,'08443151','15820842386884',NULL,'HOLEPAM RENACER JUNTOS','HOLEPAM RENACER JUNTOS',4,3,1,0),(1315,4,12,366,8,8,1,'08443166',NULL,'8','SERV INTER DOMIC ACTIVAR SALUD ','SID ACTIVAR SALUD  ',4,1,1,1),(1316,4,9,15,8,8,1,'01421326',NULL,NULL,'SERVICIO DE INTERNACION DOMICILIARIA SALUD ACTIVA ','SID SALUD ACTIVA',4,4,1,1),(1317,3,3,276,13,5,1,'06309856','50820632286537','9','CS ADELINA ESTE','CS ADELINA ESTE',3,2,0,0),(1318,4,28,366,8,8,1,'08404091',NULL,NULL,'GERIAT PUEYRREDON','GERIAT PUEYRREDON',4,12,1,0),(1319,1,15,174,13,5,3,'04902378','50820492286538','9','CS POSTA EL TIMBO','CS POSTA EL TIMBO',1,1,0,0),(1320,4,29,366,8,8,1,'08443161','15820842386817',NULL,'GERIAT FLORIDA NORTE','GERIAT FLORIDA NORTE',4,13,1,0),(1321,3,18,279,8,8,1,'06329791',NULL,NULL,'HOLEPAM SAN MIGUEL','HOLEPAM SAN MIGUEL',3,11,1,0),(1322,4,28,366,8,8,1,'08443164',NULL,NULL,'GERIAT EL CEDRO REAL','GERIAT EL CEDRO REAL',4,12,1,0),(1323,2,14,70,8,8,1,'02122777',NULL,NULL,'HOGAR EL CEIBO PARA PERS CON DISCAP','HOGAR EL CEIBO',2,1,1,0),(1324,4,28,366,8,8,1,'08443170',NULL,NULL,'GERIAT BELEN II','GERIAT BELEN II',4,12,1,0),(1325,4,28,366,8,8,1,'08443165',NULL,NULL,'GERIAT AYMARA','GERIAT AYMARA',4,12,1,0),(1326,4,12,369,4,3,1,'08423163','50820842186542','9','CS LOS PINOS - PARAJE EL CARAMELO - VILLA AMELIA','CS Los Pinos-El Caramelo',4,1,0,0),(1327,4,27,491,8,8,1,'11922521',NULL,NULL,'HOLEPAM LUCERO','HOLEPAM LUCERO',4,11,1,0),(1328,3,13,279,4,3,1,'06309874','50820632186544','9','CENTRO DE ATENCION AMBULATORIA PROGRAMDA','Centro de Atencion Ambulatoria',3,1,0,0),(1329,4,29,366,8,8,1,'08443163',NULL,NULL,'HOLEPAM ELOISA','HOLEPAM ELOISA',4,13,1,0),(1330,3,13,279,5,3,1,'06309865','50820633286543','9','DIVISIÓN DE ASUNTOS JUVENILES','División de Asuntos Juveniles',3,1,0,0),(1331,4,29,366,8,8,1,'08443175','15820842386886',NULL,'GERIAT SOL DE FISHERTON','GERIAT SOL DE FISHERTON',4,13,1,0),(1332,4,2,366,8,8,1,'08443171','14820842388561','8','HOGAR CON CENTRO DE DIA LOS AMORINIS','HOGAR C C DE DIA LOS AMORINIS',4,3,1,0),(1333,4,12,366,8,8,1,'08443141',NULL,NULL,'HOLEPAM DEAN FUNES','HOLEPAM DEAN FUNES',4,1,1,0),(1334,3,13,446,8,8,1,'10500325',NULL,NULL,'CLINICA  REGIONAL GALVEZ','CLIN REGIONAL GALVEZ',3,1,1,0),(1335,4,28,366,8,8,1,'08443173',NULL,NULL,'GERIAT ABRIL','GERIAT ABRIL',4,12,1,0),(1336,4,28,366,8,8,1,'08405140',NULL,NULL,'GERIAT JESUS DE NAZARETH','GERIAT JESUS DE NAZARETH',4,12,1,0),(1337,4,28,366,8,8,1,'08443176','15820842386943',NULL,'GERIAT BRISAS DEL SUR','GERIAT BRISAS DEL SUR',4,12,1,0),(1338,3,13,279,5,3,1,'06309883','50820632186669','9','PABELLON JUVENIL CARCEL DE LAS FLORES','PABELLON JUVENIL',3,1,0,0),(1339,4,12,366,8,8,1,'08421705',NULL,NULL,'GERIATRICO LOURDES','GERIATRICO LOURDES',4,1,1,1),(1340,4,12,366,8,8,1,'08443172',NULL,'8','HOGAR CON CENTRO DE DIA PADRE TIBURCIO','HOGAR PADRE TIBURCIO',4,1,1,1),(1341,4,28,366,8,8,1,'08443169',NULL,NULL,'HOLEPAM SETIEMBRE','HOLEPAM SETIEMBRE',4,12,1,0),(1342,2,14,70,4,3,3,'02102783','50820212186681','9','CS 10 2 DE ABRIL','CS 10 2 DE ABRIL',2,1,0,0),(1343,4,22,366,8,8,1,'08443178','15820842386814',NULL,'HOLEPAM FRAR','HOLEPAM  FRAR',4,6,1,0),(1344,4,27,356,8,8,1,'08443177','14820842386810',NULL,'HOGAR PERS DISCAP CTRO DE DIA COTTOLENGO DON ORIONE','HOGAR COTTOLENGO DON ORIONE',4,11,1,0),(1345,4,12,366,8,8,1,'08419519',NULL,NULL,'HOLEPAM SAN AGUSTIN','HOLEPAM SAN AGUSTIN',4,1,1,0),(1346,4,27,502,8,8,1,'11943168','14821192386793',NULL,'HOGAR PERS DISCAP SANTA CECILIA - ROLDAN','HOGAR SANTA CECILIA - ROLDAN',4,11,1,0),(1347,3,5,470,8,8,1,'11221505','15821122386792',NULL,'HOLEPAM OTOÑO DORADO','HOLEPAM OTOÑO DORADO',3,8,1,0),(1348,4,12,366,8,8,1,'08443154','15820842386881',NULL,'HOLEPAM LAS MERCEDES ','HOLEPAM LAS MERCEDES',4,1,1,0),(1349,4,27,345,8,8,1,'08443181','15820842386815',NULL,'GERIAT MI NUEVO HOGAR V','GERIAT MI NUEVO HOGAR V',4,11,1,0),(1350,4,28,366,8,8,1,'08443147',NULL,NULL,'GERIAT DEL CENTRO','GERIAT DEL CENTRO',4,12,1,0),(1351,4,21,366,8,8,1,'08410732',NULL,'8','HOGAR CON CTRO DE DIA PADRE TIBURCIO DON ORIONE','HOGAR CTRO DIA PADRE TIBURCIO ',4,5,1,0),(1352,2,35,394,8,8,1,'09101864','15820912386786',NULL,'HOLEPAM CASA DE ABUELOS TELMO Y LUISA','HOLEPAM CASA DE ABUELOS T Y L',2,2,1,0),(1353,4,22,366,8,8,1,'08443155','15820842386789',NULL,'HOLEPAM SAIENT MARY II','HOLEPAM SAIENT MARY II',4,6,1,0),(1354,3,3,280,8,8,1,'06329795','15820632386811',NULL,'HOLEPAM MI FAMILIA','HOLEPAM MI FAMILIA',3,2,1,0),(1355,4,28,366,7,8,1,'08425770','50820842386528',NULL,'CENTRO DE ATENCION MEDICA PRIMARIA CEMAP - OSPECON','CEMAP - OSPECON',4,12,1,0),(1356,4,28,366,8,8,1,'08423136','15820842386896',NULL,'HOLEPAM NOVIEMBRE','HOLEPAM NOVIEMBRE',4,12,1,0),(1357,3,3,280,8,8,1,'06329796','15820632386809',NULL,'HOLEPAM SARA','HOLEPAM SARA',3,2,1,1),(1358,3,6,288,8,8,1,'07022425','15820702386785',NULL,'HOLEPAM NATIVIDAD DEL SENOR','HOLEPAM NATIVIDAD DEL SENOR',3,7,1,0),(1359,4,12,15,14,3,1,'01401331','50820142986301','9','CS 7 DE ABRIL - CASILDA','CS 7 de Abril - Casilda',4,1,0,0),(1360,3,13,279,4,3,1,'06399999',NULL,NULL,'DROGUERIA CENTRAL PROVINCIAL','DROGUERIA CENTRAL PROVINCIAL',3,1,0,0),(1361,4,12,366,4,3,1,'08499400',NULL,NULL,'DROGUERIA NODO ROSARIO','DROGUERIA NODO ROSARIO',4,1,0,0),(1362,3,13,279,4,3,1,'06399300',NULL,NULL,'DROGUERIA NODO SANTA FE','DROGUERIA NODO SANTA FE',3,1,0,0),(1363,1,15,219,4,3,1,'04999100',NULL,NULL,'DROGUERIA NODO RECONQUISTA','DROGUERIA NODO RECONQUISTA',1,1,0,0),(1364,5,11,168,4,3,1,'04299500',NULL,'0','DROGUERIA NODO VENADO TUERTO','DROGUERIA NODO VENADO TUERTO',5,1,0,0),(1365,2,14,70,4,3,1,'02199200',NULL,NULL,'DROGUERIA NODO RAFAELA','DROGUERIA NODO RAFAELA',2,1,0,0),(1366,5,11,168,4,3,1,'04240099','51820422186763','0','LABORATORIO CENTRO REGIONAL DE PAPANICOLAOU','LABORATORIO CENTRO REGIONAL DE PAPANICOLAOU',5,1,0,0),(1367,2,14,341,13,5,1,'07777658','50820772286764','9','CIC DR NESTOR KIRCHNER','CIC Dr Nestor Kirchner',2,1,0,0),(1368,3,6,265,8,8,1,'06329799','15820632386780',NULL,'HOLEPAM JUAN PABLO II','HOLEPAM JUAN PABLO II',3,7,1,0),(1369,5,11,157,4,3,1,'04204000','50820422186848','9','CS MARTA FRIGERIO','CS Marta Frigerio',5,1,0,0),(1370,3,6,293,8,8,1,'07002421',NULL,NULL,'HOLEPAM RENACER II','HOLEPAM RENACER II',3,7,1,0),(1371,3,17,254,8,8,1,'06309714','14820632386858',NULL,'HOGAR CON CENTRO DE DIA SAN EXPEDITO','HOGAR CTRO DIA SAN EXPEDITO',3,10,1,0),(1372,4,22,366,8,8,1,'08443184','14820842386856',NULL,'HOGAR PADRE TIBURCIO II','HOGAR PADRE TICURCIO II',4,6,1,0),(1373,4,28,366,8,8,1,'08414126',NULL,NULL,'GERIAT SAIENT MARY I','GERIAT SAIENT MARY I',4,12,1,0),(1374,4,12,366,4,3,1,'08423172','52820842186673','9','CENTRO DE DIA VIVERO AGROECOLOGICO ROSARIO','Ctro Dia Vivero Agroecologico ',4,1,0,0),(1375,3,32,441,4,3,1,'10501208',NULL,'9','INSTITUTO CORRECCIONAL MODELO U1 CESAR RAUL TABARES','Inst Correc U1 Cesar R Tabares',3,16,0,0),(1376,4,29,366,8,8,1,'08443179','15820842386860',NULL,'HOLEPAM LOS GIRASOLES II','HOLEPAM LOS GIRASOLES II',4,13,1,0),(1377,3,18,279,8,8,1,'06329806','13820632386857',NULL,'SERV MED PERM SEMMEP','SERV MED PERM SEMMEP',3,11,1,0),(1378,4,28,366,8,8,1,'08443187','15820842386870',NULL,'HOLEPAM AIRE DE PAZ','HOLEPAM AIRE DE PAZ',4,12,1,0),(1379,3,18,279,8,8,1,'06329807','53820632386861',NULL,'SERV INTER DOMIC ASSIST HOME','SID ASSIST HOME',3,11,1,0),(1380,4,28,366,8,8,1,'08443174','15820842386864',NULL,'HOLEPAM EL JUNCO','HOLEPAM EL JUNCO',4,12,1,0),(1381,3,18,279,4,8,1,'06399301',NULL,'0','DIRECCION DE FARMACIA','DIRECCION DE FARMACIA',3,11,0,0),(1382,4,12,351,4,3,1,'08423181','50820842186849','9','CS CARMEN DEL SAUCE','CS Carmen del Sauce',4,1,0,0),(1383,3,19,279,8,8,1,'06329798','15820632386863',NULL,'HOLEPAM SAN LUIS','HOLEPAM SAN LUIS',3,12,1,0),(1384,4,29,366,8,8,1,'08443183','14820842386868',NULL,'PEQUENO HOGAR P DISCAPACITADOS APRIM HENA YANZON','HOGAR APRIM H YANSON',4,13,1,0),(1385,3,18,279,8,8,1,'06329793','53820632386918',NULL,'SERV INTER DOMIC CALMAR','SID CALMAR',3,11,1,0),(1386,3,18,279,8,8,1,'06329802','15820632386871',NULL,'GERIAT DR VALDERRAMA','GERIAT DR VALDERRAMA',3,11,1,0),(1387,4,22,366,8,8,1,'08443189','15820842386869',NULL,'HOLEPAM STELLA MI SAGRADO REFUGIO','HOLEPAM STELLA MI SAG REFUGIO',4,6,1,0),(1388,4,28,366,8,8,1,'08443190','15820842386878',NULL,'GERIAT ARROYOS','GERIAT ARROYOS',4,12,1,0),(1389,4,29,366,8,8,1,'08443188','15820842386874',NULL,'GERIAT LAS CALAS','GERIAT LAS CALAS',4,13,1,0),(1390,4,28,366,8,8,1,'08443191','53820842386877',NULL,'SERV INTER DOMIC PARARED','SID PARARED',4,12,1,0),(1391,3,19,279,8,8,1,'06329805','53820632386875',NULL,'SERV INTER DOMIC RED VITAL','SID RED VITAL',3,12,1,0),(1392,3,19,279,8,8,1,'06329808','14820632386876','5','CENTRO DE REHABILITACION PSICOSOCIAL UN PROYECTO DE VIDA','CTRO REHAB PSIC PROYECTO VIDA',3,12,1,0),(1393,3,13,279,13,5,1,'06309892','53820632286862','9','SECRETARIA DE SALUD - MUNICIPALIDAD DE SANTA FE','Secretaria de Salud - Municipa',3,1,0,0),(1394,2,35,378,13,5,1,'09101882','50820912286872','9','CIC CERES','CIC Ceres',2,2,0,0),(1395,3,3,280,8,8,1,'06329804','	 158206323868',NULL,'HOLEPAM LOS CEIBOS','HOLEPAM LOS CEIBOS',3,2,1,0),(1396,5,11,141,8,8,1,'04224008','10820422386897','7','CLINICA MEDICA CRECIENDO','CLINICA MEDICA CRECIENDO',5,1,1,1),(1397,4,12,366,4,3,1,'08423190','53820842186','9','SUBSECRETARIA DE EMERGENCIAS Y TRASLADOS (ROSARIO)','SUBSECRETARIA DE EMERGENCIAS Y TRASLADOS (Rosario)',4,1,0,0),(1398,4,29,366,8,8,1,'08443194','15820842386898',NULL,'GERIAT VILLA VIDA (NUEVO)','GERIAT VILLA VIDA',4,13,1,0),(1399,4,21,366,8,8,1,'08422461','14820842386891',NULL,'HOGAR CON CENTRO DE DIA SANTA CECILIA','HOGAR CON CENTRO DE DIA SANTA ',4,5,1,0),(1400,4,2,366,8,8,1,'08443192','15820842388546',NULL,'HOLEPAM VILLA MERCEDES','HOLEPAM VILLA MERCEDES',4,3,1,0),(1401,4,9,15,8,8,1,'01421324','15820142386607',NULL,'GERIAT MI SUEÑO','GERIAT MI SUEÑO',4,4,1,0),(1402,4,28,366,8,8,1,'08443193','15820842386894',NULL,'GERIAT EXCELENCIA','GERIAT EXELENCIA',4,12,1,0),(1403,5,11,169,8,8,1,'04224006','10820422386895',NULL,'CLINICA PRIVADA VILLA CAÑAS','CLIN PRIV VILLA CAÑAS',5,1,1,0),(1404,4,23,514,13,5,1,'12601285','50821262286883','9','CIC EL TREBOL','CIC El Trebol',4,7,0,0),(1405,3,3,280,8,8,1,'06329797','15820632386893',NULL,'HOLEPAM OASIS','HOLEPAM OASIS',3,2,1,0),(1406,3,13,417,NULL,3,1,'09800633',NULL,'9','CS PUEBLO MOCOVI','CS PUEBLO MOCOVI',3,1,0,0),(1407,4,28,366,8,8,1,'08443195','15820842386892',NULL,'GERIAT MAYSUMAK','GERIAT MAYSUMAK',4,12,1,0),(1408,4,22,366,8,8,1,'08421696','15820842386650',NULL,'HOLEPAM DAVID','HOLEPAM DAVID',4,6,1,0),(1409,1,30,219,8,8,1,'04922334','53820492388556',NULL,'SERV INTER DOMIC ATENDER SALUD','SID ATENDER SALUD',1,2,1,0),(1410,5,11,157,8,8,1,'04224007','53820422386916',NULL,'SERV INTER DOMIC ASISTENCIA SALUD','SID ASISTENCIA SALUD',5,1,1,0),(1411,3,5,468,8,8,1,'11221503','10821122386899',NULL,'CLINICA COO CRE SER','CLIN COO CRE SER',3,8,1,0),(1412,4,22,366,8,8,1,'08443182','15820842386928',NULL,'GERIAT NUEVO ABRIL','GERIAT NUEVO ABRIL',4,6,1,0),(1413,4,28,366,8,8,1,'08422830','14820842386903',NULL,'HOGAR CON CENTRO DE DIA PARA DISCAPACITADOS CIRE','HOGAR CTRO DIA DISCAP CIRE',4,12,1,0),(1414,3,19,279,8,8,1,'06307041','13820632386904',NULL,'HOSTAL DE LA RED INTEGRAL ASISTENCIA MENTAL','HOSTAL RED INT ASIST MENTAL',3,12,1,0),(1415,4,12,366,NULL,7,1,'08480800',NULL,'9','ASOCIACION CIENTIFICA DE AYUDA AL DROGADEPENDIENTE ','ACAAD',4,1,0,0),(1416,3,13,279,NULL,7,1,'06380200',NULL,'9','CENTRO INTERDISCIPLINARIO PREVENCIÓN ENFERMEDADES TRANSMISIÓN SEXUAL Y SIDA','CIPRESS',3,1,0,0),(1417,4,12,366,NULL,7,1,'08480809',NULL,'9','ASOCIACION CIVIL VOLUNTARIO CONTRA EL SIDA','VCS',4,1,0,0),(1418,3,13,441,NULL,7,1,'10580800',NULL,'9','ASOCIACIÓN CIVIL CAMPUS EDUCATIVA CORONDA','Asociación Civil Campus Educativa Coronda',3,1,0,0),(1419,1,15,189,NULL,7,1,'04980800',NULL,'9','ASOCIACION DE BOMBEROS VOLUNTARIOS DE FOLERNCIA','ASOCIACION DE BOMBEROS VOLUNTARIOS DE FOLERNCIA',1,1,0,0),(1420,3,13,279,NULL,7,1,'06380809',NULL,'9','ACCIÓN EDUCATIVA  SANTA FE ','Acción Educativa  Santa Fe ',3,1,0,0),(1421,3,13,279,NULL,7,1,'06380818',NULL,'9','FUNDACION RED CREANDO','Fundacion Red Creando',3,1,0,0),(1422,1,15,174,NULL,7,1,'04980809',NULL,'9','ASOCIACION VALORES PARA LA VIDA ','ASOCIACION VALORES PARA LA VIDA ',1,1,0,0),(1423,4,12,508,NULL,7,1,'12680800',NULL,'9','ASOCIACION CIVIL CENTRO TRADICIONAL (LA CARRETA)','LA CARRETA',4,1,0,0),(1424,2,14,70,NULL,1,1,'02180827',NULL,'9','REVUELO DIVERSIDAD','Revuelo Diversidad',2,1,0,0),(1425,3,13,279,NULL,7,1,'06380400',NULL,'9','MINISTERIO DE TRABAJO','Ministerio de Trabajo',3,1,0,0),(1426,3,13,279,NULL,1,1,'06380009',NULL,'9','UNIVERSIDAD NACIONAL DEL LITORAL','UNL',3,1,0,0),(1427,3,13,279,NULL,7,1,'06380836',NULL,'9','COMISIÓN DE FAMILIARES DE VICTIMAS INDEFENSAS DE LA VIOLENCIA SOCIAL-POLICIAL-JU','COFAVI',3,1,0,0),(1428,3,13,279,NULL,7,1,'06380845',NULL,'9','ASOCIACIÓN MUJERES MERETRICES DE LA ARGENTINA EN ACCIÓN POR NUESTROS DERECHOS','AMMAR',3,1,0,0),(1429,4,1,366,8,8,1,'08443197','15820842386929',NULL,'HOLEPAM FUENTE DE VIDA','HOLEPAM FUENTE DE VIDA',4,2,1,0),(1430,3,16,428,8,8,1,'09820634','15820982386931',NULL,'HOLEPAM LA CASITA','HOLEPAM LA CASITA',3,9,1,0),(1431,3,18,279,8,8,1,'06329811','15820632386932',NULL,'HOLEPAM SAN JORGE III','HOLEPAM SAN JORGE III',3,11,0,0),(1432,4,22,366,8,8,1,'08443198','15820842386930',NULL,'GERIAT EL ARCANGEL I','GERIAT EL ARCANGEL I',4,6,0,0),(1433,4,28,366,8,8,1,'08455491','50820842385339',NULL,'INST GAMMA','INST GAMMA',4,12,0,0),(1434,4,28,366,8,8,1,'08455492','53820842786901',NULL,'MUTUAL FEDERADA 25 DE JUNIO','MUTUAL FEDERADA 25 DE JUNIO',4,12,0,0),(1435,4,22,366,8,8,1,'08443199','15820842386946',NULL,'GERIAT EL JARDIN DE LAS ABUELAS','GERIAT EL JARDIN DE LAS ABUE',4,6,0,0),(1436,4,12,366,5,3,1,'08423199','50820843286920','9','INSTITUTO DE RECUPERACION DEL ADOLESCENTE DE ROSARIO','IRAR',4,1,0,0),(1437,2,14,70,4,3,1,'02180400',NULL,'9','CENTRO CIVICO RAFAELA','Centro Civico Rafaela',2,1,0,0),(1438,3,13,279,4,3,1,'06380418',NULL,'9','JUNTA ESCALAFONAMIENTO SANTA FE','Junta Escalafonamiento Santa F',3,1,0,0),(1439,3,13,279,4,3,1,'06380427',NULL,'9','AGENCIA SANTAFESINA DE SEGURIDAD ALIMENTARIA','ASSAL',3,1,0,0),(1440,3,13,279,4,3,1,'06380436',NULL,'9','DIRECCION DE PROMOCION Y PREVENCION DE LA SALUD','Dccion Prom y Prev Salud',3,1,0,0),(1441,4,12,366,4,3,1,'08480400',NULL,'9','JUNTA ESCALAFONAMIENTO ROSARIO','Junta Escalafonamiento Rosario',4,1,0,0),(1442,4,12,366,13,5,1,'08480409',NULL,'9','CENTRO MUNICIPAL DISTRITO SUR ROSARIO ZIPEROVICH','Ctro Mpal Dto Sur R Ziperovich',4,1,0,0),(1443,4,12,366,13,5,1,'08480418',NULL,'9','CENTRO DE LA JUVENTUD','Centro de la Juventud',4,1,0,0),(1444,1,15,539,4,3,1,'13380400',NULL,'9','CENTRO OPERATIVO TERRITORIAL GOLONDRINA','COT Golondrina',1,1,0,0),(1445,1,15,562,4,3,1,'13380409',NULL,'9','CENTRO OPERATIVO TERRITORIAL VERA','COT Vera',1,1,0,0),(1446,1,15,227,4,3,1,'04980400',NULL,'9','CENTRO OPERATIVO TERRITORIAL VILLA OCAMPO','COT Villa Ocampo',1,1,0,0),(1447,1,15,174,4,3,1,'04980409',NULL,'9','CENTRO OPERATIVO TERRITORIAL AVELLANEDA','COT Avellaneda',1,1,0,0),(1448,2,14,70,4,3,1,'02180409',NULL,'9','CENTRO OPERATIVO TERRITORIAL RAFAELA','COT Rafaela',2,1,0,0),(1449,2,14,76,4,3,1,'02180418',NULL,'9','CENTRO OPERATIVO TERRITORIAL SUNCHALES','COT Sunchales',2,1,0,0),(1450,2,14,341,4,3,1,'07780400',NULL,'9','CENTRO OPERATIVO TERRITORIAL TOSTADO','COT Tostado',2,1,0,0),(1451,3,13,279,4,3,1,'06380445',NULL,'9','CENTRO OPERATIVO TERRITORIAL SANTA FE','COT Santa Fe',3,1,0,0),(1452,3,32,441,4,3,1,'10580400',NULL,'9','CENTRO OPERATIVO TERRITORIAL CORONDA','COT Coronda',3,16,0,0),(1453,3,6,288,4,3,1,'07080400',NULL,'9','CENTRO OPERATIVO TERRITORIAL ESPERANZA','COT Esperanza',3,7,0,0),(1454,3,5,483,4,3,1,'11280400',NULL,'9','CENTRO OPERATIVO TERRITORIAL SAN JUSTO','COT San Justo',3,8,0,0),(1455,3,16,428,4,3,1,'09880400',NULL,'9','CENTRO OPERATIVO TERRITORIAL SAN JAVIER','COT San Javier',3,9,0,0),(1456,4,12,366,4,3,1,'08480427',NULL,'9','CENTRO OPERATIVO TERRITORIAL ROSARIO','COT Rosario',4,1,0,0),(1457,4,25,88,4,3,1,'02880400',NULL,'9','CENTRO OPERATIVO TERRITORIAL EMPALME V CONSTITUCION','COT Empalme V Constitucion',4,9,0,0),(1458,2,14,522,4,3,1,'12680400',NULL,'9','CENTRO OPERATIVO TERRITORIAL SAN JORGE','COT San Jorge',2,1,0,0),(1459,4,12,504,4,3,1,'11980400',NULL,'9','CENTRO OPERATIVO TERRITORIAL SAN LORENZO','COT San Lorenzo',4,1,0,0),(1460,4,12,363,4,3,1,'08480436',NULL,'9','CENTRO OPERATIVO TERRITORIAL PUEBLO ESTHER','COT  Pueblo Esther',4,1,0,0),(1461,4,12,15,4,3,1,'01480400',NULL,'9','CENTRO OPERATIVO TERRITORIAL CASILDA','COT Casilda',4,1,0,0),(1462,5,11,168,4,3,1,'04280409',NULL,'9','CENTRO OPERATIVO TERRITORIAL VENADO TUERTO','COT Venado Tuerto',5,1,0,0),(1463,5,11,141,4,3,1,'04280418',NULL,'9','CENTRO OPERATIVO TERRITORIAL FIRMAT','COT  Firmat',5,1,0,0),(1464,5,11,157,4,3,1,'04280427',NULL,'9','CENTRO OPERATIVO TERRITORIAL RUFINO','COT Rufino',5,1,0,0),(1465,5,11,168,4,3,1,'04204018',NULL,'9','SUBSECRETARIA DE EMERGENCIAS Y TRASLADOS VENADO TUERTO','Subsec Emerg Trasl Vdo Tuerto',5,1,0,0),(1466,2,14,70,4,3,1,'02102792',NULL,'9','SUBSECRETARIA DE EMERGENCIAS Y TRASLADOS RAFAELA','Subsec Emerg Trasl Rafaela',2,1,0,0),(1467,1,30,219,4,3,1,'04902387',NULL,'9','SUBSECRETARIA EMERGENCIAS TRASLADOS RECONQUISTQA','Subsec Emerg Trasl Reconquista',1,2,0,0),(1468,3,13,279,4,3,1,'0639847',NULL,'9','SUBSECRETARIA DE EMERGENCIAS Y TRASLADOS SANTA FE','Subsec Emerg Trasl Santa Fe',3,1,0,1),(1469,4,23,522,4,3,1,'12601294','50821262186933','9','CS 10 DE JUNIO','CS 10 de JUNIO',4,7,0,0),(1470,3,19,279,8,8,1,'06329813','52820632386942',NULL,'CENTRO DE REHABILITACION PSICOSOCIAL CAMCO I','CENTRO DE REH PSICO CAMCO I',3,12,0,0),(1471,4,21,366,8,8,1,'08443196','15820842386945',NULL,'GERIAT WILDE','GERIAT WILDE',4,5,0,0),(1472,2,14,402,4,3,1,'09180400',NULL,'9','CENTRO OPERATIVO TERRITORIAL SAN CRISTOBAL','COT San Cristobal',2,1,0,0),(1473,3,18,279,8,8,1,'06307887','53820632385957','5','SERV INTER DOMIC UNIDEM SA','SID UNIDEM SA',3,11,0,0),(1474,1,15,219,8,8,1,'04902243','53820492386947','','HOGAR CON CENTRO DE DIA SAN FRANCISCO','HOGAR C CTRO DE DIA S FRANCI',1,1,0,0),(1475,4,23,522,4,3,1,'12601249',NULL,'9','CS 10 DE JUNIO ','CS 10 de JUNIO',4,7,0,1),(1476,3,13,279,8,8,1,'06329812','52820632388548',NULL,'CENTRO DE REHABILITACION PSICOSOCIAL CAMCO ','CENTRO DE REH PSCO CAMCO ',3,1,0,0),(1477,3,13,279,4,3,1,'06309901','52820632186934','9','CENTRO DE DIA ROSALINA F DE PEIROTEN','CTRO DE DIA R F DE PEIROTEN',3,1,0,0),(1478,3,13,271,4,3,4,'06309910','50820632186935','9','CS BARRIO PAPROKY','CS B PAPROKY',3,1,0,0),(1479,4,29,366,8,8,1,'08443201','53820842388551',NULL,'SERV INTER DOMIC NUTRI-HOME','SERV INTER DOMIC NUTRI-HOME',4,13,0,0),(1480,1,15,528,8,8,1,'13320941','10821332388547',NULL,'CLINICA SAGRADO CORAZON','CLIN SAGRADO CORAZON',1,1,0,0),(1481,2,14,70,NULL,3,1,'02102801','50820212186944','9','CS MARIA INES TARCHINI DE DELLASANTA','CS MARIA INES',2,1,0,0),(1482,5,11,168,4,3,1,'04280400',NULL,'9','CENTRO CIVICO VENADO TUERTO','Centro Civico v tuerto',5,1,0,0),(1483,3,8,114,4,3,1,'03599100',NULL,'','DROGUERIA SUB-REGION HELVECIA','DROGUERIA SUB-REGION HELVECIA',3,5,0,0),(1484,3,17,279,8,8,1,'06329819','15820632388558','5','HOLEPAM SOLAR GUADALUPE','HOLEPAM SOLAR GUADALUPE',3,10,0,0),(1485,3,32,441,8,8,1,'10521196','15821052388553',NULL,'HOLEPAM MADRE TERESA','HOLEPAM MADRE TERESA',3,16,0,0),(1486,3,18,279,8,8,1,'06329820','15820632388554',NULL,'HOSTAL ASISTIDO CENAT','HOSTAL ASISTIDO CENAT',3,11,0,0),(1487,2,14,70,8,8,1,'02122776','11820212388549',NULL,'CLINICA RAFAELA','CLIN RAFAELA',2,1,0,0),(1488,3,18,279,8,8,1,'06329825','53820632388550',NULL,'SERV INTER DOMIC IR SALUD','SERV INTER DOM IR SALUD',3,11,0,0),(1489,4,1,366,8,8,1,'08443203','53820842388559','8','SERV INTER DOMIC TRUMAN','SID TRUMAN',4,2,0,0),(1490,4,21,366,8,8,1,'08443202','14820842388555','8','HOGAR CON CENTRO DE DIA LOS AMORINIS CENTENARIO','HOGAR C CTRO DIA AMORINIS CENT',4,5,1,0),(1491,2,14,76,4,3,1,'02102810','50820212188545','9','CS N 3 DEBORA FERRANDINI','CS N 3',2,1,0,0),(1492,2,14,378,8,8,1,'09121865',NULL,NULL,'CLINICA CERES SALUD','CLIN CERES SALUD',2,1,0,0),(1493,4,12,514,8,8,1,'12621295',NULL,NULL,'HOGAR PERMANENTE P DISC MOTRICES ARCO IRIS','HOGAR ARCO IRIS',4,1,0,0),(1494,3,18,279,8,8,1,'06329828','15820632388563','5','GERIATRICO EL ENCUENTRO','GERIATRICO EL ENCUENTRO',3,11,0,0),(1495,4,12,238,8,8,1,'05627471',NULL,NULL,'HOLEPAM SANTA CECILIA','HOLEPAM SANTA CECILIA',4,1,0,0),(1496,3,13,279,4,3,1,'06399302',NULL,'','BANCO DE DROGAS ONCOLOGICAS','BANCO DE DROGAS ONCOLOGICAS',3,1,0,0),(1497,4,1,366,8,8,1,'08443210','15820842388565','8','HOLEPAM LA CASONA DE VIRGINIA','HOLEPAM LA CASONA DE VIRGINIA',4,2,0,0),(1498,4,2,366,8,8,1,'08443200','15820842388566','8','GERIATRICO POSADA DEL SUR 2','GERIATRICO POSADA DEL SUR 2',4,3,0,0),(1499,5,11,238,8,8,1,'05627472',NULL,NULL,'HOLEPAM EL AMANECER','HOLEPAM EL AMANECER',5,1,0,0),(1500,2,14,70,8,8,1,'02127472','15820212388562','1','HOLEPAM MARIA MADRE DE DIOS','HOLEPAM MARIA MADRE DE DIOS',2,1,0,0),(1501,4,27,491,8,8,1,'11943208',NULL,'8','CLINICA MASA CAPITAN BERMUDEZ','CLINICA MASA CAPITAN BERMUDEZ',4,11,1,0),(1502,3,13,311,8,8,1,'07022427',NULL,NULL,'HOLEPAM LUZ DE VIDA','HOLEPAM LUZ DE VIDA',3,1,0,0),(1503,3,13,279,4,3,1,'06399305',NULL,'','PROGRAMA DERMATOLOGIA SANITARIA','PROG. DERMATOLOGIA SANITARIA',3,1,0,0),(1504,4,12,350,13,5,1,'08423208',NULL,'9','DIRECCIÓN MUNICIPAL DE SALUD- ARROYO SECO','Dirección Municipal de Salud- Arroyo Seco',4,1,0,0),(1505,4,28,366,13,5,1,'08499401',NULL,'','MUNICIPALIDAD DE ROSARIO','MUNICIP. DE ROSARIO',4,12,0,0),(1506,3,13,238,4,3,1,'05607477','50820562188557','9','CS DR GUILLERMO ESTEVEZ BOERO','CS DR BOERO',3,1,0,0),(1507,3,13,279,4,3,1,'06399303',NULL,'','PENITENCIARIA CARCEL DE MUJERES','Penitenciaria Carcel de Mujer',3,1,0,0),(1508,4,12,366,8,3,1,'08443207',NULL,NULL,'HOLEPAM GADES','HOLEPAM GADES',4,1,0,0),(1509,3,13,279,8,1,1,'06308526',NULL,NULL,'HOLEPAM LA VALENTINA','HOLEPAM LA VALENTINA',3,1,0,0),(1510,3,13,238,13,8,1,'05607486','50820562288568','9','CS DR JAVIER FERNANDEZ','CS JAVIER FERNANDEZ',3,1,0,0),(1511,4,12,504,4,8,1,'11902537','50821192188567','9','CS DON JUAN CARLOS MORENO','CS CARLOS MORENO',4,1,0,0);

/*Table structure for table `localidades` */

DROP TABLE IF EXISTS `localidades`;

CREATE TABLE `localidades` (
  `id_localidad` int(10) unsigned NOT NULL AUTO_INCREMENT,
  `id_dpto` int(10) unsigned DEFAULT NULL,
  `nom_loc` varchar(50) NOT NULL,
  `cod_loc` char(2) NOT NULL,
  `cod_dpto` char(3) NOT NULL,
  `cod_prov` char(2) NOT NULL,
  `cod_pais` char(3) NOT NULL,
  `cod_postal` varchar(4) DEFAULT NULL,
  PRIMARY KEY (`id_localidad`),
  UNIQUE KEY `idx_unique_cod_loc_cod_dpto_cod_prov_cod_pais` (`cod_loc`,`cod_dpto`,`cod_prov`,`cod_pais`),
  KEY `idx_fk_localidades_id_dpto` (`id_dpto`),
  KEY `idx_nom_loc` (`nom_loc`),
  CONSTRAINT `fk_localidades_id_dpto` FOREIGN KEY (`id_dpto`) REFERENCES `departamentos` (`id_dpto`) ON DELETE NO ACTION ON UPDATE NO ACTION
) ENGINE=InnoDB AUTO_INCREMENT=814 DEFAULT CHARSET=latin1 COMMENT='localidades, departamentos, provincias y paises con codigos ';

/*Data for the table `localidades` */

insert  into `localidades`(`id_localidad`,`id_dpto`,`nom_loc`,`cod_loc`,`cod_dpto`,`cod_prov`,`cod_pais`,`cod_postal`) values (1,1,'ARMSTRONG','01','007','82','200','2508'),(2,1,'BOUQUET','02','007','82','200','2523'),(3,1,'ITURRASPE','03','007','82','200','0'),(4,1,'LA CALIFORNIA','04','007','82','200','0'),(5,1,'LAS PAREJAS','05','007','82','200','2505'),(6,1,'LAS ROSAS','06','007','82','200','2520'),(7,1,'MONTES DE OCA','07','007','82','200','2521'),(8,1,'TORTUGAS','08','007','82','200','2512'),(10,2,'AREQUITO','01','014','82','200','2183'),(11,2,'ARTEAGA','02','014','82','200','2187'),(12,2,'BERABEVU','03','014','82','200','2639'),(13,2,'BIGAND','04','014','82','200','2177'),(14,2,'CANDELARIA SUR','05','014','82','200','0'),(15,2,'CASILDA','06','014','82','200','2170'),(16,2,'COLONIA HANSEN','07','014','82','200','0'),(17,2,'COLONIA LAGO DI COMO','08','014','82','200','0'),(18,2,'CUATRO ESQUINAS','09','014','82','200','0'),(19,2,'CHABAS','10','014','82','200','2173'),(20,2,'CHAÑAR LADEADO','11','014','82','200','2643'),(21,2,'DESMOCHADO AFUERA','12','014','82','200','0'),(22,2,'GODEKEN','13','014','82','200','2639'),(23,2,'LOS MOLINOS','14','014','82','200','2181'),(24,2,'LOS NOGALES','15','014','82','200','0'),(25,2,'LOS QUIRQUINCHOS','16','014','82','200','2637'),(26,2,'SANFORD','17','014','82','200','2173'),(27,2,'SAN JOSE DE LA ESQUINA','18','014','82','200','2185'),(28,2,'VILLADA','19','014','82','200','2173'),(30,3,'ANGELICA','01','021','82','200','2303'),(31,3,'ATALIVA','02','021','82','200','2307'),(32,3,'AURELIA','03','021','82','200','2318'),(33,3,'BELLA ITALIA','04','021','82','200','2300'),(34,3,'BAUER Y SIGEL','05','021','82','200','2403'),(35,3,'CLUCELLAS','06','021','82','200','2407'),(36,3,'COLONIA ALDAO','07','021','82','200','2317'),(37,3,'COLONIA BICHA','08','021','82','200','2317'),(38,3,'COLONIA BIGAND','09','021','82','200','2317'),(39,3,'COLONIA FRIAS','10','021','82','200','0'),(40,3,'COLONIA HUGENTOBLER','11','021','82','200','2317'),(41,3,'COLONIA ITURRASPE','12','021','82','200','2407'),(42,3,'COLONIA CELLO','13','021','82','200','2405'),(43,3,'JOSEFINA','14','021','82','200','2403'),(44,3,'COLONIA MARGARITA','15','021','82','200','2443'),(45,3,'COLONIA MAUA','16','021','82','200','2311'),(46,3,'COLONIA TACURALES','17','021','82','200','2324'),(47,3,'CORONEL FRAGA','18','021','82','200','2301'),(48,3,'EGUSQUIZA','19','021','82','200','2301'),(49,3,'ESMERALDA','20','021','82','200','2456'),(50,3,'EUSTOLIA','21','021','82','200','2407'),(51,3,'ESTACION CLUCELLAS','22','021','82','200','2407'),(52,3,'ESTRADA','23','021','82','200','0'),(53,3,'EUSEBIA','24','021','82','200','2317'),(54,3,'FIDELA','25','021','82','200','2407'),(55,3,'FRONTERA','26','021','82','200','2301'),(56,3,'GALISTEO','27','021','82','200','2317'),(57,3,'GARIBALDI','28','021','82','200','2443'),(58,3,'HUMBERTO 1','29','021','82','200','2309'),(59,3,'KILOMETRO 85','30','021','82','200','0'),(60,3,'KILOMETRO 483','31','021','82','200','0'),(61,3,'KILOMETRO 501','32','021','82','200','0'),(62,3,'LEHMANN','33','021','82','200','2305'),(63,3,'LOS SEMBRADOS','34','021','82','200','0'),(64,3,'MANGORE','35','021','82','200','0'),(65,3,'MARIA JUANA','36','021','82','200','2445'),(66,3,'NUEVA LEHMANN','37','021','82','200','0'),(67,3,'PRESIDENTE ROCA','38','021','82','200','2301'),(68,3,'PUEBLO MARINI','39','021','82','200','2301'),(69,3,'RAMONA','40','021','82','200','2301'),(70,3,'RAFAELA','41','021','82','200','2300'),(71,3,'COLONIA RAQUEL','42','021','82','200','2309'),(72,3,'SAGUIER','43','021','82','200','2301'),(73,3,'SAN ANTONIO','44','021','82','200','2301'),(74,3,'SANTA CLARA DE SAGUIER','45','021','82','200','2405'),(75,3,'SAN VICENTE','46','021','82','200','2447'),(76,3,'SUNCHALES','47','021','82','200','2322'),(77,3,'SUSANA','48','021','82','200','2301'),(78,3,'TACURAL','49','021','82','200','2324'),(79,3,'VILA','50','021','82','200','2301'),(80,3,'VILLA SAN JOSE','51','021','82','200','2301'),(81,3,'VIRGINIA','52','021','82','200','2311'),(82,3,'ZENON PEREYRA','53','021','82','200','2409'),(84,4,'ALCORTA','01','028','82','200','2117'),(85,4,'BOMBAL','02','028','82','200','2179'),(86,4,'CAÑADA RICA','03','028','82','200','2105'),(87,4,'CEPEDA','04','028','82','200','2921'),(88,4,'EMPALME V CONSTITUCION','05','028','82','200','2918'),(89,4,'FRANCISCO PAZ','06','028','82','200','0'),(90,4,'GENERAL GELLY','07','028','82','200','2701'),(91,4,'GODOY','08','028','82','200','2921'),(92,4,'JUAN B MOLINA','09','028','82','200','2909'),(93,4,'JUNCAL','10','028','82','200','2723'),(94,4,'LA VANGUARDIA','11','028','82','200','3561'),(95,4,'MAXIMO PAZ','12','028','82','200','2115'),(96,4,'PAVON','13','028','82','200','2918'),(97,4,'PAVON ARRIBA','14','028','82','200','2109'),(98,4,'PEYRANO','15','028','82','200','2113'),(99,4,'RUEDA','16','028','82','200','2921'),(100,4,'SANTA TERESA','17','028','82','200','2111'),(101,4,'SARGENTO CABRAL','18','028','82','200','2105'),(102,4,'STEPHENSON','19','028','82','200','0'),(103,4,'THEOBALD','20','028','82','200','2918'),(104,4,'VILLA CONSTITUCION','21','028','82','200','2919'),(106,5,'CAMPO DEL MEDIO','01','035','82','200','0'),(107,5,'CAMPO ITURRASPE','02','035','82','200','0'),(108,5,'CAMPO YOSEN','03','035','82','200','0'),(109,5,'CAYASTA','04','035','82','200','3001'),(110,5,'COLONIA MASCIAS','05','035','82','200','0'),(111,5,'COLONIA SAN JOAQUIN','06','035','82','200','0'),(112,5,'EL LAUREL','07','035','82','200','0'),(113,5,'LAS CAÑAS','08','035','82','200','0'),(114,5,'HELVECIA','09','035','82','200','3003'),(115,5,'LOS CERRILLOS','10','035','82','200','0'),(116,5,'LOS ZAPALLOS','11','035','82','200','0'),(117,5,'SALADERO MARIANO CABAL','12','035','82','200','3003'),(118,5,'SANTA ROSA DE CALCHINES','13','035','82','200','3001'),(119,5,'HELVECIA NORTE','14','035','82','200',NULL),(120,5,'LAS CUATRO BOCAS','16','035','82','200',NULL),(121,5,'LOS ALGARROBOS','17','035','82','200',NULL),(122,5,'EL MARTILLO','18','035','82','200',NULL),(123,5,'LOS OMBUES','19','035','82','200',NULL),(125,6,'AARON CASTELLANOS','01','042','82','200','6106'),(126,6,'AMENABAR','02','042','82','200','6103'),(127,6,'CAFFERATA','03','042','82','200','2643'),(128,6,'CAÑADA DEL UCLE','04','042','82','200','2635'),(129,6,'CARMEN','05','042','82','200','2618'),(130,6,'CARRERAS','06','042','82','200','2729'),(131,6,'COLONIA MORGAN','07','042','82','200','0'),(132,6,'CORONEL ROSETI','08','042','82','200','0'),(133,6,'4 DE FEBRERO','09','042','82','200','2000'),(134,6,'CHAPUY','10','042','82','200','2603'),(135,6,'CHOVET','11','042','82','200','2633'),(136,6,'DIEGO DE ALVEAR','12','042','82','200','6036'),(137,6,'EL CANTOR','13','042','82','200','0'),(138,6,'EL JARDIN','14','042','82','200','0'),(139,6,'ELORTONDO','15','042','82','200','2732'),(140,6,'ESTAC CHRISTOPHERSEN','16','042','82','200','6039'),(141,6,'FIRMAT','17','042','82','200','2630'),(142,6,'HUGHES','18','042','82','200','2725'),(143,6,'KILOMETRO 304','19','042','82','200','0'),(144,6,'KILOMETRO 433','20','042','82','200','0'),(145,6,'LABORDEBOY','21','042','82','200','2726'),(146,6,'LA ADELA','22','042','82','200','0'),(147,6,'LA CHISPA','23','042','82','200','2601'),(148,6,'LA PICASA','24','042','82','200','0'),(149,6,'LAZZARINO','25','042','82','200','6103'),(150,6,'MAGGIOLO','26','042','82','200','2622'),(151,6,'MARIA TERESA','27','042','82','200','2609'),(152,6,'MELINCUE','28','042','82','200','2728'),(153,6,'MERCEDITAS','29','042','82','200','0'),(154,6,'MURPHY','30','042','82','200','2601'),(155,6,'PUEBLO MIGUEL TORRES','31','042','82','200','2631'),(156,6,'RASTREADOR FOURNIER','32','042','82','200','0'),(157,6,'RUFINO','33','042','82','200','6100'),(158,6,'RUNCIMAN','34','042','82','200','0'),(159,6,'SANCTI SPIRITU','35','042','82','200','2617'),(160,6,'SAN EDUARDO','36','042','82','200','2615'),(161,6,'SAN FRANCISCO DE SANTA FE','37','042','82','200','2601'),(162,6,'SAN GREGORIO','38','042','82','200','2613'),(163,6,'SAN MARCELO','39','042','82','200','0'),(164,6,'SANTA EMILIA','40','042','82','200','0'),(165,6,'SANTA ISABEL','41','042','82','200','2605'),(166,6,'TARRAGONA','42','042','82','200','0'),(167,6,'TEODELINA','43','042','82','200','6009'),(168,6,'VENADO TUERTO','44','042','82','200','2600'),(169,6,'VILLA CAÑAS','45','042','82','200','2607'),(170,6,'VILLA DIVISA DE MAYO','46','042','82','200','0'),(171,6,'WHEELWRIGHT','47','042','82','200','2722'),(173,7,'ARROYO CEIBAL','01','049','82','200','3575'),(174,7,'AVELLANEDA','02','049','82','200','3561'),(175,7,'BERNA','03','049','82','200','3569'),(176,7,'CAMPO HARDY','04','049','82','200','0'),(177,7,'CAMPO RANSEYER','05','049','82','200','0'),(178,7,'CAMPO CORTI','06','049','82','200','0'),(179,7,'CAMPO URDANIZ','07','049','82','200','0'),(180,7,'CAMPO WINKLER','08','049','82','200','0'),(181,7,'BARROS PAZOS','09','049','82','200','0'),(182,7,'EL ARAZA','10','049','82','200','3563'),(183,7,'EL CARMEN DE AVELLANEDA','11','049','82','200','0'),(184,7,'EL RABON','12','049','82','200','3592'),(185,7,'EL RICARDITO','13','049','82','200','0'),(186,7,'EL SOMBRERITO','14','049','82','200','3585'),(187,7,'EL TIMBO','15','049','82','200','0'),(188,7,'FLOR DE ORO','16','049','82','200','0'),(189,7,'FLORENCIA','17','049','82','200','3516'),(190,7,'FORTIN ARENALES','18','049','82','200','0'),(191,7,'GUADALUPE NORTE','19','049','82','200','0'),(192,7,'GUASUNCHO','20','049','82','200','0'),(193,7,'INGENIERO CHANOURDIE','21','049','82','200','3575'),(194,7,'ISLETA','22','049','82','200','0'),(195,7,'KILOMETRO 67','23','049','82','200','0'),(196,7,'KILOMETRO 403','24','049','82','200','0'),(197,7,'LA LOLA','25','049','82','200','0'),(198,7,'LANTERI','26','049','82','200','3575'),(199,7,'LA POTASA','27','049','82','200','0'),(200,7,'LA RESERVA','28','049','82','200','0'),(201,7,'LA SARITA','29','049','82','200','3563'),(202,7,'LA SELVA','30','049','82','200','0'),(203,7,'LA VANGUARDIA','31','049','82','200','0'),(204,7,'LAS AMINTAS','32','049','82','200','0'),(205,7,'LAS GARZAS','33','049','82','200','3574'),(206,7,'LAS MERCEDES','34','049','82','200','0'),(207,7,'LAS TOSCAS','35','049','82','200','3586'),(208,7,'LOS LAPACHOS','36','049','82','200','0'),(209,7,'LOS LAURELES','37','049','82','200','3567'),(210,7,'MALABRIGO','38','049','82','200','3572'),(211,7,'MOCOVI','39','049','82','200','0'),(212,7,'MOUSSY','40','049','82','200','0'),(213,7,'NICANOR F MOLINAS','41','049','82','200','0'),(214,7,'PARAJE LA SIRENA','42','049','82','200','0'),(215,7,'PASO VILLANUEVA','43','049','82','200','0'),(216,7,'PUERTO OCAMPO','44','049','82','200','0'),(217,7,'PUERTO RECONQUISTA','45','049','82','200','0'),(218,7,'PUERTO PIRAGUACITO','46','049','82','200','0'),(219,7,'RECONQUISTA','47','049','82','200','3560'),(220,7,'SAN ANTONIO DE OBLIGADO','48','049','82','200','3587'),(221,7,'SANTA ANA','49','049','82','200','0'),(222,7,'TACUARENDI','50','049','82','200','3587'),(223,7,'TRES BOCAS','51','049','82','200','0'),(224,7,'VILLA ADELA','52','049','82','200','0'),(225,7,'VILLA ANA','53','049','82','200','3583'),(226,7,'VILLA GUILLERMINA','54','049','82','200','3589'),(227,7,'VILLA OCAMPO','55','049','82','200','3580'),(228,7,'SAN MANUEL','56','049','82','200','0'),(229,7,'YAGUARETE','57','049','82','200','0'),(230,7,'ISLAS EL COCAL','58','049','82','200','0'),(231,7,'PARAJE 7 PROVINCIAS','59','049','82','200',NULL),(232,7,'PARAJE SAN JUAN','60','049','82','200','0'),(233,7,'CAMPO VIOLA','76','049','82','200','0'),(235,8,'ANDINO','01','056','82','200','2214'),(236,8,'BERRETA','02','056','82','200','0'),(237,8,'BUSTINZA','03','056','82','200','2501'),(238,8,'CAÑADA DE GOMEZ','04','056','82','200','2500'),(239,8,'CLARKE-CARRIZALES','05','056','82','200','2218'),(240,8,'CLASON','06','056','82','200','2146'),(241,8,'CORREA','07','056','82','200','2506'),(242,8,'COLONIA MEDICI','08','056','82','200','0'),(243,8,'LARGUIA','09','056','82','200','0'),(244,8,'LUCIO V LOPEZ','10','056','82','200','2142'),(245,8,'OLIVEROS','11','056','82','200','2206'),(246,8,'SALTO GRANDE','12','056','82','200','2142'),(247,8,'SAN ESTANISLAO','13','056','82','200','0'),(248,8,'SAN RICARDO','14','056','82','200','0'),(249,8,'TOTORAS','15','056','82','200','2144'),(250,8,'SERODINO','16','056','82','200','2216'),(251,8,'VILLA ELOISA','17','056','82','200','2503'),(253,9,'ALTO VERDE','01','063','82','200','3000'),(254,9,'ANGEL GALLARDO','02','063','82','200','0'),(255,9,'AROMOS','03','063','82','200','0'),(256,9,'ARROYO AGUIAR','04','063','82','200','3014'),(257,9,'ARROYO LEYES','05','063','82','200','3000'),(258,9,'ASCOCHINGA','06','063','82','200','0'),(259,9,'CABAL','07','063','82','200','3034'),(260,9,'CAMPO ANDINO','08','063','82','200','0'),(261,9,'CAMPO CRESPO','09','063','82','200','0'),(262,9,'CANDIOTI','10','063','82','200','3018'),(263,9,'COLASTINE','11','063','82','200','0'),(264,9,'CONSTITUYENTES','12','063','82','200','0'),(265,9,'EMILIA','13','063','82','200','3036'),(266,9,'IRIONDO','14','063','82','200','0'),(267,9,'LAGUNA PAIVA','15','063','82','200','3020'),(268,9,'LA GUARDIA','16','063','82','200','0'),(269,9,'LLAMBI CAMPBELL','17','063','82','200','3036'),(270,9,'MANUCHO','18','063','82','200','0'),(271,9,'MONTE VERA','19','063','82','200','3014'),(272,9,'NELSON','20','063','82','200','3032'),(273,9,'RECREO','21','063','82','200','3018'),(274,9,'RINCON NORTE','22','063','82','200','0'),(275,9,'RINCON DE AVILA','23','063','82','200','0'),(276,9,'SAUCE VIEJO','24','063','82','200','3016'),(277,9,'SAN JOSE DEL RINCON','25','063','82','200','0'),(278,9,'SAN PEDRO','26','063','82','200','3021'),(279,9,'SANTA FE','27','063','82','200','3000'),(280,9,'SANTO TOME','28','063','82','200','3016'),(281,9,'VILLA LAURA','29','063','82','200',NULL),(283,10,'CAVOUR','01','070','82','200','3081'),(284,10,'CORONEL RODRIGUEZ','02','070','82','200','0'),(285,10,'CULULU','03','070','82','200','3023'),(286,10,'ELISA','04','070','82','200','3029'),(287,10,'EMPALME SAN CARLOS','05','070','82','200','3007'),(288,10,'ESPERANZA','06','070','82','200','3080'),(289,10,'FELICIA','07','070','82','200','3087'),(290,10,'FRANCK','08','070','82','200','3009'),(291,10,'GRUTLY','09','070','82','200','3083'),(292,10,'HIPATIA','10','070','82','200','3023'),(293,10,'HUMBOLDT','11','070','82','200','3081'),(294,10,'ITUZAINGO','12','070','82','200','2311'),(295,10,'JACINTO L ARAUZ','13','070','82','200','3027'),(296,10,'LA PELADA','14','070','82','200','3027'),(297,10,'LAS TUNAS','15','070','82','200','3009'),(298,10,'MARIA LUISA','16','070','82','200','3025'),(299,10,'MARIANO SAAVEDRA','17','070','82','200','2318'),(300,10,'MATILDE','18','070','82','200','3017'),(301,10,'NUEVO TORINO','19','070','82','200','3087'),(302,10,'PILAR','20','070','82','200','3085'),(303,10,'PUJATO NORTE','21','070','82','200','2123'),(304,10,'PUJOL','22','070','82','200','0'),(305,10,'PROGRESO','23','070','82','200','3023'),(306,10,'PROVIDENCIA','24','070','82','200','3025'),(307,10,'RIVADAVIA','25','070','82','200','3081'),(308,10,'SAN AGUSTIN','26','070','82','200','3017'),(309,10,'SAN CARLOS CENTRO','27','070','82','200','3013'),(310,10,'SAN CARLOS NORTE','28','070','82','200','3009'),(311,10,'SAN CARLOS SUD','29','070','82','200','3013'),(312,10,'SAN JERONIMO DEL SAUCE','30','070','82','200','3009'),(313,10,'SAN JERONIMO NORTE','31','070','82','200','3011'),(314,10,'SAN JOSE','32','070','82','200','3016'),(315,10,'SANTA CLARA DE B VISTA','33','070','82','200','2258'),(316,10,'SANTA MARIA','34','070','82','200','3011'),(317,10,'SANTA MARIA NORTE','35','070','82','200','3011'),(318,10,'SANTO DOMINGO','36','070','82','200','3025'),(319,10,'SAN WENDELINO','37','070','82','200','0'),(320,10,'SAA PEREYRA','38','070','82','200','2318'),(321,10,'SARMIENTO','39','070','82','200','3023'),(322,10,'SOUTOMAYOR','40','070','82','200','3025'),(324,11,'ANTONIO PINI','01','077','82','200','0'),(325,11,'CAMPO GARAY','02','077','82','200','3066'),(326,11,'ESTEBAN RAMS','03','077','82','200','3066'),(327,11,'FORTIN ATAHUALPA','04','077','82','200','0'),(328,11,'FORTIN SEIS','05','077','82','200','0'),(329,11,'GATO COLORADO','06','077','82','200','3541'),(330,11,'EL NOCHERO - GREG.PEREZ DENIS - LOS SALA','07','077','82','200','3041'),(331,11,'KILOMETRO 421','08','077','82','200','0'),(332,11,'LOS CHAÑARES','09','077','82','200','0'),(333,11,'LOGROÑO','10','077','82','200','3066'),(334,11,'MOGOTES','11','077','82','200','0'),(335,11,'MONTEFIORE','12','077','82','200','2341'),(336,11,'NUEVA ITALIA','13','077','82','200','0'),(337,11,'POZO BORRADO','14','077','82','200','3061'),(338,11,'P ITURRALDE','15','077','82','200','0'),(339,11,'SANTA MARGARITA','16','077','82','200','3061'),(340,11,'TACUARU','17','077','82','200','0'),(341,11,'TOSTADO','18','077','82','200','3060'),(342,11,'TRES POZOS','19','077','82','200','0'),(343,11,'VILLA MINETTI','20','077','82','200','3061'),(345,12,'ACEBAL','01','084','82','200','2109'),(346,12,'ALBARELLOS','02','084','82','200','2101'),(347,12,'ALVAREZ','03','084','82','200','2107'),(348,12,'ALVEAR','04','084','82','200','2126'),(349,12,'ARMINDA','05','084','82','200','2119'),(350,12,'ARROYO SECO','06','084','82','200','2128'),(351,12,'CARMEN DEL SAUCE','07','084','82','200','2109'),(352,12,'CORONEL BOGADO','08','084','82','200','2103'),(353,12,'CNEL RFO S DOMINGUEZ','09','084','82','200','2105'),(354,12,'FIGHIERA','10','084','82','200','2126'),(355,12,'FUNES','11','084','82','200','2132'),(356,12,'GENERAL LAGOS','12','084','82','200','2126'),(357,12,'GRANADERO BAIGORRIA','13','084','82','200','2152'),(358,12,'IBARLUCEA','14','084','82','200','2142'),(359,12,'LA CAROLINA','15','084','82','200','0'),(360,12,'MONTE FLORES','16','084','82','200','0'),(361,12,'PEREZ','17','084','82','200','2121'),(362,12,'PIÑEIRO','18','084','82','200','2119'),(363,12,'PUEBLO ESTHER','19','084','82','200','2126'),(364,12,'PUEBLO MUÑOZ','20','084','82','200','2119'),(365,12,'PUEBLO NUEVO','21','084','82','200','0'),(366,12,'ROSARIO','22','084','82','200','2000'),(367,12,'SOLDINI','23','084','82','200','2107'),(368,12,'URANGA','24','084','82','200','2105'),(369,12,'VILLA AMELIA','25','084','82','200','2101'),(370,12,'VILLA DIEGO','26','084','82','200','0'),(371,12,'VILLA GDOR GALVEZ','27','084','82','200','2124'),(372,12,'ZAVALLA','28','084','82','200','2123'),(374,13,'AGUARA GRANDE','01','091','82','200','3071'),(375,13,'AMBROSETTI','02','091','82','200','2352'),(376,13,'ARRUFO','03','091','82','200','2344'),(377,13,'CAPIVARA','04','091','82','200','2311'),(378,13,'CERES','05','091','82','200','2340'),(379,13,'COLONIA ANASI','06','091','82','200','2345'),(380,13,'COLONIA DOS ROSAS','07','091','82','200','0'),(381,13,'COLONIA BOSSI','08','091','82','200','2326'),(382,13,'COLONIA ROSA','09','091','82','200','2347'),(383,13,'CONSTANZA','10','091','82','200','2311'),(384,13,'CURUPAYTI','11','091','82','200','2342'),(385,13,'HERSILIA','12','091','82','200','2352'),(386,13,'HUANQUEROS','13','091','82','200','3076'),(387,13,'LA CABRAL','14','091','82','200','3074'),(388,13,'LA CLARA','15','091','82','200','3025'),(389,13,'LA LUCILA','16','091','82','200','3072'),(390,13,'LA RUBIA','17','091','82','200','2342'),(391,13,'LAS AVISPAS','18','091','82','200','3072'),(392,13,'LAS PALMERAS','19','091','82','200','2326'),(393,13,'MARIA EUGENIA','20','091','82','200','0'),(394,13,'MOISES VILLE','21','091','82','200','2313'),(395,13,'MONIGOTES','22','091','82','200','2342'),(396,13,'MONTE OBSCURIDAD','23','091','82','200','2349'),(397,13,'ÑANDUCITA','24','091','82','200','3072'),(398,13,'PALACIOS','25','091','82','200','2326'),(399,13,'PETRONILA','26','091','82','200','0'),(400,13,'PORTUGALETE','27','091','82','200','3071'),(401,13,'RINCON DEL QUEBRACHO','28','091','82','200','0'),(402,13,'SAN CRISTOBAL','29','091','82','200','3070'),(403,13,'SAN GUILLERMO','30','091','82','200','2347'),(404,13,'SANTURCE','31','091','82','200','3074'),(405,13,'SOLEDAD','32','091','82','200','3025'),(406,13,'SUARDI','33','091','82','200','2349'),(407,13,'VILLA SARALEGUI','34','091','82','200','3046'),(408,13,'VILLA TRINIDAD','35','091','82','200','2345'),(409,13,'VISCACHERAS','36','091','82','200','0'),(410,13,'EL LUCERO','40','091','82','200',NULL),(412,14,'ALEJANDRA','01','098','82','200','3051'),(413,14,'CACIQUE ARIACAIQUIN','02','098','82','200','3041'),(414,14,'COLONIA CALIFORNIA','03','098','82','200','0'),(415,14,'COLONIA DURAN','04','098','82','200','3553'),(416,14,'COLONIA EL GUSANO','05','098','82','200','0'),(417,14,'COLONIA FRANCESA','06','098','82','200','3005'),(418,14,'COLONIA INDIGENA','07','098','82','200','0'),(419,14,'COLONIA SAGER','08','098','82','200','0'),(420,14,'COLONIA SAN JOSE','09','098','82','200','0'),(421,14,'COLONIA TERESA','10','098','82','200','0'),(422,14,'COSTA DEL TOBA','11','098','82','200','0'),(423,14,'EL TAJAMAR','12','098','82','200','0'),(424,14,'LA BRAVA','13','098','82','200','3045'),(425,14,'LAS CATALINAS','14','098','82','200','0'),(426,14,'LOS CORRALITOS','15','098','82','200','0'),(427,14,'ROMANG','16','098','82','200','3555'),(428,14,'SAN JAVIER','17','098','82','200','3005'),(429,14,'SAN ROQUE','20','098','82','200','0'),(430,14,'SAN JOAQUIN','21','098','82','200',NULL),(431,14,'LOS JACINTOS','22','098','82','200',NULL),(432,14,'COLONIA YATAY','23','098','82','200',NULL),(433,14,'NUEVA ROMANG','24','098','82','200',NULL),(435,15,'AROCENA','01','105','82','200','2242'),(436,15,'BARRANCAS','02','105','82','200','2246'),(437,15,'BERNARDO DE IRIGOYEN, ESTACION','03','105','82','200','2248'),(438,15,'CAMPO PIAGGIO','04','105','82','200','2252'),(439,15,'CASALEGNO','05','105','82','200','2222'),(440,15,'CENTENO','06','105','82','200','2148'),(441,15,'CORONDA','07','105','82','200','2240'),(442,15,'DESVIO ARIJON','08','105','82','200','2242'),(443,15,'DIAZ','09','105','82','200','2222'),(444,15,'PUEBLO IRIGOYEN','10','105','82','200','2248'),(445,15,'PUERTO GABOTO','11','105','82','200','2208'),(446,15,'GALVEZ','12','105','82','200','2252'),(447,15,'GESSLER','13','105','82','200','2253'),(448,15,'LARRECHEA','14','105','82','200','2241'),(449,15,'LOMA ALTA','15','105','82','200','2253'),(450,15,'LOPEZ','16','105','82','200','2255'),(451,15,'MACIEL','17','105','82','200','2208'),(452,15,'MONJE','18','105','82','200','2212'),(453,15,'OROÑO','19','105','82','200','0'),(454,15,'PUERTO ARAGON','20','105','82','200','0'),(455,15,'SAN EUGENIO','21','105','82','200','2241'),(456,15,'SAN FABIAN','22','105','82','200','2242'),(457,15,'SAN GENARO','23','105','82','200','2146'),(458,15,'SAN GENARO NORTE','24','105','82','200','2147'),(460,16,'ANGELONI','01','112','82','200','3048'),(461,16,'CAYASTACITO','02','112','82','200','3038'),(462,16,'COLONIA DOLORES','03','112','82','200','3045'),(463,16,'COLONIA LA BLANCA','04','112','82','200','0'),(464,16,'COLONIA OVEJITAS','05','112','82','200','0'),(465,16,'COLONIA SILVA','06','112','82','200','3042'),(466,16,'EL FORTIN','07','112','82','200','0'),(467,16,'ESTER','08','112','82','200','3036'),(468,16,'GOBERNADOR CRESPO','09','112','82','200','3044'),(469,16,'LA CAMILA','10','112','82','200','3054'),(470,16,'LA CRIOLLA','11','112','82','200','3052'),(471,16,'LA PENCA Y CARAGUATA','12','112','82','200','3045'),(472,16,'LA PEPITA','13','112','82','200','0'),(473,16,'PEDRO GOMEZ CELLO','14','112','82','200','3054'),(474,16,'LOS SALADILLOS','15','112','82','200','0'),(475,16,'LUCIANO LEIVA','16','112','82','200','0'),(476,16,'MARCELINO ESCALADA','17','112','82','200','3042'),(477,16,'MIGUEL ESCALADA','18','112','82','200','0'),(478,16,'NARE','19','112','82','200','3046'),(479,16,'NANDUBAY','20','112','82','200','0'),(480,16,'PAIKIN','21','112','82','200','0'),(481,16,'RAMAYON','22','112','82','200','3042'),(482,11,'SAN BERNARDO','23','077','82','200','3061'),(483,16,'SAN JUSTO','24','112','82','200','3040'),(484,16,'SAN MARTIN NORTE','25','112','82','200','3045'),(485,16,'VERA MUJICA','26','112','82','200','0'),(486,16,'VERA Y PINTADO','27','112','82','200','3054'),(487,16,'VIDELA','28','112','82','200','3048'),(488,16,'VILLA LASTOMIA','29','112','82','200','0'),(490,17,'ALDAO','01','119','82','200','2214'),(491,17,'CAPITAN BERMUDEZ','02','119','82','200','2154'),(492,17,'CARCARAÑA','03','119','82','200','2138'),(493,17,'CORONEL ARNOLD','04','119','82','200','2123'),(494,17,'FRAY LUIS BELTRAN','05','119','82','200','2156'),(495,17,'FUENTES','06','119','82','200','2171'),(496,17,'JESUS MARIA-TIMBUES','07','119','82','200','2204'),(497,17,'LUIS PALACIOS-LA SALADA','08','119','82','200','2142'),(498,17,'MAIZALEZ','09','119','82','200','0'),(499,17,'PUERTO SAN MARTIN','10','119','82','200','2202'),(500,17,'PUJATO','11','119','82','200','2123'),(501,17,'RICARDONE','12','119','82','200','2201'),(502,17,'ROLDAN','13','119','82','200','2134'),(503,17,'SAN JERONIMO SUD','14','119','82','200','2136'),(504,17,'SAN LORENZO','15','119','82','200','2200'),(505,17,'VILLA MUGUETA','16','119','82','200','2175'),(506,17,'VILLA VISTA','17','119','82','200','0'),(508,18,'CAÑADA ROSQUIN','01','126','82','200','2454'),(509,18,'CARLOS PELLEGRINI','02','126','82','200','2453'),(510,18,'CASAS','03','126','82','200','2148'),(511,18,'COLONIA BELGRANO','04','126','82','200','2257'),(512,18,'COLONIA CASTELAR','05','126','82','200','2401'),(513,18,'CRISPI','06','126','82','200','2441'),(514,18,'EL TREBOL','07','126','82','200','2535'),(515,18,'KILOMETRO 465','08','126','82','200','0'),(516,18,'LANDETA','09','126','82','200','2531'),(517,18,'LAS BANDURRIAS','10','126','82','200','2148'),(518,18,'LAS PETACAS','11','126','82','200','2441'),(519,18,'LOS CARDOS','12','126','82','200','2533'),(520,18,'MARIA SUSANA','13','126','82','200','2527'),(521,18,'PIAMONTE','14','126','82','200','2529'),(522,18,'SAN JORGE','15','126','82','200','2451'),(523,18,'S.MARTIN DE LAS ESCOBAS','16','126','82','200','2449'),(524,18,'SASTRE','17','126','82','200','2440'),(525,18,'TRAILL','18','126','82','200','2456'),(526,18,'WILDERMUTH','19','126','82','200','0'),(528,19,'CALCHAQUI','01','133','82','200','3050'),(529,19,'CAÑADA OMBU','02','133','82','200','3551'),(530,19,'CARAGUATAY','03','133','82','200','0'),(531,19,'CERRITO','04','133','82','200','0'),(532,19,'COLMENA','05','133','82','200','0'),(533,19,'DESVIO KILOMETRO 282','06','133','82','200','0'),(534,19,'ESPIN','07','133','82','200','0'),(535,19,'FORTIN CHARRUA','08','133','82','200','0'),(536,19,'FORTIN CHILCAS','09','133','82','200','0'),(537,19,'FORTIN OLMOS','10','133','82','200','3553'),(538,19,'GARABATO','11','133','82','200','3551'),(539,19,'GOLONDRINA','12','133','82','200','3551'),(540,19,'GUAYCURU','13','133','82','200','0'),(541,19,'INTIYACO','14','133','82','200','3551'),(542,19,'KILOMETRO 101','15','133','82','200','0'),(543,19,'KILOMETRO 213','16','133','82','200','0'),(544,19,'KILOMETRO 302','17','133','82','200','0'),(545,19,'KILOMETRO 320','18','133','82','200','0'),(546,19,'KILOMETRO 348','19','133','82','200','0'),(547,19,'LOS TABANOS (K.366)','20','133','82','200','0'),(548,19,'KILOMETRO 374','21','133','82','200','0'),(549,19,'LA GALLARETA','22','133','82','200','3057'),(550,19,'LA HOSCA','23','133','82','200','0'),(551,19,'LA ZULEMA','24','133','82','200','0'),(552,19,'LAS CHUÑAS','25','133','82','200','0'),(553,19,'LAS GAMAS','26','133','82','200','0'),(554,19,'LOS AMORES','27','133','82','200','3551'),(555,19,'MARGARITA','28','133','82','200','3056'),(556,19,'OGILVIE','29','133','82','200','0'),(557,19,'PARAJE 29','30','133','82','200','0'),(558,19,'SANTA FELICIA','31','133','82','200','0'),(559,19,'SANTA LUCIA','32','133','82','200','0'),(560,19,'TARTAGAL','33','133','82','200','3550'),(561,19,'TOBA','34','133','82','200','3051'),(562,19,'VERA','35','133','82','200','3550'),(563,19,'YERBA BUENA','36','133','82','200','0'),(564,19,'PARAJE EL 17','37','133','82','200',NULL),(565,19,'KILOMETRO 115','38','133','82','200',NULL),(566,19,'POZOS DE LOS INDIOS','39','133','82','200',NULL),(568,16,'SAN BERNARDO','23','112','82','200','3061'),(569,3,'CASTELLANOS','54','021','82','200',NULL),(570,NULL,'LOCALIDAD NO ESPECIFICADA','99','999','99','999',NULL),(571,NULL,'SANTA FE','99','999','82','200',NULL),(572,NULL,'BUENOS AIRES','99','999','06','200',NULL),(573,NULL,'CAPITAL FEDERAL CIUDAD DE B.AIRES','99','999','02','200',NULL),(574,NULL,'CATAMARCA','99','999','10','200',NULL),(575,NULL,'CHACO','99','999','22','200',NULL),(576,NULL,'CHUBUT','99','999','26','200',NULL),(577,NULL,'CORDOBA','99','999','14','200',NULL),(578,NULL,'CORRIENTES','99','999','18','200',NULL),(579,NULL,'ENTRE RIOS','99','999','30','200',NULL),(580,NULL,'FORMOSA','99','999','34','200',NULL),(581,NULL,'JUJUY','99','999','38','200',NULL),(582,NULL,'LA PAMPA','99','999','42','200',NULL),(583,NULL,'LA RIOJA','99','999','46','200',NULL),(584,NULL,'MENDOZA','99','999','50','200',NULL),(585,NULL,'MISIONES','99','999','54','200',NULL),(586,NULL,'NEUQUEN','99','999','58','200',NULL),(587,NULL,'RIO NEGRO','99','999','62','200',NULL),(588,NULL,'SALTA','99','999','66','200',NULL),(589,NULL,'SAN JUAN','99','999','70','200',NULL),(590,NULL,'SAN LUIS','99','999','74','200',NULL),(591,NULL,'SANTA CRUZ','99','999','78','200',NULL),(592,NULL,'SANTIAGO DEL ESTERO','99','999','86','200',NULL),(593,NULL,'TERRIT.TIERRA DEL FUEGO-ANTARTIDA E ISLAS','99','999','94','200',NULL),(594,NULL,'TUCUMAN','99','999','90','200',NULL),(602,NULL,'ARGENTINA','99','999','99','200',NULL),(603,NULL,'AFGANISTAN','99','999','99','301',NULL),(604,NULL,'ALBANIA','99','999','99','401',NULL),(605,NULL,'ANDORRA','99','999','99','404',NULL),(606,NULL,'ANGOLA','99','999','99','149',NULL),(607,NULL,'ANTIGUA Y BARBUDA','99','999','99','237',NULL),(608,NULL,'ARABIA SAUDITA','99','999','99','302',NULL),(609,NULL,'ARGELIA','99','999','99','102',NULL),(610,NULL,'AUSTRALIA','99','999','99','501',NULL),(611,NULL,'AUSTRIA','99','999','99','405',NULL),(612,NULL,'BAHAMAS','99','999','99','239',NULL),(613,NULL,'BAHREIN','99','999','99','303',NULL),(614,NULL,'BANGLADESH','99','999','99','345',NULL),(615,NULL,'BARBADOS','99','999','99','201',NULL),(616,NULL,'BELGICA','99','999','99','406',NULL),(617,NULL,'BELICE','99','999','99','236',NULL),(618,NULL,'BENIN','99','999','99','112',NULL),(619,NULL,'BOLIVIA','99','999','99','202',NULL),(620,NULL,'BOTSWANA','99','999','99','103',NULL),(621,NULL,'BRASIL','99','999','99','203',NULL),(622,NULL,'BRUNEI','99','999','99','346',NULL),(623,NULL,'BULGARIA','99','999','99','407',NULL),(624,NULL,'BURKINA FASO','99','999','99','101',NULL),(625,NULL,'BURUNDI','99','999','99','104',NULL),(626,NULL,'BUTAN','99','999','99','305',NULL),(627,NULL,'CABO VERDE','99','999','99','150',NULL),(628,NULL,'CAMBOYA','99','999','99','306',NULL),(629,NULL,'CAMERUN','99','999','99','105',NULL),(630,NULL,'CANADA','99','999','99','204',NULL),(631,NULL,'CHAD','99','999','99','111',NULL),(632,NULL,'CHECOSLOVAQUIA','99','999','99','408',NULL),(633,NULL,'CHILE','99','999','99','208',NULL),(634,NULL,'CHINA','99','999','99','310',NULL),(635,NULL,'CHIPRE','99','999','99','435',NULL),(636,NULL,'COLOMBIA','99','999','99','205',NULL),(637,NULL,'COMORAS','99','999','99','155',NULL),(638,NULL,'CONGO','99','999','99','108',NULL),(639,NULL,'COREA DEMOCRATICA','99','999','99','308',NULL),(640,NULL,'COREA REPUBLICANA','99','999','99','309',NULL),(641,NULL,'COSTA DE MARFIL','99','999','99','110',NULL),(642,NULL,'COSTA RICA','99','999','99','206',NULL),(643,NULL,'CUBA','99','999','99','207',NULL),(644,NULL,'DINAMARCA','99','999','99','409',NULL),(645,NULL,'DISPONIBLES PARA AGRUPAMIENTOS (AFRICA)','99','999','99','180',NULL),(646,NULL,'DISPONIBLES PARA AGRUPAMIENTOS (AMERICA)','99','999','99','280',NULL),(647,NULL,'DISPONIBLES PARA AGRUPAMIENTOS (ASIA)','99','999','99','380',NULL),(648,NULL,'DISPONIBLES PARA AGRUPAMIENTOS (EUROPA)','99','999','99','480',NULL),(649,NULL,'DISPONIBLES PARA AGRUPAMIENTOS (OCEANIA)','99','999','99','580',NULL),(650,NULL,'DJIBOUTI','99','999','99','153',NULL),(651,NULL,'DOMINICA','99','999','99','233',NULL),(652,NULL,'ECUADOR','99','999','99','210',NULL),(653,NULL,'EGIPTO','99','999','99','113',NULL),(654,NULL,'EL SALVADOR','99','999','99','211',NULL),(655,NULL,'EMIRATOS ARABES UNIDOS','99','999','99','331',NULL),(656,NULL,'ESPAÑA','99','999','99','410',NULL),(657,NULL,'ESTADOS UNIDOS','99','999','99','212',NULL),(658,NULL,'ETIOPIA','99','999','99','114',NULL),(659,NULL,'FIJI','99','999','99','512',NULL),(660,NULL,'FILIPINAS','99','999','99','312',NULL),(661,NULL,'FINLANDIA','99','999','99','411',NULL),(662,NULL,'FRANCIA','99','999','99','412',NULL),(663,NULL,'GABON','99','999','99','115',NULL),(664,NULL,'GAMBIA','99','999','99','116',NULL),(665,NULL,'GAZA','99','999','99','314',NULL),(666,NULL,'GHANA','99','999','99','117',NULL),(667,NULL,'GRECIA','99','999','99','413',NULL),(668,NULL,'GRENADA','99','999','99','240',NULL),(669,NULL,'GUATEMALA','99','999','99','213',NULL),(670,NULL,'GUINEA','99','999','99','118',NULL),(671,NULL,'GUINEA BISSAU','99','999','99','156',NULL),(672,NULL,'GUINEA ECUATORIAL','99','999','99','119',NULL),(673,NULL,'GUYANA','99','999','99','214',NULL),(674,NULL,'HAITI','99','999','99','215',NULL),(675,NULL,'HONDURAS','99','999','99','216',NULL),(676,NULL,'HUNGRIA','99','999','99','414',NULL),(677,NULL,'INDETERMINADO (AFRICA)','99','999','99','198',NULL),(678,NULL,'INDETERMINADO (AMERICA )','99','999','99','298',NULL),(679,NULL,'INDETERMINADO (EUROPA)','99','999','99','498',NULL),(680,NULL,'INDETERMINADO (OCEANIA)','99','999','99','598',NULL),(681,NULL,'INDETERMINADO(ASIA)','99','999','99','398',NULL),(682,NULL,'INDIA','99','999','99','315',NULL),(683,NULL,'INDONESIA','99','999','99','316',NULL),(684,NULL,'IRAN','99','999','99','318',NULL),(685,NULL,'IRAQ','99','999','99','317',NULL),(686,NULL,'IRLANDIA','99','999','99','415',NULL),(687,NULL,'ISLANDIA','99','999','99','416',NULL),(688,NULL,'ISLAS MARIANAS','99','999','99','521',NULL),(689,NULL,'ISLAS MARSHALL','99','999','99','520',NULL),(690,NULL,'ISLAS SALOMON','99','999','99','518',NULL),(691,NULL,'ISRAEL','99','999','99','319',NULL),(692,NULL,'ITALIA','99','999','99','417',NULL),(693,NULL,'JAMAICA','99','999','99','217',NULL),(694,NULL,'JAPON','99','999','99','320',NULL),(695,NULL,'JORDANIA','99','999','99','321',NULL),(696,NULL,'KENYA','99','999','99','120',NULL),(697,NULL,'KIRIBATI','99','999','99','514',NULL),(698,NULL,'KUWAIT','99','999','99','323',NULL),(699,NULL,'LAO','99','999','99','324',NULL),(700,NULL,'LESOTHO','99','999','99','121',NULL),(701,NULL,'LIBANO','99','999','99','325',NULL),(702,NULL,'LIBERIA','99','999','99','122',NULL),(703,NULL,'LIBIA','99','999','99','123',NULL),(704,NULL,'LIECHTENSTEIN','99','999','99','418',NULL),(705,NULL,'LUXEMBURGO','99','999','99','419',NULL),(706,NULL,'MADAGASCAR','99','999','99','124',NULL),(707,NULL,'MALASIA','99','999','99','326',NULL),(708,NULL,'MALAWI','99','999','99','125',NULL),(709,NULL,'MALDIVAS','99','999','99','327',NULL),(710,NULL,'MALI','99','999','99','126',NULL),(711,NULL,'MALTA','99','999','99','420',NULL),(712,NULL,'MARRUECOS','99','999','99','127',NULL),(713,NULL,'MAURICIO','99','999','99','128',NULL),(714,NULL,'MAURITANIA','99','999','99','129',NULL),(715,NULL,'MEXICO','99','999','99','218',NULL),(716,NULL,'MICRONESIA ESTADOS FEDERADOS','99','999','99','515',NULL),(717,NULL,'MONACO','99','999','99','421',NULL),(718,NULL,'MONGOLIA','99','999','99','329',NULL),(719,NULL,'MOZAMBIQUE','99','999','99','151',NULL),(720,NULL,'NAMIBIA','99','999','99','158',NULL),(721,NULL,'NAURU','99','999','99','503',NULL),(722,NULL,'NEPAL','99','999','99','330',NULL),(723,NULL,'NICARAGUA','99','999','99','219',NULL),(724,NULL,'NIGER','99','999','99','130',NULL),(725,NULL,'NIGERIA','99','999','99','131',NULL),(726,NULL,'NORUEGA','99','999','99','422',NULL),(727,NULL,'NUEVA ZELANDA','99','999','99','504',NULL),(728,NULL,'OMAN','99','999','99','328',NULL),(729,NULL,'PAISES BAJOS (HOLANDA)','99','999','99','423',NULL),(730,NULL,'PALAU','99','999','99','516',NULL),(731,NULL,'PANAMA','99','999','99','220',NULL),(732,NULL,'PAPUA NUEVA GUINEA','99','999','99','513',NULL),(733,NULL,'PAQUISTAN','99','999','99','332',NULL),(734,NULL,'PARAGUAY','99','999','99','221',NULL),(735,NULL,'PERU','99','999','99','222',NULL),(736,NULL,'POLONIA','99','999','99','424',NULL),(737,NULL,'PORTUGAL','99','999','99','425',NULL),(738,NULL,'PUERTO RICO (ESTADO ASOCIADO)','99','999','99','223',NULL),(739,NULL,'QATAR','99','999','99','322',NULL),(740,NULL,'REINO UNIDO','99','999','99','426',NULL),(741,NULL,'REPUBLICA CENTROAFRICANA','99','999','99','107',NULL),(742,NULL,'REPUBLICA DOMINICANA','99','999','99','209',NULL),(743,NULL,'REPUBLICA FEDERAL DE ALEMANIA','99','999','99','438',NULL),(744,NULL,'REPUBLICA YEMEN','99','999','99','348',NULL),(745,NULL,'RESTO (AFRICA)','99','999','99','197',NULL),(746,NULL,'RESTO (AMERICA)','99','999','99','297',NULL),(747,NULL,'RESTO (EUROPA)','99','999','99','497',NULL),(748,NULL,'RESTO (OCEANIA)','99','999','99','597',NULL),(749,NULL,'RESTO(ASIA)','99','999','99','397',NULL),(750,NULL,'RUMANIA','99','999','99','427',NULL),(751,NULL,'RWANDA','99','999','99','133',NULL),(752,NULL,'SAMOA OCCIDENTAL','99','999','99','506',NULL),(753,NULL,'SAN CRISTOBAL Y NEVIS','99','999','99','238',NULL),(754,NULL,'SAN MARINO','99','999','99','428',NULL),(755,NULL,'SAN VICENTE Y LAS GRANADINAS','99','999','99','235',NULL),(756,NULL,'SANTA LUCIA','99','999','99','234',NULL),(757,NULL,'SANTA SEDE (VATICANO)','99','999','99','431',NULL),(758,NULL,'SANTO TOME Y PRINCIPE','99','999','99','157',NULL),(759,NULL,'SENEGAL','99','999','99','134',NULL),(760,NULL,'SEYCHELLES','99','999','99','152',NULL),(761,NULL,'SIERRA LEONA','99','999','99','135',NULL),(762,NULL,'SIN DECLARAR-DESCONOCIDO-IGNORADO (AFRICA)','99','999','99','199',NULL),(763,NULL,'SIN DECLARAR-DESCONOCIDO-IGNORADO (AMERICA)','99','999','99','299',NULL),(764,NULL,'SIN DECLARAR-DESCONOCIDO-IGNORADO (ASIA)','99','999','99','399',NULL),(765,NULL,'SIN DECLARAR-DESCONOCIDO-IGNORADO (EUROPA)','99','999','99','499',NULL),(766,NULL,'SIN DECLARAR-DESCONOCIDO-IGNORADO (OCEANIA)','99','999','99','599',NULL),(767,NULL,'SINGAPUR','99','999','99','333',NULL),(768,NULL,'SIRIA','99','999','99','334',NULL),(769,NULL,'SOMALIA','99','999','99','136',NULL),(770,NULL,'SRI LANKA','99','999','99','307',NULL),(771,NULL,'SUDAFRICA','99','999','99','159',NULL),(772,NULL,'SUDAN','99','999','99','138',NULL),(773,NULL,'SUECIA','99','999','99','429',NULL),(774,NULL,'SUIZA','99','999','99','430',NULL),(775,NULL,'SURINAME','99','999','99','232',NULL),(776,NULL,'SWAZILANDIA','99','999','99','137',NULL),(777,NULL,'TAILANDIA','99','999','99','335',NULL),(778,NULL,'TAIWAN','99','999','99','313',NULL),(779,NULL,'TANZANIA','99','999','99','139',NULL),(780,NULL,'TERRITORIO VINCULADOS AL REINO UNIDO (EUROPA)','99','999','99','433',NULL),(781,NULL,'TERRITORIO VINCULADOS AL REINO UNIDO (ASIA)','99','999','99','341',NULL),(782,NULL,'TERRITORIOS VINCULADOS A AUSTRALIA (OCEANIA)','99','999','99','507',NULL),(783,NULL,'TERRITORIOS VINCULADOS A DINAMARCA (AMERICA)','99','999','99','228',NULL),(784,NULL,'TERRITORIOS VINCULADOS A ESPAÑA (AFRICA)','99','999','99','146',NULL),(785,NULL,'TERRITORIOS VINCULADOS A ESTADOS UNIDOS (OCEANIA)','99','999','99','511',NULL),(786,NULL,'TERRITORIOS VINCULADOS A ESTADOS UNIDOS (AMERICA)','99','999','99','231',NULL),(787,NULL,'TERRITORIOS VINCULADOS A FRANCIA (AMERICA)','99','999','99','229',NULL),(788,NULL,'TERRITORIOS VINCULADOS A FRANCIA (AFRICA)','99','999','99','147',NULL),(789,NULL,'TERRITORIOS VINCULADOS A FRANCIA (OCEANIA)','99','999','99','509',NULL),(790,NULL,'TERRITORIOS VINCULADOS A LOS PAISES BAJOS (AMERICA','99','999','99','230',NULL),(791,NULL,'TERRITORIOS VINCULADOS A NUEVA ZELANDA (OCEANIA)','99','999','99','510',NULL),(792,NULL,'TERRITORIOS VINCULADOS A PORTUGAL (ASIA)','99','999','99','344',NULL),(793,NULL,'TERRITORIOS VINCULADOS AL REINO UNIDO (OCEANIA)','99','999','99','508',NULL),(794,NULL,'TERRITORIOS VINCULADOS AL REINO UNIDO (AMERICA)','99','999','99','227',NULL),(795,NULL,'TERRITORIOS VINCULADOS AL REINO UNIDO (AFRICA)','99','999','99','145',NULL),(796,NULL,'TOGO','99','999','99','140',NULL),(797,NULL,'TONGA','99','999','99','519',NULL),(798,NULL,'TRINIDAD Y TOBAGO','99','999','99','224',NULL),(799,NULL,'TUNEZ','99','999','99','141',NULL),(800,NULL,'TURQUIA','99','999','99','436',NULL),(801,NULL,'TUVALU','99','999','99','517',NULL),(802,NULL,'U R S S (EUROPEA)','99','999','99','437',NULL),(803,NULL,'UGANDA','99','999','99','142',NULL),(804,NULL,'UNION DE MYANMAR','99','999','99','304',NULL),(805,NULL,'URSS (ASIATICA)','99','999','99','347',NULL),(806,NULL,'URUGUAY','99','999','99','225',NULL),(807,NULL,'VANUATU','99','999','99','505',NULL),(808,NULL,'VENEZUELA','99','999','99','226',NULL),(809,NULL,'VIETNAM','99','999','99','337',NULL),(810,NULL,'YUGOSLAVIA (SERVIA, MONTENEGRO)','99','999','99','432',NULL),(811,NULL,'ZAIRE','99','999','99','109',NULL),(812,NULL,'ZAMBIA','99','999','99','144',NULL),(813,NULL,'ZIMBABWE','99','999','99','132',NULL);

/*Table structure for table `niveles_complejidades` */

DROP TABLE IF EXISTS `niveles_complejidades`;

CREATE TABLE `niveles_complejidades` (
  `id_nivel_complejidad` tinyint(3) unsigned NOT NULL AUTO_INCREMENT,
  `nivcomest` varchar(4) NOT NULL,
  `descripcion` varchar(255) NOT NULL,
  PRIMARY KEY (`id_nivel_complejidad`),
  UNIQUE KEY `idx_unique_nivcomest` (`nivcomest`)
) ENGINE=InnoDB AUTO_INCREMENT=16 DEFAULT CHARSET=latin1 COMMENT='niveles de complejidad de los efectores';

/*Data for the table `niveles_complejidades` */

insert  into `niveles_complejidades`(`id_nivel_complejidad`,`nivcomest`,`descripcion`) values (1,'0','S/D'),(2,'Esp.','Especializados'),(3,'I','I'),(4,'II','II'),(5,'III','III'),(6,'IV','IV'),(7,'IX','IX'),(8,'V','V'),(9,'VI','VI'),(10,'VIII','VIII');

/*Table structure for table `nodos` */

DROP TABLE IF EXISTS `nodos`;

CREATE TABLE `nodos` (
  `id_nodo` smallint(5) unsigned NOT NULL AUTO_INCREMENT,
  `nom_nodo` varchar(255) NOT NULL,
  `numregion` tinyint(3) unsigned NOT NULL,
  PRIMARY KEY (`id_nodo`),
  UNIQUE KEY `idx_unique_numregion` (`numregion`)
) ENGINE=InnoDB AUTO_INCREMENT=8 DEFAULT CHARSET=latin1 COMMENT='nodos de la division zonal de la provincia de santa fe';

/*Data for the table `nodos` */

insert  into `nodos`(`id_nodo`,`nom_nodo`,`numregion`) values (1,'RECONQUISTA',1),(2,'RAFAELA',2),(3,'SANTA FE',3),(4,'ROSARIO',4),(5,'VENADO TUERTO',5),(6,'NO DEFINIDO',0),(7,'NO DEFINIDO',10);

/*Table structure for table `paises` */

DROP TABLE IF EXISTS `paises`;

CREATE TABLE `paises` (
  `id_pais` int(10) unsigned NOT NULL AUTO_INCREMENT,
  `nom_pais` varchar(50) NOT NULL,
  `cod_pais` char(3) NOT NULL,
  PRIMARY KEY (`id_pais`),
  KEY `idx_nom_pais` (`nom_pais`)
) ENGINE=InnoDB AUTO_INCREMENT=214 DEFAULT CHARSET=latin1 COMMENT='paises con codigos estandar';

/*Data for the table `paises` */

insert  into `paises`(`id_pais`,`nom_pais`,`cod_pais`) values (1,'ARGENTINA','200'),(2,'AFGANISTAN','301'),(3,'ALBANIA','401'),(4,'ANDORRA','404'),(5,'ANGOLA','149'),(6,'ANTIGUA Y BARBUDA','237'),(7,'ARABIA SAUDITA','302'),(8,'ARGELIA','102'),(9,'AUSTRALIA','501'),(10,'AUSTRIA','405'),(11,'BAHAMAS','239'),(12,'BAHREIN','303'),(13,'BANGLADESH','345'),(14,'BARBADOS','201'),(15,'BELGICA','406'),(16,'BELICE','236'),(17,'BENIN','112'),(18,'BOLIVIA','202'),(19,'BOTSWANA','103'),(20,'BRASIL','203'),(21,'BRUNEI','346'),(22,'BULGARIA','407'),(23,'BURKINA FASO','101'),(24,'BURUNDI','104'),(25,'BUTAN','305'),(26,'CABO VERDE','150'),(27,'CAMBOYA','306'),(28,'CAMERUN','105'),(29,'CANADA','204'),(30,'CHAD','111'),(31,'CHECOSLOVAQUIA','408'),(32,'CHILE','208'),(33,'CHINA','310'),(34,'CHIPRE','435'),(35,'COLOMBIA','205'),(36,'COMORAS','155'),(37,'CONGO','108'),(38,'COREA DEMOCRATICA','308'),(39,'COREA REPUBLICANA','309'),(40,'COSTA DE MARFIL','110'),(41,'COSTA RICA','206'),(42,'CUBA','207'),(43,'DINAMARCA','409'),(44,'DISPONIBLES PARA AGRUPAMIENTOS (AFRICA)','180'),(45,'DISPONIBLES PARA AGRUPAMIENTOS (AMERICA)','280'),(46,'DISPONIBLES PARA AGRUPAMIENTOS (ASIA)','380'),(47,'DISPONIBLES PARA AGRUPAMIENTOS (EUROPA)','480'),(48,'DISPONIBLES PARA AGRUPAMIENTOS (OCEANIA)','580'),(49,'DJIBOUTI','153'),(50,'DOMINICA','233'),(51,'ECUADOR','210'),(52,'EGIPTO','113'),(53,'EL SALVADOR','211'),(54,'EMIRATOS ARABES UNIDOS','331'),(55,'ESPAÑA','410'),(56,'ESTADOS UNIDOS','212'),(57,'ETIOPIA','114'),(58,'FIJI','512'),(59,'FILIPINAS','312'),(60,'FINLANDIA','411'),(61,'FRANCIA','412'),(62,'GABON','115'),(63,'GAMBIA','116'),(64,'GAZA','314'),(65,'GHANA','117'),(66,'GRECIA','413'),(67,'GRENADA','240'),(68,'GUATEMALA','213'),(69,'GUINEA','118'),(70,'GUINEA BISSAU','156'),(71,'GUINEA ECUATORIAL','119'),(72,'GUYANA','214'),(73,'HAITI','215'),(74,'HONDURAS','216'),(75,'HUNGRIA','414'),(76,'INDETERMINADO (AFRICA)','198'),(77,'INDETERMINADO (AMERICA )','298'),(78,'INDETERMINADO (EUROPA)','498'),(79,'INDETERMINADO (OCEANIA)','598'),(80,'INDETERMINADO(ASIA)','398'),(81,'INDIA','315'),(82,'INDONESIA','316'),(83,'IRAN','318'),(84,'IRAQ','317'),(85,'IRLANDIA','415'),(86,'ISLANDIA','416'),(87,'ISLAS MARIANAS','521'),(88,'ISLAS MARSHALL','520'),(89,'ISLAS SALOMON','518'),(90,'ISRAEL','319'),(91,'ITALIA','417'),(92,'JAMAICA','217'),(93,'JAPON','320'),(94,'JORDANIA','321'),(95,'KENYA','120'),(96,'KIRIBATI','514'),(97,'KUWAIT','323'),(98,'LAO','324'),(99,'LESOTHO','121'),(100,'LIBANO','325'),(101,'LIBERIA','122'),(102,'LIBIA','123'),(103,'LIECHTENSTEIN','418'),(104,'LUXEMBURGO','419'),(105,'MADAGASCAR','124'),(106,'MALASIA','326'),(107,'MALAWI','125'),(108,'MALDIVAS','327'),(109,'MALI','126'),(110,'MALTA','420'),(111,'MARRUECOS','127'),(112,'MAURICIO','128'),(113,'MAURITANIA','129'),(114,'MEXICO','218'),(115,'MICRONESIA ESTADOS FEDERADOS','515'),(116,'MONACO','421'),(117,'MONGOLIA','329'),(118,'MOZAMBIQUE','151'),(119,'NAMIBIA','158'),(120,'NAURU','503'),(121,'NEPAL','330'),(122,'NICARAGUA','219'),(123,'NIGER','130'),(124,'NIGERIA','131'),(125,'NORUEGA','422'),(126,'NUEVA ZELANDA','504'),(127,'OMAN','328'),(128,'PAISES BAJOS (HOLANDA)','423'),(129,'PALAU','516'),(130,'PANAMA','220'),(131,'PAPUA NUEVA GUINEA','513'),(132,'PAQUISTAN','332'),(133,'PARAGUAY','221'),(134,'PERU','222'),(135,'POLONIA','424'),(136,'PORTUGAL','425'),(137,'PUERTO RICO (ESTADO ASOCIADO)','223'),(138,'QATAR','322'),(139,'REINO UNIDO','426'),(140,'REPUBLICA CENTROAFRICANA','107'),(141,'REPUBLICA DOMINICANA','209'),(142,'REPUBLICA FEDERAL DE ALEMANIA','438'),(143,'REPUBLICA YEMEN','348'),(144,'RESTO (AFRICA)','197'),(145,'RESTO (AMERICA)','297'),(146,'RESTO (EUROPA)','497'),(147,'RESTO (OCEANIA)','597'),(148,'RESTO(ASIA)','397'),(149,'RUMANIA','427'),(150,'RWANDA','133'),(151,'SAMOA OCCIDENTAL','506'),(152,'SAN CRISTOBAL Y NEVIS','238'),(153,'SAN MARINO','428'),(154,'SAN VICENTE Y LAS GRANADINAS','235'),(155,'SANTA LUCIA','234'),(156,'SANTA SEDE (VATICANO)','431'),(157,'SANTO TOME Y PRINCIPE','157'),(158,'SENEGAL','134'),(159,'SEYCHELLES','152'),(160,'SIERRA LEONA','135'),(161,'SIN DECLARAR-DESCONOCIDO-IGNORADO (AFRICA)','199'),(162,'SIN DECLARAR-DESCONOCIDO-IGNORADO (AMERICA)','299'),(163,'SIN DECLARAR-DESCONOCIDO-IGNORADO (ASIA)','399'),(164,'SIN DECLARAR-DESCONOCIDO-IGNORADO (EUROPA)','499'),(165,'SIN DECLARAR-DESCONOCIDO-IGNORADO (OCEANIA)','599'),(166,'SINGAPUR','333'),(167,'SIRIA','334'),(168,'SOMALIA','136'),(169,'SRI LANKA','307'),(170,'SUDAFRICA','159'),(171,'SUDAN','138'),(172,'SUECIA','429'),(173,'SUIZA','430'),(174,'SURINAME','232'),(175,'SWAZILANDIA','137'),(176,'TAILANDIA','335'),(177,'TAIWAN','313'),(178,'TANZANIA','139'),(179,'TERRITORIO VINCULADOS AL REINO UNIDO (EUROPA)','433'),(180,'TERRITORIO VINCULADOS AL REINO UNIDO (ASIA)','341'),(181,'TERRITORIOS VINCULADOS A AUSTRALIA (OCEANIA)','507'),(182,'TERRITORIOS VINCULADOS A DINAMARCA (AMERICA)','228'),(183,'TERRITORIOS VINCULADOS A ESPAÑA (AFRICA)','146'),(184,'TERRITORIOS VINCULADOS A ESTADOS UNIDOS (OCEANIA)','511'),(185,'TERRITORIOS VINCULADOS A ESTADOS UNIDOS (AMERICA)','231'),(186,'TERRITORIOS VINCULADOS A FRANCIA (AMERICA)','229'),(187,'TERRITORIOS VINCULADOS A FRANCIA (AFRICA)','147'),(188,'TERRITORIOS VINCULADOS A FRANCIA (OCEANIA)','509'),(189,'TERRITORIOS VINCULADOS A LOS PAISES BAJOS (AMERICA','230'),(190,'TERRITORIOS VINCULADOS A NUEVA ZELANDA (OCEANIA)','510'),(191,'TERRITORIOS VINCULADOS A PORTUGAL (ASIA)','344'),(192,'TERRITORIOS VINCULADOS AL REINO UNIDO (OCEANIA)','508'),(193,'TERRITORIOS VINCULADOS AL REINO UNIDO (AMERICA)','227'),(194,'TERRITORIOS VINCULADOS AL REINO UNIDO (AFRICA)','145'),(195,'TOGO','140'),(196,'TONGA','519'),(197,'TRINIDAD Y TOBAGO','224'),(198,'TUNEZ','141'),(199,'TURQUIA','436'),(200,'TUVALU','517'),(201,'U R S S (EUROPEA)','437'),(202,'UGANDA','142'),(203,'UNION DE MYANMAR','304'),(204,'URSS (ASIATICA)','347'),(205,'URUGUAY','225'),(206,'VANUATU','505'),(207,'VENEZUELA','226'),(208,'VIETNAM','337'),(209,'YUGOSLAVIA (SERVIA, MONTENEGRO)','432'),(210,'ZAIRE','109'),(211,'ZAMBIA','144'),(212,'ZIMBABWE','132'),(213,'SIN DECLARAR-DESCONOCIDO-IGNORADO (MUNDO)','999');

/*Table structure for table `provincias` */

DROP TABLE IF EXISTS `provincias`;

CREATE TABLE `provincias` (
  `id_prov` int(10) unsigned NOT NULL AUTO_INCREMENT,
  `id_pais` int(10) unsigned NOT NULL,
  `nom_prov` varchar(50) NOT NULL,
  `cod_prov` char(2) NOT NULL,
  PRIMARY KEY (`id_prov`),
  KEY `idx_fk_provincias_id_pais` (`id_pais`),
  KEY `idx_nom_prov` (`nom_prov`),
  CONSTRAINT `fk_provincias_id_pais` FOREIGN KEY (`id_pais`) REFERENCES `paises` (`id_pais`) ON DELETE NO ACTION ON UPDATE NO ACTION
) ENGINE=InnoDB AUTO_INCREMENT=26 DEFAULT CHARSET=latin1 COMMENT='provincias con codigos estandar';

/*Data for the table `provincias` */

insert  into `provincias`(`id_prov`,`id_pais`,`nom_prov`,`cod_prov`) values (1,1,'SANTA FE','82'),(2,1,'BUENOS AIRES','06'),(3,1,'CAPITAL FEDERAL CIUDAD DE B.AIRES','02'),(4,1,'CATAMARCA','10'),(5,1,'CHACO','22'),(6,1,'CHUBUT','26'),(7,1,'CORDOBA','14'),(8,1,'CORRIENTES','18'),(9,1,'ENTRE RIOS','30'),(10,1,'FORMOSA','34'),(11,1,'JUJUY','38'),(12,1,'LA PAMPA','42'),(13,1,'LA RIOJA','46'),(14,1,'MENDOZA','50'),(15,1,'MISIONES','54'),(16,1,'NEUQUEN','58'),(17,1,'RIO NEGRO','62'),(18,1,'SALTA','66'),(19,1,'SAN JUAN','70'),(20,1,'SAN LUIS','74'),(21,1,'SANTA CRUZ','78'),(22,1,'SANTIAGO DEL ESTERO','86'),(23,1,'TERRIT.TIERRA DEL FUEGO-ANTARTIDA E ISLAS','94'),(24,1,'TUCUMAN','90'),(25,213,'SIN DECLARAR-DESCONOCIDO-IGNORADO','99');

/*Table structure for table `regimenes_juridicos` */

DROP TABLE IF EXISTS `regimenes_juridicos`;

CREATE TABLE `regimenes_juridicos` (
  `id_regimen_juridico` tinyint(3) unsigned NOT NULL AUTO_INCREMENT,
  `regjurest` varchar(15) NOT NULL,
  `codigo` char(2) NOT NULL,
  PRIMARY KEY (`id_regimen_juridico`),
  UNIQUE KEY `idx_unique_codigo` (`codigo`)
) ENGINE=InnoDB AUTO_INCREMENT=16 DEFAULT CHARSET=latin1 COMMENT='regimenes juridicos de los efectores';

/*Data for the table `regimenes_juridicos` */

insert  into `regimenes_juridicos`(`id_regimen_juridico`,`regjurest`,`codigo`) values (1,'Dep. de SAMCo.','01'),(2,'Descentralizado','02'),(3,'Provincial- Dec','03'),(4,'SAMCo. Ley Prov','04'),(5,'Municipal/Comun','05'),(6,'Comunal/Municip','06'),(7,'O.N.G. - Ley Pr','07'),(8,'No definido','00');

/*Table structure for table `subnodos` */

DROP TABLE IF EXISTS `subnodos`;

CREATE TABLE `subnodos` (
  `id_subnodo` smallint(5) unsigned NOT NULL AUTO_INCREMENT,
  `id_nodo` smallint(5) unsigned NOT NULL,
  `nom_subnodo` varchar(255) NOT NULL,
  `numregion` tinyint(3) unsigned NOT NULL,
  `numsubregion` smallint(5) unsigned NOT NULL,
  PRIMARY KEY (`id_subnodo`),
  UNIQUE KEY `idx_unique_numregion_numsubregion` (`numregion`,`numsubregion`),
  KEY `idx_fk_subnodos_id_nodo` (`id_nodo`),
  CONSTRAINT `fk_subnodos_id_nodo` FOREIGN KEY (`id_nodo`) REFERENCES `nodos` (`id_nodo`) ON DELETE NO ACTION ON UPDATE NO ACTION
) ENGINE=InnoDB AUTO_INCREMENT=64 DEFAULT CHARSET=latin1 COMMENT='subnodos de la division zonal de la provincia de santa fe';

/*Data for the table `subnodos` */

insert  into `subnodos`(`id_subnodo`,`id_nodo`,`nom_subnodo`,`numregion`,`numsubregion`) values (1,4,'CIUDAD DE ROSARIO SUDOESTE',4,2),(2,4,'CIUDAD DE ROSARIO SUR',4,3),(3,3,'SANTO TOME',3,2),(4,3,'LA COSTA',3,3),(5,3,'SAN JUSTO',3,8),(6,3,'ESPERANZA',3,7),(7,3,'SAN CARLOS CENTRO',3,6),(8,3,'HELVECIA',3,5),(9,4,'LINEA CASILDA- CHABAS -ARTEAGA',4,4),(10,3,'GALVEZ',3,4),(11,5,'RUFINO',5,1),(12,4,'NO DEFINIDO (ROSARIO)',4,1),(13,3,'NO DEFINIDO (SANTA FE)',3,1),(14,2,'DPTO. CASTELLANOS',2,1),(15,1,'NO DEFINIDO (RECONQUISTA)',1,1),(16,3,'SAN JAVIER',3,9),(17,3,'NORTE',3,10),(18,3,'CENTRO',3,11),(19,3,'SUR',3,12),(20,3,'PROTOMEDICO',3,13),(21,4,'CIUDAD DE ROSARIO NOROESTE',4,5),(22,4,'CIUDAD DE ROSARIO OESTE',4,6),(23,4,'SAN MARTÍN',4,7),(24,4,'CAÑADA DE GOMEZ',4,8),(25,4,'DEPTO. CONSTITUCION',4,9),(26,4,'SAN JERÓNIMO SUR, IRIONDO ESTE Y SAN LORENZO NORTE',4,10),(27,4,'ROSARIO Y SAN LORENZO SUR',4,11),(28,4,'CIUDAD DE ROSARIO CENTRO',4,12),(29,4,'CIUDAD DE ROSARIO NORTE',4,13),(30,1,'DEPTO. GENERAL OBLIGADO',1,2),(31,3,'SAN CARLOS',3,14),(32,3,'CORONDA',3,16),(33,3,'BARRANCAS',3,17),(34,5,'CASILDA',5,2),(35,2,'DPTO. SAN CRISTOBAL',2,2),(36,6,'NO DEFINIDO (NODO NO DEFINIDO)',0,0);

/*!40101 SET SQL_MODE=@OLD_SQL_MODE */;
/*!40014 SET FOREIGN_KEY_CHECKS=@OLD_FOREIGN_KEY_CHECKS */;
/*!40014 SET UNIQUE_CHECKS=@OLD_UNIQUE_CHECKS */;
/*!40111 SET SQL_NOTES=@OLD_SQL_NOTES */;
