/*
SQLyog Community v12.01 (32 bit)
MySQL - 10.0.25-MariaDB : Database - localidades
*********************************************************************
*/

/*!40101 SET NAMES utf8 */;

/*!40101 SET SQL_MODE=''*/;

/*!40014 SET @OLD_UNIQUE_CHECKS=@@UNIQUE_CHECKS, UNIQUE_CHECKS=0 */;
/*!40014 SET @OLD_FOREIGN_KEY_CHECKS=@@FOREIGN_KEY_CHECKS, FOREIGN_KEY_CHECKS=0 */;
/*!40101 SET @OLD_SQL_MODE=@@SQL_MODE, SQL_MODE='NO_AUTO_VALUE_ON_ZERO' */;
/*!40111 SET @OLD_SQL_NOTES=@@SQL_NOTES, SQL_NOTES=0 */;
/*Table structure for table departamentos */

DROP TABLE IF EXISTS departamentos;

CREATE TABLE departamentos (
  id_dpto int(10) unsigned NOT NULL AUTO_INCREMENT,
  id_prov int(10) unsigned NOT NULL,
  nom_dpto varchar(50) NOT NULL,
  cod_dpto char(3) NOT NULL,
  PRIMARY KEY (id_dpto),
  KEY idx_fk_departamentos_id_prov (id_prov),
  KEY idx_nom_dpto (nom_dpto),
  CONSTRAINT fk_departamentos_id_prov FOREIGN KEY (id_prov) REFERENCES provincias (id_prov) ON DELETE NO ACTION ON UPDATE NO ACTION
) ENGINE=InnoDB AUTO_INCREMENT=22 DEFAULT CHARSET=latin1 COMMENT='departamentos de las provincias arg (solo santa fe) ';

/*Data for the table departamentos */

insert  into departamentos(id_dpto,id_prov,nom_dpto,cod_dpto) values (1,1,'BELGRANO','007'),(2,1,'CASEROS','014'),(3,1,'CASTELLANOS','021'),(4,1,'CONSTITUCION','028'),(5,1,'GARAY','035'),(6,1,'GENERAL LOPEZ','042'),(7,1,'GENERAL OBLIGADO','049'),(8,1,'IRIONDO','056'),(9,1,'LA CAPITAL','063'),(10,1,'LAS COLONIAS','070'),(11,1,'9 DE JULIO','077'),(12,1,'ROSARIO','084'),(13,1,'SAN CRISTOBAL','091'),(14,1,'SAN JAVIER','098'),(15,1,'SAN JERONIMO','105'),(16,1,'SAN JUSTO','112'),(17,1,'SAN LORENZO','119'),(18,1,'SAN MARTIN','126'),(19,1,'VERA','133'),(20,1,'INDETERMINADO','998'),(21,25,'SIN DECLARAR-DESCONOCIDO-IGNORADO','999');

/*Table structure for table localidades */

DROP TABLE IF EXISTS localidades;

CREATE TABLE localidades (
  id_localidad int(10) unsigned NOT NULL AUTO_INCREMENT,
  id_dpto int(10) unsigned DEFAULT NULL,
  nom_loc varchar(50) NOT NULL,
  cod_loc char(2) NOT NULL,
  cod_dpto char(3) NOT NULL,
  cod_prov char(2) NOT NULL,
  cod_pais char(3) NOT NULL,
  cod_postal varchar(4) DEFAULT NULL,
  PRIMARY KEY (id_localidad),
  UNIQUE KEY idx_unique_cod_loc_cod_dpto_cod_prov_cod_pais (cod_loc,cod_dpto,cod_prov,cod_pais),
  KEY idx_fk_localidades_id_dpto (id_dpto),
  KEY idx_nom_loc (nom_loc),
  CONSTRAINT fk_localidades_id_dpto FOREIGN KEY (id_dpto) REFERENCES departamentos (id_dpto) ON DELETE NO ACTION ON UPDATE NO ACTION
) ENGINE=InnoDB AUTO_INCREMENT=814 DEFAULT CHARSET=latin1 COMMENT='localidades, departamentos, provincias y paises con codigos ';

/*Data for the table localidades */

insert  into localidades(id_localidad,id_dpto,nom_loc,cod_loc,cod_dpto,cod_prov,cod_pais,cod_postal) values (1,1,'ARMSTRONG','01','007','82','200','2508'),(2,1,'BOUQUET','02','007','82','200','2523'),(3,1,'ITURRASPE','03','007','82','200','0'),(4,1,'LA CALIFORNIA','04','007','82','200','0'),(5,1,'LAS PAREJAS','05','007','82','200','2505'),(6,1,'LAS ROSAS','06','007','82','200','2520'),(7,1,'MONTES DE OCA','07','007','82','200','2521'),(8,1,'TORTUGAS','08','007','82','200','2512'),(10,2,'AREQUITO','01','014','82','200','2183'),(11,2,'ARTEAGA','02','014','82','200','2187'),(12,2,'BERABEVU','03','014','82','200','2639'),(13,2,'BIGAND','04','014','82','200','2177'),(14,2,'CANDELARIA SUR','05','014','82','200','0'),(15,2,'CASILDA','06','014','82','200','2170'),(16,2,'COLONIA HANSEN','07','014','82','200','0'),(17,2,'COLONIA LAGO DI COMO','08','014','82','200','0'),(18,2,'CUATRO ESQUINAS','09','014','82','200','0'),(19,2,'CHABAS','10','014','82','200','2173'),(20,2,'CHAÑAR LADEADO','11','014','82','200','2643'),(21,2,'DESMOCHADO AFUERA','12','014','82','200','0'),(22,2,'GODEKEN','13','014','82','200','2639'),(23,2,'LOS MOLINOS','14','014','82','200','2181'),(24,2,'LOS NOGALES','15','014','82','200','0'),(25,2,'LOS QUIRQUINCHOS','16','014','82','200','2637'),(26,2,'SANFORD','17','014','82','200','2173'),(27,2,'SAN JOSE DE LA ESQUINA','18','014','82','200','2185'),(28,2,'VILLADA','19','014','82','200','2173'),(30,3,'ANGELICA','01','021','82','200','2303'),(31,3,'ATALIVA','02','021','82','200','2307'),(32,3,'AURELIA','03','021','82','200','2318'),(33,3,'BELLA ITALIA','04','021','82','200','2300'),(34,3,'BAUER Y SIGEL','05','021','82','200','2403'),(35,3,'CLUCELLAS','06','021','82','200','2407'),(36,3,'COLONIA ALDAO','07','021','82','200','2317'),(37,3,'COLONIA BICHA','08','021','82','200','2317'),(38,3,'COLONIA BIGAND','09','021','82','200','2317'),(39,3,'COLONIA FRIAS','10','021','82','200','0'),(40,3,'COLONIA HUGENTOBLER','11','021','82','200','2317'),(41,3,'COLONIA ITURRASPE','12','021','82','200','2407'),(42,3,'COLONIA CELLO','13','021','82','200','2405'),(43,3,'JOSEFINA','14','021','82','200','2403'),(44,3,'COLONIA MARGARITA','15','021','82','200','2443'),(45,3,'COLONIA MAUA','16','021','82','200','2311'),(46,3,'COLONIA TACURALES','17','021','82','200','2324'),(47,3,'CORONEL FRAGA','18','021','82','200','2301'),(48,3,'EGUSQUIZA','19','021','82','200','2301'),(49,3,'ESMERALDA','20','021','82','200','2456'),(50,3,'EUSTOLIA','21','021','82','200','2407'),(51,3,'ESTACION CLUCELLAS','22','021','82','200','2407'),(52,3,'ESTRADA','23','021','82','200','0'),(53,3,'EUSEBIA','24','021','82','200','2317'),(54,3,'FIDELA','25','021','82','200','2407'),(55,3,'FRONTERA','26','021','82','200','2301'),(56,3,'GALISTEO','27','021','82','200','2317'),(57,3,'GARIBALDI','28','021','82','200','2443'),(58,3,'HUMBERTO 1','29','021','82','200','2309'),(59,3,'KILOMETRO 85','30','021','82','200','0'),(60,3,'KILOMETRO 483','31','021','82','200','0'),(61,3,'KILOMETRO 501','32','021','82','200','0'),(62,3,'LEHMANN','33','021','82','200','2305'),(63,3,'LOS SEMBRADOS','34','021','82','200','0'),(64,3,'MANGORE','35','021','82','200','0'),(65,3,'MARIA JUANA','36','021','82','200','2445'),(66,3,'NUEVA LEHMANN','37','021','82','200','0'),(67,3,'PRESIDENTE ROCA','38','021','82','200','2301'),(68,3,'PUEBLO MARINI','39','021','82','200','2301'),(69,3,'RAMONA','40','021','82','200','2301'),(70,3,'RAFAELA','41','021','82','200','2300'),(71,3,'COLONIA RAQUEL','42','021','82','200','2309'),(72,3,'SAGUIER','43','021','82','200','2301'),(73,3,'SAN ANTONIO','44','021','82','200','2301'),(74,3,'SANTA CLARA DE SAGUIER','45','021','82','200','2405'),(75,3,'SAN VICENTE','46','021','82','200','2447'),(76,3,'SUNCHALES','47','021','82','200','2322'),(77,3,'SUSANA','48','021','82','200','2301'),(78,3,'TACURAL','49','021','82','200','2324'),(79,3,'VILA','50','021','82','200','2301'),(80,3,'VILLA SAN JOSE','51','021','82','200','2301'),(81,3,'VIRGINIA','52','021','82','200','2311'),(82,3,'ZENON PEREYRA','53','021','82','200','2409'),(84,4,'ALCORTA','01','028','82','200','2117'),(85,4,'BOMBAL','02','028','82','200','2179'),(86,4,'CAÑADA RICA','03','028','82','200','2105'),(87,4,'CEPEDA','04','028','82','200','2921'),(88,4,'EMPALME V CONSTITUCION','05','028','82','200','2918'),(89,4,'FRANCISCO PAZ','06','028','82','200','0'),(90,4,'GENERAL GELLY','07','028','82','200','2701'),(91,4,'GODOY','08','028','82','200','2921'),(92,4,'JUAN B MOLINA','09','028','82','200','2909'),(93,4,'JUNCAL','10','028','82','200','2723'),(94,4,'LA VANGUARDIA','11','028','82','200','3561'),(95,4,'MAXIMO PAZ','12','028','82','200','2115'),(96,4,'PAVON','13','028','82','200','2918'),(97,4,'PAVON ARRIBA','14','028','82','200','2109'),(98,4,'PEYRANO','15','028','82','200','2113'),(99,4,'RUEDA','16','028','82','200','2921'),(100,4,'SANTA TERESA','17','028','82','200','2111'),(101,4,'SARGENTO CABRAL','18','028','82','200','2105'),(102,4,'STEPHENSON','19','028','82','200','0'),(103,4,'THEOBALD','20','028','82','200','2918'),(104,4,'VILLA CONSTITUCION','21','028','82','200','2919'),(106,5,'CAMPO DEL MEDIO','01','035','82','200','0'),(107,5,'CAMPO ITURRASPE','02','035','82','200','0'),(108,5,'CAMPO YOSEN','03','035','82','200','0'),(109,5,'CAYASTA','04','035','82','200','3001'),(110,5,'COLONIA MASCIAS','05','035','82','200','0'),(111,5,'COLONIA SAN JOAQUIN','06','035','82','200','0'),(112,5,'EL LAUREL','07','035','82','200','0'),(113,5,'LAS CAÑAS','08','035','82','200','0'),(114,5,'HELVECIA','09','035','82','200','3003'),(115,5,'LOS CERRILLOS','10','035','82','200','0'),(116,5,'LOS ZAPALLOS','11','035','82','200','0'),(117,5,'SALADERO MARIANO CABAL','12','035','82','200','3003'),(118,5,'SANTA ROSA DE CALCHINES','13','035','82','200','3001'),(119,5,'HELVECIA NORTE','14','035','82','200',NULL),(120,5,'LAS CUATRO BOCAS','16','035','82','200',NULL),(121,5,'LOS ALGARROBOS','17','035','82','200',NULL),(122,5,'EL MARTILLO','18','035','82','200',NULL),(123,5,'LOS OMBUES','19','035','82','200',NULL),(125,6,'AARON CASTELLANOS','01','042','82','200','6106'),(126,6,'AMENABAR','02','042','82','200','6103'),(127,6,'CAFFERATA','03','042','82','200','2643'),(128,6,'CAÑADA DEL UCLE','04','042','82','200','2635'),(129,6,'CARMEN','05','042','82','200','2618'),(130,6,'CARRERAS','06','042','82','200','2729'),(131,6,'COLONIA MORGAN','07','042','82','200','0'),(132,6,'CORONEL ROSETI','08','042','82','200','0'),(133,6,'4 DE FEBRERO','09','042','82','200','2000'),(134,6,'CHAPUY','10','042','82','200','2603'),(135,6,'CHOVET','11','042','82','200','2633'),(136,6,'DIEGO DE ALVEAR','12','042','82','200','6036'),(137,6,'EL CANTOR','13','042','82','200','0'),(138,6,'EL JARDIN','14','042','82','200','0'),(139,6,'ELORTONDO','15','042','82','200','2732'),(140,6,'ESTAC CHRISTOPHERSEN','16','042','82','200','6039'),(141,6,'FIRMAT','17','042','82','200','2630'),(142,6,'HUGHES','18','042','82','200','2725'),(143,6,'KILOMETRO 304','19','042','82','200','0'),(144,6,'KILOMETRO 433','20','042','82','200','0'),(145,6,'LABORDEBOY','21','042','82','200','2726'),(146,6,'LA ADELA','22','042','82','200','0'),(147,6,'LA CHISPA','23','042','82','200','2601'),(148,6,'LA PICASA','24','042','82','200','0'),(149,6,'LAZZARINO','25','042','82','200','6103'),(150,6,'MAGGIOLO','26','042','82','200','2622'),(151,6,'MARIA TERESA','27','042','82','200','2609'),(152,6,'MELINCUE','28','042','82','200','2728'),(153,6,'MERCEDITAS','29','042','82','200','0'),(154,6,'MURPHY','30','042','82','200','2601'),(155,6,'PUEBLO MIGUEL TORRES','31','042','82','200','2631'),(156,6,'RASTREADOR FOURNIER','32','042','82','200','0'),(157,6,'RUFINO','33','042','82','200','6100'),(158,6,'RUNCIMAN','34','042','82','200','0'),(159,6,'SANCTI SPIRITU','35','042','82','200','2617'),(160,6,'SAN EDUARDO','36','042','82','200','2615'),(161,6,'SAN FRANCISCO DE SANTA FE','37','042','82','200','2601'),(162,6,'SAN GREGORIO','38','042','82','200','2613'),(163,6,'SAN MARCELO','39','042','82','200','0'),(164,6,'SANTA EMILIA','40','042','82','200','0'),(165,6,'SANTA ISABEL','41','042','82','200','2605'),(166,6,'TARRAGONA','42','042','82','200','0'),(167,6,'TEODELINA','43','042','82','200','6009'),(168,6,'VENADO TUERTO','44','042','82','200','2600'),(169,6,'VILLA CAÑAS','45','042','82','200','2607'),(170,6,'VILLA DIVISA DE MAYO','46','042','82','200','0'),(171,6,'WHEELWRIGHT','47','042','82','200','2722'),(173,7,'ARROYO CEIBAL','01','049','82','200','3575'),(174,7,'AVELLANEDA','02','049','82','200','3561'),(175,7,'BERNA','03','049','82','200','3569'),(176,7,'CAMPO HARDY','04','049','82','200','0'),(177,7,'CAMPO RANSEYER','05','049','82','200','0'),(178,7,'CAMPO CORTI','06','049','82','200','0'),(179,7,'CAMPO URDANIZ','07','049','82','200','0'),(180,7,'CAMPO WINKLER','08','049','82','200','0'),(181,7,'BARROS PAZOS','09','049','82','200','0'),(182,7,'EL ARAZA','10','049','82','200','3563'),(183,7,'EL CARMEN DE AVELLANEDA','11','049','82','200','0'),(184,7,'EL RABON','12','049','82','200','3592'),(185,7,'EL RICARDITO','13','049','82','200','0'),(186,7,'EL SOMBRERITO','14','049','82','200','3585'),(187,7,'EL TIMBO','15','049','82','200','0'),(188,7,'FLOR DE ORO','16','049','82','200','0'),(189,7,'FLORENCIA','17','049','82','200','3516'),(190,7,'FORTIN ARENALES','18','049','82','200','0'),(191,7,'GUADALUPE NORTE','19','049','82','200','0'),(192,7,'GUASUNCHO','20','049','82','200','0'),(193,7,'INGENIERO CHANOURDIE','21','049','82','200','3575'),(194,7,'ISLETA','22','049','82','200','0'),(195,7,'KILOMETRO 67','23','049','82','200','0'),(196,7,'KILOMETRO 403','24','049','82','200','0'),(197,7,'LA LOLA','25','049','82','200','0'),(198,7,'LANTERI','26','049','82','200','3575'),(199,7,'LA POTASA','27','049','82','200','0'),(200,7,'LA RESERVA','28','049','82','200','0'),(201,7,'LA SARITA','29','049','82','200','3563'),(202,7,'LA SELVA','30','049','82','200','0'),(203,7,'LA VANGUARDIA','31','049','82','200','0'),(204,7,'LAS AMINTAS','32','049','82','200','0'),(205,7,'LAS GARZAS','33','049','82','200','3574'),(206,7,'LAS MERCEDES','34','049','82','200','0'),(207,7,'LAS TOSCAS','35','049','82','200','3586'),(208,7,'LOS LAPACHOS','36','049','82','200','0'),(209,7,'LOS LAURELES','37','049','82','200','3567'),(210,7,'MALABRIGO','38','049','82','200','3572'),(211,7,'MOCOVI','39','049','82','200','0'),(212,7,'MOUSSY','40','049','82','200','0'),(213,7,'NICANOR F MOLINAS','41','049','82','200','0'),(214,7,'PARAJE LA SIRENA','42','049','82','200','0'),(215,7,'PASO VILLANUEVA','43','049','82','200','0'),(216,7,'PUERTO OCAMPO','44','049','82','200','0'),(217,7,'PUERTO RECONQUISTA','45','049','82','200','0'),(218,7,'PUERTO PIRAGUACITO','46','049','82','200','0'),(219,7,'RECONQUISTA','47','049','82','200','3560'),(220,7,'SAN ANTONIO DE OBLIGADO','48','049','82','200','3587'),(221,7,'SANTA ANA','49','049','82','200','0'),(222,7,'TACUARENDI','50','049','82','200','3587'),(223,7,'TRES BOCAS','51','049','82','200','0'),(224,7,'VILLA ADELA','52','049','82','200','0'),(225,7,'VILLA ANA','53','049','82','200','3583'),(226,7,'VILLA GUILLERMINA','54','049','82','200','3589'),(227,7,'VILLA OCAMPO','55','049','82','200','3580'),(228,7,'SAN MANUEL','56','049','82','200','0'),(229,7,'YAGUARETE','57','049','82','200','0'),(230,7,'ISLAS EL COCAL','58','049','82','200','0'),(231,7,'PARAJE 7 PROVINCIAS','59','049','82','200',NULL),(232,7,'PARAJE SAN JUAN','60','049','82','200','0'),(233,7,'CAMPO VIOLA','76','049','82','200','0'),(235,8,'ANDINO','01','056','82','200','2214'),(236,8,'BERRETA','02','056','82','200','0'),(237,8,'BUSTINZA','03','056','82','200','2501'),(238,8,'CAÑADA DE GOMEZ','04','056','82','200','2500'),(239,8,'CLARKE-CARRIZALES','05','056','82','200','2218'),(240,8,'CLASON','06','056','82','200','2146'),(241,8,'CORREA','07','056','82','200','2506'),(242,8,'COLONIA MEDICI','08','056','82','200','0'),(243,8,'LARGUIA','09','056','82','200','0'),(244,8,'LUCIO V LOPEZ','10','056','82','200','2142'),(245,8,'OLIVEROS','11','056','82','200','2206'),(246,8,'SALTO GRANDE','12','056','82','200','2142'),(247,8,'SAN ESTANISLAO','13','056','82','200','0'),(248,8,'SAN RICARDO','14','056','82','200','0'),(249,8,'TOTORAS','15','056','82','200','2144'),(250,8,'SERODINO','16','056','82','200','2216'),(251,8,'VILLA ELOISA','17','056','82','200','2503'),(253,9,'ALTO VERDE','01','063','82','200','3000'),(254,9,'ANGEL GALLARDO','02','063','82','200','0'),(255,9,'AROMOS','03','063','82','200','0'),(256,9,'ARROYO AGUIAR','04','063','82','200','3014'),(257,9,'ARROYO LEYES','05','063','82','200','3000'),(258,9,'ASCOCHINGA','06','063','82','200','0'),(259,9,'CABAL','07','063','82','200','3034'),(260,9,'CAMPO ANDINO','08','063','82','200','0'),(261,9,'CAMPO CRESPO','09','063','82','200','0'),(262,9,'CANDIOTI','10','063','82','200','3018'),(263,9,'COLASTINE','11','063','82','200','0'),(264,9,'CONSTITUYENTES','12','063','82','200','0'),(265,9,'EMILIA','13','063','82','200','3036'),(266,9,'IRIONDO','14','063','82','200','0'),(267,9,'LAGUNA PAIVA','15','063','82','200','3020'),(268,9,'LA GUARDIA','16','063','82','200','0'),(269,9,'LLAMBI CAMPBELL','17','063','82','200','3036'),(270,9,'MANUCHO','18','063','82','200','0'),(271,9,'MONTE VERA','19','063','82','200','3014'),(272,9,'NELSON','20','063','82','200','3032'),(273,9,'RECREO','21','063','82','200','3018'),(274,9,'RINCON NORTE','22','063','82','200','0'),(275,9,'RINCON DE AVILA','23','063','82','200','0'),(276,9,'SAUCE VIEJO','24','063','82','200','3016'),(277,9,'SAN JOSE DEL RINCON','25','063','82','200','0'),(278,9,'SAN PEDRO','26','063','82','200','3021'),(279,9,'SANTA FE','27','063','82','200','3000'),(280,9,'SANTO TOME','28','063','82','200','3016'),(281,9,'VILLA LAURA','29','063','82','200',NULL),(283,10,'CAVOUR','01','070','82','200','3081'),(284,10,'CORONEL RODRIGUEZ','02','070','82','200','0'),(285,10,'CULULU','03','070','82','200','3023'),(286,10,'ELISA','04','070','82','200','3029'),(287,10,'EMPALME SAN CARLOS','05','070','82','200','3007'),(288,10,'ESPERANZA','06','070','82','200','3080'),(289,10,'FELICIA','07','070','82','200','3087'),(290,10,'FRANCK','08','070','82','200','3009'),(291,10,'GRUTLY','09','070','82','200','3083'),(292,10,'HIPATIA','10','070','82','200','3023'),(293,10,'HUMBOLDT','11','070','82','200','3081'),(294,10,'ITUZAINGO','12','070','82','200','2311'),(295,10,'JACINTO L ARAUZ','13','070','82','200','3027'),(296,10,'LA PELADA','14','070','82','200','3027'),(297,10,'LAS TUNAS','15','070','82','200','3009'),(298,10,'MARIA LUISA','16','070','82','200','3025'),(299,10,'MARIANO SAAVEDRA','17','070','82','200','2318'),(300,10,'MATILDE','18','070','82','200','3017'),(301,10,'NUEVO TORINO','19','070','82','200','3087'),(302,10,'PILAR','20','070','82','200','3085'),(303,10,'PUJATO NORTE','21','070','82','200','2123'),(304,10,'PUJOL','22','070','82','200','0'),(305,10,'PROGRESO','23','070','82','200','3023'),(306,10,'PROVIDENCIA','24','070','82','200','3025'),(307,10,'RIVADAVIA','25','070','82','200','3081'),(308,10,'SAN AGUSTIN','26','070','82','200','3017'),(309,10,'SAN CARLOS CENTRO','27','070','82','200','3013'),(310,10,'SAN CARLOS NORTE','28','070','82','200','3009'),(311,10,'SAN CARLOS SUD','29','070','82','200','3013'),(312,10,'SAN JERONIMO DEL SAUCE','30','070','82','200','3009'),(313,10,'SAN JERONIMO NORTE','31','070','82','200','3011'),(314,10,'SAN JOSE','32','070','82','200','3016'),(315,10,'SANTA CLARA DE B VISTA','33','070','82','200','2258'),(316,10,'SANTA MARIA','34','070','82','200','3011'),(317,10,'SANTA MARIA NORTE','35','070','82','200','3011'),(318,10,'SANTO DOMINGO','36','070','82','200','3025'),(319,10,'SAN WENDELINO','37','070','82','200','0'),(320,10,'SAA PEREYRA','38','070','82','200','2318'),(321,10,'SARMIENTO','39','070','82','200','3023'),(322,10,'SOUTOMAYOR','40','070','82','200','3025'),(324,11,'ANTONIO PINI','01','077','82','200','0'),(325,11,'CAMPO GARAY','02','077','82','200','3066'),(326,11,'ESTEBAN RAMS','03','077','82','200','3066'),(327,11,'FORTIN ATAHUALPA','04','077','82','200','0'),(328,11,'FORTIN SEIS','05','077','82','200','0'),(329,11,'GATO COLORADO','06','077','82','200','3541'),(330,11,'EL NOCHERO - GREG.PEREZ DENIS - LOS SALA','07','077','82','200','3041'),(331,11,'KILOMETRO 421','08','077','82','200','0'),(332,11,'LOS CHAÑARES','09','077','82','200','0'),(333,11,'LOGROÑO','10','077','82','200','3066'),(334,11,'MOGOTES','11','077','82','200','0'),(335,11,'MONTEFIORE','12','077','82','200','2341'),(336,11,'NUEVA ITALIA','13','077','82','200','0'),(337,11,'POZO BORRADO','14','077','82','200','3061'),(338,11,'P ITURRALDE','15','077','82','200','0'),(339,11,'SANTA MARGARITA','16','077','82','200','3061'),(340,11,'TACUARU','17','077','82','200','0'),(341,11,'TOSTADO','18','077','82','200','3060'),(342,11,'TRES POZOS','19','077','82','200','0'),(343,11,'VILLA MINETTI','20','077','82','200','3061'),(345,12,'ACEBAL','01','084','82','200','2109'),(346,12,'ALBARELLOS','02','084','82','200','2101'),(347,12,'ALVAREZ','03','084','82','200','2107'),(348,12,'ALVEAR','04','084','82','200','2126'),(349,12,'ARMINDA','05','084','82','200','2119'),(350,12,'ARROYO SECO','06','084','82','200','2128'),(351,12,'CARMEN DEL SAUCE','07','084','82','200','2109'),(352,12,'CORONEL BOGADO','08','084','82','200','2103'),(353,12,'CNEL RFO S DOMINGUEZ','09','084','82','200','2105'),(354,12,'FIGHIERA','10','084','82','200','2126'),(355,12,'FUNES','11','084','82','200','2132'),(356,12,'GENERAL LAGOS','12','084','82','200','2126'),(357,12,'GRANADERO BAIGORRIA','13','084','82','200','2152'),(358,12,'IBARLUCEA','14','084','82','200','2142'),(359,12,'LA CAROLINA','15','084','82','200','0'),(360,12,'MONTE FLORES','16','084','82','200','0'),(361,12,'PEREZ','17','084','82','200','2121'),(362,12,'PIÑEIRO','18','084','82','200','2119'),(363,12,'PUEBLO ESTHER','19','084','82','200','2126'),(364,12,'PUEBLO MUÑOZ','20','084','82','200','2119'),(365,12,'PUEBLO NUEVO','21','084','82','200','0'),(366,12,'ROSARIO','22','084','82','200','2000'),(367,12,'SOLDINI','23','084','82','200','2107'),(368,12,'URANGA','24','084','82','200','2105'),(369,12,'VILLA AMELIA','25','084','82','200','2101'),(370,12,'VILLA DIEGO','26','084','82','200','0'),(371,12,'VILLA GDOR GALVEZ','27','084','82','200','2124'),(372,12,'ZAVALLA','28','084','82','200','2123'),(374,13,'AGUARA GRANDE','01','091','82','200','3071'),(375,13,'AMBROSETTI','02','091','82','200','2352'),(376,13,'ARRUFO','03','091','82','200','2344'),(377,13,'CAPIVARA','04','091','82','200','2311'),(378,13,'CERES','05','091','82','200','2340'),(379,13,'COLONIA ANASI','06','091','82','200','2345'),(380,13,'COLONIA DOS ROSAS','07','091','82','200','0'),(381,13,'COLONIA BOSSI','08','091','82','200','2326'),(382,13,'COLONIA ROSA','09','091','82','200','2347'),(383,13,'CONSTANZA','10','091','82','200','2311'),(384,13,'CURUPAYTI','11','091','82','200','2342'),(385,13,'HERSILIA','12','091','82','200','2352'),(386,13,'HUANQUEROS','13','091','82','200','3076'),(387,13,'LA CABRAL','14','091','82','200','3074'),(388,13,'LA CLARA','15','091','82','200','3025'),(389,13,'LA LUCILA','16','091','82','200','3072'),(390,13,'LA RUBIA','17','091','82','200','2342'),(391,13,'LAS AVISPAS','18','091','82','200','3072'),(392,13,'LAS PALMERAS','19','091','82','200','2326'),(393,13,'MARIA EUGENIA','20','091','82','200','0'),(394,13,'MOISES VILLE','21','091','82','200','2313'),(395,13,'MONIGOTES','22','091','82','200','2342'),(396,13,'MONTE OBSCURIDAD','23','091','82','200','2349'),(397,13,'ÑANDUCITA','24','091','82','200','3072'),(398,13,'PALACIOS','25','091','82','200','2326'),(399,13,'PETRONILA','26','091','82','200','0'),(400,13,'PORTUGALETE','27','091','82','200','3071'),(401,13,'RINCON DEL QUEBRACHO','28','091','82','200','0'),(402,13,'SAN CRISTOBAL','29','091','82','200','3070'),(403,13,'SAN GUILLERMO','30','091','82','200','2347'),(404,13,'SANTURCE','31','091','82','200','3074'),(405,13,'SOLEDAD','32','091','82','200','3025'),(406,13,'SUARDI','33','091','82','200','2349'),(407,13,'VILLA SARALEGUI','34','091','82','200','3046'),(408,13,'VILLA TRINIDAD','35','091','82','200','2345'),(409,13,'VISCACHERAS','36','091','82','200','0'),(410,13,'EL LUCERO','40','091','82','200',NULL),(412,14,'ALEJANDRA','01','098','82','200','3051'),(413,14,'CACIQUE ARIACAIQUIN','02','098','82','200','3041'),(414,14,'COLONIA CALIFORNIA','03','098','82','200','0'),(415,14,'COLONIA DURAN','04','098','82','200','3553'),(416,14,'COLONIA EL GUSANO','05','098','82','200','0'),(417,14,'COLONIA FRANCESA','06','098','82','200','3005'),(418,14,'COLONIA INDIGENA','07','098','82','200','0'),(419,14,'COLONIA SAGER','08','098','82','200','0'),(420,14,'COLONIA SAN JOSE','09','098','82','200','0'),(421,14,'COLONIA TERESA','10','098','82','200','0'),(422,14,'COSTA DEL TOBA','11','098','82','200','0'),(423,14,'EL TAJAMAR','12','098','82','200','0'),(424,14,'LA BRAVA','13','098','82','200','3045'),(425,14,'LAS CATALINAS','14','098','82','200','0'),(426,14,'LOS CORRALITOS','15','098','82','200','0'),(427,14,'ROMANG','16','098','82','200','3555'),(428,14,'SAN JAVIER','17','098','82','200','3005'),(429,14,'SAN ROQUE','20','098','82','200','0'),(430,14,'SAN JOAQUIN','21','098','82','200',NULL),(431,14,'LOS JACINTOS','22','098','82','200',NULL),(432,14,'COLONIA YATAY','23','098','82','200',NULL),(433,14,'NUEVA ROMANG','24','098','82','200',NULL),(435,15,'AROCENA','01','105','82','200','2242'),(436,15,'BARRANCAS','02','105','82','200','2246'),(437,15,'BERNARDO DE IRIGOYEN, ESTACION','03','105','82','200','2248'),(438,15,'CAMPO PIAGGIO','04','105','82','200','2252'),(439,15,'CASALEGNO','05','105','82','200','2222'),(440,15,'CENTENO','06','105','82','200','2148'),(441,15,'CORONDA','07','105','82','200','2240'),(442,15,'DESVIO ARIJON','08','105','82','200','2242'),(443,15,'DIAZ','09','105','82','200','2222'),(444,15,'PUEBLO IRIGOYEN','10','105','82','200','2248'),(445,15,'PUERTO GABOTO','11','105','82','200','2208'),(446,15,'GALVEZ','12','105','82','200','2252'),(447,15,'GESSLER','13','105','82','200','2253'),(448,15,'LARRECHEA','14','105','82','200','2241'),(449,15,'LOMA ALTA','15','105','82','200','2253'),(450,15,'LOPEZ','16','105','82','200','2255'),(451,15,'MACIEL','17','105','82','200','2208'),(452,15,'MONJE','18','105','82','200','2212'),(453,15,'OROÑO','19','105','82','200','0'),(454,15,'PUERTO ARAGON','20','105','82','200','0'),(455,15,'SAN EUGENIO','21','105','82','200','2241'),(456,15,'SAN FABIAN','22','105','82','200','2242'),(457,15,'SAN GENARO','23','105','82','200','2146'),(458,15,'SAN GENARO NORTE','24','105','82','200','2147'),(460,16,'ANGELONI','01','112','82','200','3048'),(461,16,'CAYASTACITO','02','112','82','200','3038'),(462,16,'COLONIA DOLORES','03','112','82','200','3045'),(463,16,'COLONIA LA BLANCA','04','112','82','200','0'),(464,16,'COLONIA OVEJITAS','05','112','82','200','0'),(465,16,'COLONIA SILVA','06','112','82','200','3042'),(466,16,'EL FORTIN','07','112','82','200','0'),(467,16,'ESTER','08','112','82','200','3036'),(468,16,'GOBERNADOR CRESPO','09','112','82','200','3044'),(469,16,'LA CAMILA','10','112','82','200','3054'),(470,16,'LA CRIOLLA','11','112','82','200','3052'),(471,16,'LA PENCA Y CARAGUATA','12','112','82','200','3045'),(472,16,'LA PEPITA','13','112','82','200','0'),(473,16,'PEDRO GOMEZ CELLO','14','112','82','200','3054'),(474,16,'LOS SALADILLOS','15','112','82','200','0'),(475,16,'LUCIANO LEIVA','16','112','82','200','0'),(476,16,'MARCELINO ESCALADA','17','112','82','200','3042'),(477,16,'MIGUEL ESCALADA','18','112','82','200','0'),(478,16,'NARE','19','112','82','200','3046'),(479,16,'NANDUBAY','20','112','82','200','0'),(480,16,'PAIKIN','21','112','82','200','0'),(481,16,'RAMAYON','22','112','82','200','3042'),(482,11,'SAN BERNARDO','23','077','82','200','3061'),(483,16,'SAN JUSTO','24','112','82','200','3040'),(484,16,'SAN MARTIN NORTE','25','112','82','200','3045'),(485,16,'VERA MUJICA','26','112','82','200','0'),(486,16,'VERA Y PINTADO','27','112','82','200','3054'),(487,16,'VIDELA','28','112','82','200','3048'),(488,16,'VILLA LASTOMIA','29','112','82','200','0'),(490,17,'ALDAO','01','119','82','200','2214'),(491,17,'CAPITAN BERMUDEZ','02','119','82','200','2154'),(492,17,'CARCARAÑA','03','119','82','200','2138'),(493,17,'CORONEL ARNOLD','04','119','82','200','2123'),(494,17,'FRAY LUIS BELTRAN','05','119','82','200','2156'),(495,17,'FUENTES','06','119','82','200','2171'),(496,17,'JESUS MARIA-TIMBUES','07','119','82','200','2204'),(497,17,'LUIS PALACIOS-LA SALADA','08','119','82','200','2142'),(498,17,'MAIZALEZ','09','119','82','200','0'),(499,17,'PUERTO SAN MARTIN','10','119','82','200','2202'),(500,17,'PUJATO','11','119','82','200','2123'),(501,17,'RICARDONE','12','119','82','200','2201'),(502,17,'ROLDAN','13','119','82','200','2134'),(503,17,'SAN JERONIMO SUD','14','119','82','200','2136'),(504,17,'SAN LORENZO','15','119','82','200','2200'),(505,17,'VILLA MUGUETA','16','119','82','200','2175'),(506,17,'VILLA VISTA','17','119','82','200','0'),(508,18,'CAÑADA ROSQUIN','01','126','82','200','2454'),(509,18,'CARLOS PELLEGRINI','02','126','82','200','2453'),(510,18,'CASAS','03','126','82','200','2148'),(511,18,'COLONIA BELGRANO','04','126','82','200','2257'),(512,18,'COLONIA CASTELAR','05','126','82','200','2401'),(513,18,'CRISPI','06','126','82','200','2441'),(514,18,'EL TREBOL','07','126','82','200','2535'),(515,18,'KILOMETRO 465','08','126','82','200','0'),(516,18,'LANDETA','09','126','82','200','2531'),(517,18,'LAS BANDURRIAS','10','126','82','200','2148'),(518,18,'LAS PETACAS','11','126','82','200','2441'),(519,18,'LOS CARDOS','12','126','82','200','2533'),(520,18,'MARIA SUSANA','13','126','82','200','2527'),(521,18,'PIAMONTE','14','126','82','200','2529'),(522,18,'SAN JORGE','15','126','82','200','2451'),(523,18,'S.MARTIN DE LAS ESCOBAS','16','126','82','200','2449'),(524,18,'SASTRE','17','126','82','200','2440'),(525,18,'TRAILL','18','126','82','200','2456'),(526,18,'WILDERMUTH','19','126','82','200','0'),(528,19,'CALCHAQUI','01','133','82','200','3050'),(529,19,'CAÑADA OMBU','02','133','82','200','3551'),(530,19,'CARAGUATAY','03','133','82','200','0'),(531,19,'CERRITO','04','133','82','200','0'),(532,19,'COLMENA','05','133','82','200','0'),(533,19,'DESVIO KILOMETRO 282','06','133','82','200','0'),(534,19,'ESPIN','07','133','82','200','0'),(535,19,'FORTIN CHARRUA','08','133','82','200','0'),(536,19,'FORTIN CHILCAS','09','133','82','200','0'),(537,19,'FORTIN OLMOS','10','133','82','200','3553'),(538,19,'GARABATO','11','133','82','200','3551'),(539,19,'GOLONDRINA','12','133','82','200','3551'),(540,19,'GUAYCURU','13','133','82','200','0'),(541,19,'INTIYACO','14','133','82','200','3551'),(542,19,'KILOMETRO 101','15','133','82','200','0'),(543,19,'KILOMETRO 213','16','133','82','200','0'),(544,19,'KILOMETRO 302','17','133','82','200','0'),(545,19,'KILOMETRO 320','18','133','82','200','0'),(546,19,'KILOMETRO 348','19','133','82','200','0'),(547,19,'LOS TABANOS (K.366)','20','133','82','200','0'),(548,19,'KILOMETRO 374','21','133','82','200','0'),(549,19,'LA GALLARETA','22','133','82','200','3057'),(550,19,'LA HOSCA','23','133','82','200','0'),(551,19,'LA ZULEMA','24','133','82','200','0'),(552,19,'LAS CHUÑAS','25','133','82','200','0'),(553,19,'LAS GAMAS','26','133','82','200','0'),(554,19,'LOS AMORES','27','133','82','200','3551'),(555,19,'MARGARITA','28','133','82','200','3056'),(556,19,'OGILVIE','29','133','82','200','0'),(557,19,'PARAJE 29','30','133','82','200','0'),(558,19,'SANTA FELICIA','31','133','82','200','0'),(559,19,'SANTA LUCIA','32','133','82','200','0'),(560,19,'TARTAGAL','33','133','82','200','3550'),(561,19,'TOBA','34','133','82','200','3051'),(562,19,'VERA','35','133','82','200','3550'),(563,19,'YERBA BUENA','36','133','82','200','0'),(564,19,'PARAJE EL 17','37','133','82','200',NULL),(565,19,'KILOMETRO 115','38','133','82','200',NULL),(566,19,'POZOS DE LOS INDIOS','39','133','82','200',NULL),(568,16,'SAN BERNARDO','23','112','82','200','3061'),(569,3,'CASTELLANOS','54','021','82','200',NULL),(570,NULL,'LOCALIDAD NO ESPECIFICADA','99','999','99','999',NULL),(571,NULL,'SANTA FE','99','999','82','200',NULL),(572,NULL,'BUENOS AIRES','99','999','06','200',NULL),(573,NULL,'CAPITAL FEDERAL CIUDAD DE B.AIRES','99','999','02','200',NULL),(574,NULL,'CATAMARCA','99','999','10','200',NULL),(575,NULL,'CHACO','99','999','22','200',NULL),(576,NULL,'CHUBUT','99','999','26','200',NULL),(577,NULL,'CORDOBA','99','999','14','200',NULL),(578,NULL,'CORRIENTES','99','999','18','200',NULL),(579,NULL,'ENTRE RIOS','99','999','30','200',NULL),(580,NULL,'FORMOSA','99','999','34','200',NULL),(581,NULL,'JUJUY','99','999','38','200',NULL),(582,NULL,'LA PAMPA','99','999','42','200',NULL),(583,NULL,'LA RIOJA','99','999','46','200',NULL),(584,NULL,'MENDOZA','99','999','50','200',NULL),(585,NULL,'MISIONES','99','999','54','200',NULL),(586,NULL,'NEUQUEN','99','999','58','200',NULL),(587,NULL,'RIO NEGRO','99','999','62','200',NULL),(588,NULL,'SALTA','99','999','66','200',NULL),(589,NULL,'SAN JUAN','99','999','70','200',NULL),(590,NULL,'SAN LUIS','99','999','74','200',NULL),(591,NULL,'SANTA CRUZ','99','999','78','200',NULL),(592,NULL,'SANTIAGO DEL ESTERO','99','999','86','200',NULL),(593,NULL,'TERRIT.TIERRA DEL FUEGO-ANTARTIDA E ISLAS','99','999','94','200',NULL),(594,NULL,'TUCUMAN','99','999','90','200',NULL),(602,NULL,'ARGENTINA','99','999','99','200',NULL),(603,NULL,'AFGANISTAN','99','999','99','301',NULL),(604,NULL,'ALBANIA','99','999','99','401',NULL),(605,NULL,'ANDORRA','99','999','99','404',NULL),(606,NULL,'ANGOLA','99','999','99','149',NULL),(607,NULL,'ANTIGUA Y BARBUDA','99','999','99','237',NULL),(608,NULL,'ARABIA SAUDITA','99','999','99','302',NULL),(609,NULL,'ARGELIA','99','999','99','102',NULL),(610,NULL,'AUSTRALIA','99','999','99','501',NULL),(611,NULL,'AUSTRIA','99','999','99','405',NULL),(612,NULL,'BAHAMAS','99','999','99','239',NULL),(613,NULL,'BAHREIN','99','999','99','303',NULL),(614,NULL,'BANGLADESH','99','999','99','345',NULL),(615,NULL,'BARBADOS','99','999','99','201',NULL),(616,NULL,'BELGICA','99','999','99','406',NULL),(617,NULL,'BELICE','99','999','99','236',NULL),(618,NULL,'BENIN','99','999','99','112',NULL),(619,NULL,'BOLIVIA','99','999','99','202',NULL),(620,NULL,'BOTSWANA','99','999','99','103',NULL),(621,NULL,'BRASIL','99','999','99','203',NULL),(622,NULL,'BRUNEI','99','999','99','346',NULL),(623,NULL,'BULGARIA','99','999','99','407',NULL),(624,NULL,'BURKINA FASO','99','999','99','101',NULL),(625,NULL,'BURUNDI','99','999','99','104',NULL),(626,NULL,'BUTAN','99','999','99','305',NULL),(627,NULL,'CABO VERDE','99','999','99','150',NULL),(628,NULL,'CAMBOYA','99','999','99','306',NULL),(629,NULL,'CAMERUN','99','999','99','105',NULL),(630,NULL,'CANADA','99','999','99','204',NULL),(631,NULL,'CHAD','99','999','99','111',NULL),(632,NULL,'CHECOSLOVAQUIA','99','999','99','408',NULL),(633,NULL,'CHILE','99','999','99','208',NULL),(634,NULL,'CHINA','99','999','99','310',NULL),(635,NULL,'CHIPRE','99','999','99','435',NULL),(636,NULL,'COLOMBIA','99','999','99','205',NULL),(637,NULL,'COMORAS','99','999','99','155',NULL),(638,NULL,'CONGO','99','999','99','108',NULL),(639,NULL,'COREA DEMOCRATICA','99','999','99','308',NULL),(640,NULL,'COREA REPUBLICANA','99','999','99','309',NULL),(641,NULL,'COSTA DE MARFIL','99','999','99','110',NULL),(642,NULL,'COSTA RICA','99','999','99','206',NULL),(643,NULL,'CUBA','99','999','99','207',NULL),(644,NULL,'DINAMARCA','99','999','99','409',NULL),(645,NULL,'DISPONIBLES PARA AGRUPAMIENTOS (AFRICA)','99','999','99','180',NULL),(646,NULL,'DISPONIBLES PARA AGRUPAMIENTOS (AMERICA)','99','999','99','280',NULL),(647,NULL,'DISPONIBLES PARA AGRUPAMIENTOS (ASIA)','99','999','99','380',NULL),(648,NULL,'DISPONIBLES PARA AGRUPAMIENTOS (EUROPA)','99','999','99','480',NULL),(649,NULL,'DISPONIBLES PARA AGRUPAMIENTOS (OCEANIA)','99','999','99','580',NULL),(650,NULL,'DJIBOUTI','99','999','99','153',NULL),(651,NULL,'DOMINICA','99','999','99','233',NULL),(652,NULL,'ECUADOR','99','999','99','210',NULL),(653,NULL,'EGIPTO','99','999','99','113',NULL),(654,NULL,'EL SALVADOR','99','999','99','211',NULL),(655,NULL,'EMIRATOS ARABES UNIDOS','99','999','99','331',NULL),(656,NULL,'ESPAÑA','99','999','99','410',NULL),(657,NULL,'ESTADOS UNIDOS','99','999','99','212',NULL),(658,NULL,'ETIOPIA','99','999','99','114',NULL),(659,NULL,'FIJI','99','999','99','512',NULL),(660,NULL,'FILIPINAS','99','999','99','312',NULL),(661,NULL,'FINLANDIA','99','999','99','411',NULL),(662,NULL,'FRANCIA','99','999','99','412',NULL),(663,NULL,'GABON','99','999','99','115',NULL),(664,NULL,'GAMBIA','99','999','99','116',NULL),(665,NULL,'GAZA','99','999','99','314',NULL),(666,NULL,'GHANA','99','999','99','117',NULL),(667,NULL,'GRECIA','99','999','99','413',NULL),(668,NULL,'GRENADA','99','999','99','240',NULL),(669,NULL,'GUATEMALA','99','999','99','213',NULL),(670,NULL,'GUINEA','99','999','99','118',NULL),(671,NULL,'GUINEA BISSAU','99','999','99','156',NULL),(672,NULL,'GUINEA ECUATORIAL','99','999','99','119',NULL),(673,NULL,'GUYANA','99','999','99','214',NULL),(674,NULL,'HAITI','99','999','99','215',NULL),(675,NULL,'HONDURAS','99','999','99','216',NULL),(676,NULL,'HUNGRIA','99','999','99','414',NULL),(677,NULL,'INDETERMINADO (AFRICA)','99','999','99','198',NULL),(678,NULL,'INDETERMINADO (AMERICA )','99','999','99','298',NULL),(679,NULL,'INDETERMINADO (EUROPA)','99','999','99','498',NULL),(680,NULL,'INDETERMINADO (OCEANIA)','99','999','99','598',NULL),(681,NULL,'INDETERMINADO(ASIA)','99','999','99','398',NULL),(682,NULL,'INDIA','99','999','99','315',NULL),(683,NULL,'INDONESIA','99','999','99','316',NULL),(684,NULL,'IRAN','99','999','99','318',NULL),(685,NULL,'IRAQ','99','999','99','317',NULL),(686,NULL,'IRLANDIA','99','999','99','415',NULL),(687,NULL,'ISLANDIA','99','999','99','416',NULL),(688,NULL,'ISLAS MARIANAS','99','999','99','521',NULL),(689,NULL,'ISLAS MARSHALL','99','999','99','520',NULL),(690,NULL,'ISLAS SALOMON','99','999','99','518',NULL),(691,NULL,'ISRAEL','99','999','99','319',NULL),(692,NULL,'ITALIA','99','999','99','417',NULL),(693,NULL,'JAMAICA','99','999','99','217',NULL),(694,NULL,'JAPON','99','999','99','320',NULL),(695,NULL,'JORDANIA','99','999','99','321',NULL),(696,NULL,'KENYA','99','999','99','120',NULL),(697,NULL,'KIRIBATI','99','999','99','514',NULL),(698,NULL,'KUWAIT','99','999','99','323',NULL),(699,NULL,'LAO','99','999','99','324',NULL),(700,NULL,'LESOTHO','99','999','99','121',NULL),(701,NULL,'LIBANO','99','999','99','325',NULL),(702,NULL,'LIBERIA','99','999','99','122',NULL),(703,NULL,'LIBIA','99','999','99','123',NULL),(704,NULL,'LIECHTENSTEIN','99','999','99','418',NULL),(705,NULL,'LUXEMBURGO','99','999','99','419',NULL),(706,NULL,'MADAGASCAR','99','999','99','124',NULL),(707,NULL,'MALASIA','99','999','99','326',NULL),(708,NULL,'MALAWI','99','999','99','125',NULL),(709,NULL,'MALDIVAS','99','999','99','327',NULL),(710,NULL,'MALI','99','999','99','126',NULL),(711,NULL,'MALTA','99','999','99','420',NULL),(712,NULL,'MARRUECOS','99','999','99','127',NULL),(713,NULL,'MAURICIO','99','999','99','128',NULL),(714,NULL,'MAURITANIA','99','999','99','129',NULL),(715,NULL,'MEXICO','99','999','99','218',NULL),(716,NULL,'MICRONESIA ESTADOS FEDERADOS','99','999','99','515',NULL),(717,NULL,'MONACO','99','999','99','421',NULL),(718,NULL,'MONGOLIA','99','999','99','329',NULL),(719,NULL,'MOZAMBIQUE','99','999','99','151',NULL),(720,NULL,'NAMIBIA','99','999','99','158',NULL),(721,NULL,'NAURU','99','999','99','503',NULL),(722,NULL,'NEPAL','99','999','99','330',NULL),(723,NULL,'NICARAGUA','99','999','99','219',NULL),(724,NULL,'NIGER','99','999','99','130',NULL),(725,NULL,'NIGERIA','99','999','99','131',NULL),(726,NULL,'NORUEGA','99','999','99','422',NULL),(727,NULL,'NUEVA ZELANDA','99','999','99','504',NULL),(728,NULL,'OMAN','99','999','99','328',NULL),(729,NULL,'PAISES BAJOS (HOLANDA)','99','999','99','423',NULL),(730,NULL,'PALAU','99','999','99','516',NULL),(731,NULL,'PANAMA','99','999','99','220',NULL),(732,NULL,'PAPUA NUEVA GUINEA','99','999','99','513',NULL),(733,NULL,'PAQUISTAN','99','999','99','332',NULL),(734,NULL,'PARAGUAY','99','999','99','221',NULL),(735,NULL,'PERU','99','999','99','222',NULL),(736,NULL,'POLONIA','99','999','99','424',NULL),(737,NULL,'PORTUGAL','99','999','99','425',NULL),(738,NULL,'PUERTO RICO (ESTADO ASOCIADO)','99','999','99','223',NULL),(739,NULL,'QATAR','99','999','99','322',NULL),(740,NULL,'REINO UNIDO','99','999','99','426',NULL),(741,NULL,'REPUBLICA CENTROAFRICANA','99','999','99','107',NULL),(742,NULL,'REPUBLICA DOMINICANA','99','999','99','209',NULL),(743,NULL,'REPUBLICA FEDERAL DE ALEMANIA','99','999','99','438',NULL),(744,NULL,'REPUBLICA YEMEN','99','999','99','348',NULL),(745,NULL,'RESTO (AFRICA)','99','999','99','197',NULL),(746,NULL,'RESTO (AMERICA)','99','999','99','297',NULL),(747,NULL,'RESTO (EUROPA)','99','999','99','497',NULL),(748,NULL,'RESTO (OCEANIA)','99','999','99','597',NULL),(749,NULL,'RESTO(ASIA)','99','999','99','397',NULL),(750,NULL,'RUMANIA','99','999','99','427',NULL),(751,NULL,'RWANDA','99','999','99','133',NULL),(752,NULL,'SAMOA OCCIDENTAL','99','999','99','506',NULL),(753,NULL,'SAN CRISTOBAL Y NEVIS','99','999','99','238',NULL),(754,NULL,'SAN MARINO','99','999','99','428',NULL),(755,NULL,'SAN VICENTE Y LAS GRANADINAS','99','999','99','235',NULL),(756,NULL,'SANTA LUCIA','99','999','99','234',NULL),(757,NULL,'SANTA SEDE (VATICANO)','99','999','99','431',NULL),(758,NULL,'SANTO TOME Y PRINCIPE','99','999','99','157',NULL),(759,NULL,'SENEGAL','99','999','99','134',NULL),(760,NULL,'SEYCHELLES','99','999','99','152',NULL),(761,NULL,'SIERRA LEONA','99','999','99','135',NULL),(762,NULL,'SIN DECLARAR-DESCONOCIDO-IGNORADO (AFRICA)','99','999','99','199',NULL),(763,NULL,'SIN DECLARAR-DESCONOCIDO-IGNORADO (AMERICA)','99','999','99','299',NULL),(764,NULL,'SIN DECLARAR-DESCONOCIDO-IGNORADO (ASIA)','99','999','99','399',NULL),(765,NULL,'SIN DECLARAR-DESCONOCIDO-IGNORADO (EUROPA)','99','999','99','499',NULL),(766,NULL,'SIN DECLARAR-DESCONOCIDO-IGNORADO (OCEANIA)','99','999','99','599',NULL),(767,NULL,'SINGAPUR','99','999','99','333',NULL),(768,NULL,'SIRIA','99','999','99','334',NULL),(769,NULL,'SOMALIA','99','999','99','136',NULL),(770,NULL,'SRI LANKA','99','999','99','307',NULL),(771,NULL,'SUDAFRICA','99','999','99','159',NULL),(772,NULL,'SUDAN','99','999','99','138',NULL),(773,NULL,'SUECIA','99','999','99','429',NULL),(774,NULL,'SUIZA','99','999','99','430',NULL),(775,NULL,'SURINAME','99','999','99','232',NULL),(776,NULL,'SWAZILANDIA','99','999','99','137',NULL),(777,NULL,'TAILANDIA','99','999','99','335',NULL),(778,NULL,'TAIWAN','99','999','99','313',NULL),(779,NULL,'TANZANIA','99','999','99','139',NULL),(780,NULL,'TERRITORIO VINCULADOS AL REINO UNIDO (EUROPA)','99','999','99','433',NULL),(781,NULL,'TERRITORIO VINCULADOS AL REINO UNIDO (ASIA)','99','999','99','341',NULL),(782,NULL,'TERRITORIOS VINCULADOS A AUSTRALIA (OCEANIA)','99','999','99','507',NULL),(783,NULL,'TERRITORIOS VINCULADOS A DINAMARCA (AMERICA)','99','999','99','228',NULL),(784,NULL,'TERRITORIOS VINCULADOS A ESPAÑA (AFRICA)','99','999','99','146',NULL),(785,NULL,'TERRITORIOS VINCULADOS A ESTADOS UNIDOS (OCEANIA)','99','999','99','511',NULL),(786,NULL,'TERRITORIOS VINCULADOS A ESTADOS UNIDOS (AMERICA)','99','999','99','231',NULL),(787,NULL,'TERRITORIOS VINCULADOS A FRANCIA (AMERICA)','99','999','99','229',NULL),(788,NULL,'TERRITORIOS VINCULADOS A FRANCIA (AFRICA)','99','999','99','147',NULL),(789,NULL,'TERRITORIOS VINCULADOS A FRANCIA (OCEANIA)','99','999','99','509',NULL),(790,NULL,'TERRITORIOS VINCULADOS A LOS PAISES BAJOS (AMERICA','99','999','99','230',NULL),(791,NULL,'TERRITORIOS VINCULADOS A NUEVA ZELANDA (OCEANIA)','99','999','99','510',NULL),(792,NULL,'TERRITORIOS VINCULADOS A PORTUGAL (ASIA)','99','999','99','344',NULL),(793,NULL,'TERRITORIOS VINCULADOS AL REINO UNIDO (OCEANIA)','99','999','99','508',NULL),(794,NULL,'TERRITORIOS VINCULADOS AL REINO UNIDO (AMERICA)','99','999','99','227',NULL),(795,NULL,'TERRITORIOS VINCULADOS AL REINO UNIDO (AFRICA)','99','999','99','145',NULL),(796,NULL,'TOGO','99','999','99','140',NULL),(797,NULL,'TONGA','99','999','99','519',NULL),(798,NULL,'TRINIDAD Y TOBAGO','99','999','99','224',NULL),(799,NULL,'TUNEZ','99','999','99','141',NULL),(800,NULL,'TURQUIA','99','999','99','436',NULL),(801,NULL,'TUVALU','99','999','99','517',NULL),(802,NULL,'U R S S (EUROPEA)','99','999','99','437',NULL),(803,NULL,'UGANDA','99','999','99','142',NULL),(804,NULL,'UNION DE MYANMAR','99','999','99','304',NULL),(805,NULL,'URSS (ASIATICA)','99','999','99','347',NULL),(806,NULL,'URUGUAY','99','999','99','225',NULL),(807,NULL,'VANUATU','99','999','99','505',NULL),(808,NULL,'VENEZUELA','99','999','99','226',NULL),(809,NULL,'VIETNAM','99','999','99','337',NULL),(810,NULL,'YUGOSLAVIA (SERVIA, MONTENEGRO)','99','999','99','432',NULL),(811,NULL,'ZAIRE','99','999','99','109',NULL),(812,NULL,'ZAMBIA','99','999','99','144',NULL),(813,NULL,'ZIMBABWE','99','999','99','132',NULL);

/*Table structure for table paises */

DROP TABLE IF EXISTS paises;

CREATE TABLE paises (
  id_pais int(10) unsigned NOT NULL AUTO_INCREMENT,
  nom_pais varchar(50) NOT NULL,
  cod_pais char(3) NOT NULL,
  PRIMARY KEY (id_pais),
  KEY idx_nom_pais (nom_pais)
) ENGINE=InnoDB AUTO_INCREMENT=214 DEFAULT CHARSET=latin1 COMMENT='paises con codigos estandar';

/*Data for the table paises */

insert  into paises(id_pais,nom_pais,cod_pais) values (1,'ARGENTINA','200'),(2,'AFGANISTAN','301'),(3,'ALBANIA','401'),(4,'ANDORRA','404'),(5,'ANGOLA','149'),(6,'ANTIGUA Y BARBUDA','237'),(7,'ARABIA SAUDITA','302'),(8,'ARGELIA','102'),(9,'AUSTRALIA','501'),(10,'AUSTRIA','405'),(11,'BAHAMAS','239'),(12,'BAHREIN','303'),(13,'BANGLADESH','345'),(14,'BARBADOS','201'),(15,'BELGICA','406'),(16,'BELICE','236'),(17,'BENIN','112'),(18,'BOLIVIA','202'),(19,'BOTSWANA','103'),(20,'BRASIL','203'),(21,'BRUNEI','346'),(22,'BULGARIA','407'),(23,'BURKINA FASO','101'),(24,'BURUNDI','104'),(25,'BUTAN','305'),(26,'CABO VERDE','150'),(27,'CAMBOYA','306'),(28,'CAMERUN','105'),(29,'CANADA','204'),(30,'CHAD','111'),(31,'CHECOSLOVAQUIA','408'),(32,'CHILE','208'),(33,'CHINA','310'),(34,'CHIPRE','435'),(35,'COLOMBIA','205'),(36,'COMORAS','155'),(37,'CONGO','108'),(38,'COREA DEMOCRATICA','308'),(39,'COREA REPUBLICANA','309'),(40,'COSTA DE MARFIL','110'),(41,'COSTA RICA','206'),(42,'CUBA','207'),(43,'DINAMARCA','409'),(44,'DISPONIBLES PARA AGRUPAMIENTOS (AFRICA)','180'),(45,'DISPONIBLES PARA AGRUPAMIENTOS (AMERICA)','280'),(46,'DISPONIBLES PARA AGRUPAMIENTOS (ASIA)','380'),(47,'DISPONIBLES PARA AGRUPAMIENTOS (EUROPA)','480'),(48,'DISPONIBLES PARA AGRUPAMIENTOS (OCEANIA)','580'),(49,'DJIBOUTI','153'),(50,'DOMINICA','233'),(51,'ECUADOR','210'),(52,'EGIPTO','113'),(53,'EL SALVADOR','211'),(54,'EMIRATOS ARABES UNIDOS','331'),(55,'ESPAÑA','410'),(56,'ESTADOS UNIDOS','212'),(57,'ETIOPIA','114'),(58,'FIJI','512'),(59,'FILIPINAS','312'),(60,'FINLANDIA','411'),(61,'FRANCIA','412'),(62,'GABON','115'),(63,'GAMBIA','116'),(64,'GAZA','314'),(65,'GHANA','117'),(66,'GRECIA','413'),(67,'GRENADA','240'),(68,'GUATEMALA','213'),(69,'GUINEA','118'),(70,'GUINEA BISSAU','156'),(71,'GUINEA ECUATORIAL','119'),(72,'GUYANA','214'),(73,'HAITI','215'),(74,'HONDURAS','216'),(75,'HUNGRIA','414'),(76,'INDETERMINADO (AFRICA)','198'),(77,'INDETERMINADO (AMERICA )','298'),(78,'INDETERMINADO (EUROPA)','498'),(79,'INDETERMINADO (OCEANIA)','598'),(80,'INDETERMINADO(ASIA)','398'),(81,'INDIA','315'),(82,'INDONESIA','316'),(83,'IRAN','318'),(84,'IRAQ','317'),(85,'IRLANDIA','415'),(86,'ISLANDIA','416'),(87,'ISLAS MARIANAS','521'),(88,'ISLAS MARSHALL','520'),(89,'ISLAS SALOMON','518'),(90,'ISRAEL','319'),(91,'ITALIA','417'),(92,'JAMAICA','217'),(93,'JAPON','320'),(94,'JORDANIA','321'),(95,'KENYA','120'),(96,'KIRIBATI','514'),(97,'KUWAIT','323'),(98,'LAO','324'),(99,'LESOTHO','121'),(100,'LIBANO','325'),(101,'LIBERIA','122'),(102,'LIBIA','123'),(103,'LIECHTENSTEIN','418'),(104,'LUXEMBURGO','419'),(105,'MADAGASCAR','124'),(106,'MALASIA','326'),(107,'MALAWI','125'),(108,'MALDIVAS','327'),(109,'MALI','126'),(110,'MALTA','420'),(111,'MARRUECOS','127'),(112,'MAURICIO','128'),(113,'MAURITANIA','129'),(114,'MEXICO','218'),(115,'MICRONESIA ESTADOS FEDERADOS','515'),(116,'MONACO','421'),(117,'MONGOLIA','329'),(118,'MOZAMBIQUE','151'),(119,'NAMIBIA','158'),(120,'NAURU','503'),(121,'NEPAL','330'),(122,'NICARAGUA','219'),(123,'NIGER','130'),(124,'NIGERIA','131'),(125,'NORUEGA','422'),(126,'NUEVA ZELANDA','504'),(127,'OMAN','328'),(128,'PAISES BAJOS (HOLANDA)','423'),(129,'PALAU','516'),(130,'PANAMA','220'),(131,'PAPUA NUEVA GUINEA','513'),(132,'PAQUISTAN','332'),(133,'PARAGUAY','221'),(134,'PERU','222'),(135,'POLONIA','424'),(136,'PORTUGAL','425'),(137,'PUERTO RICO (ESTADO ASOCIADO)','223'),(138,'QATAR','322'),(139,'REINO UNIDO','426'),(140,'REPUBLICA CENTROAFRICANA','107'),(141,'REPUBLICA DOMINICANA','209'),(142,'REPUBLICA FEDERAL DE ALEMANIA','438'),(143,'REPUBLICA YEMEN','348'),(144,'RESTO (AFRICA)','197'),(145,'RESTO (AMERICA)','297'),(146,'RESTO (EUROPA)','497'),(147,'RESTO (OCEANIA)','597'),(148,'RESTO(ASIA)','397'),(149,'RUMANIA','427'),(150,'RWANDA','133'),(151,'SAMOA OCCIDENTAL','506'),(152,'SAN CRISTOBAL Y NEVIS','238'),(153,'SAN MARINO','428'),(154,'SAN VICENTE Y LAS GRANADINAS','235'),(155,'SANTA LUCIA','234'),(156,'SANTA SEDE (VATICANO)','431'),(157,'SANTO TOME Y PRINCIPE','157'),(158,'SENEGAL','134'),(159,'SEYCHELLES','152'),(160,'SIERRA LEONA','135'),(161,'SIN DECLARAR-DESCONOCIDO-IGNORADO (AFRICA)','199'),(162,'SIN DECLARAR-DESCONOCIDO-IGNORADO (AMERICA)','299'),(163,'SIN DECLARAR-DESCONOCIDO-IGNORADO (ASIA)','399'),(164,'SIN DECLARAR-DESCONOCIDO-IGNORADO (EUROPA)','499'),(165,'SIN DECLARAR-DESCONOCIDO-IGNORADO (OCEANIA)','599'),(166,'SINGAPUR','333'),(167,'SIRIA','334'),(168,'SOMALIA','136'),(169,'SRI LANKA','307'),(170,'SUDAFRICA','159'),(171,'SUDAN','138'),(172,'SUECIA','429'),(173,'SUIZA','430'),(174,'SURINAME','232'),(175,'SWAZILANDIA','137'),(176,'TAILANDIA','335'),(177,'TAIWAN','313'),(178,'TANZANIA','139'),(179,'TERRITORIO VINCULADOS AL REINO UNIDO (EUROPA)','433'),(180,'TERRITORIO VINCULADOS AL REINO UNIDO (ASIA)','341'),(181,'TERRITORIOS VINCULADOS A AUSTRALIA (OCEANIA)','507'),(182,'TERRITORIOS VINCULADOS A DINAMARCA (AMERICA)','228'),(183,'TERRITORIOS VINCULADOS A ESPAÑA (AFRICA)','146'),(184,'TERRITORIOS VINCULADOS A ESTADOS UNIDOS (OCEANIA)','511'),(185,'TERRITORIOS VINCULADOS A ESTADOS UNIDOS (AMERICA)','231'),(186,'TERRITORIOS VINCULADOS A FRANCIA (AMERICA)','229'),(187,'TERRITORIOS VINCULADOS A FRANCIA (AFRICA)','147'),(188,'TERRITORIOS VINCULADOS A FRANCIA (OCEANIA)','509'),(189,'TERRITORIOS VINCULADOS A LOS PAISES BAJOS (AMERICA','230'),(190,'TERRITORIOS VINCULADOS A NUEVA ZELANDA (OCEANIA)','510'),(191,'TERRITORIOS VINCULADOS A PORTUGAL (ASIA)','344'),(192,'TERRITORIOS VINCULADOS AL REINO UNIDO (OCEANIA)','508'),(193,'TERRITORIOS VINCULADOS AL REINO UNIDO (AMERICA)','227'),(194,'TERRITORIOS VINCULADOS AL REINO UNIDO (AFRICA)','145'),(195,'TOGO','140'),(196,'TONGA','519'),(197,'TRINIDAD Y TOBAGO','224'),(198,'TUNEZ','141'),(199,'TURQUIA','436'),(200,'TUVALU','517'),(201,'U R S S (EUROPEA)','437'),(202,'UGANDA','142'),(203,'UNION DE MYANMAR','304'),(204,'URSS (ASIATICA)','347'),(205,'URUGUAY','225'),(206,'VANUATU','505'),(207,'VENEZUELA','226'),(208,'VIETNAM','337'),(209,'YUGOSLAVIA (SERVIA, MONTENEGRO)','432'),(210,'ZAIRE','109'),(211,'ZAMBIA','144'),(212,'ZIMBABWE','132'),(213,'SIN DECLARAR-DESCONOCIDO-IGNORADO (MUNDO)','999');

/*Table structure for table provincias */

DROP TABLE IF EXISTS provincias;

CREATE TABLE provincias (
  id_prov int(10) unsigned NOT NULL AUTO_INCREMENT,
  id_pais int(10) unsigned NOT NULL,
  nom_prov varchar(50) NOT NULL,
  cod_prov char(2) NOT NULL,
  PRIMARY KEY (id_prov),
  KEY idx_fk_provincias_id_pais (id_pais),
  KEY idx_nom_prov (nom_prov),
  CONSTRAINT fk_provincias_id_pais FOREIGN KEY (id_pais) REFERENCES paises (id_pais) ON DELETE NO ACTION ON UPDATE NO ACTION
) ENGINE=InnoDB AUTO_INCREMENT=26 DEFAULT CHARSET=latin1 COMMENT='provincias con codigos estandar';

/*Data for the table provincias */

insert  into provincias(id_prov,id_pais,nom_prov,cod_prov) values (1,1,'SANTA FE','82'),(2,1,'BUENOS AIRES','06'),(3,1,'CAPITAL FEDERAL CIUDAD DE B.AIRES','02'),(4,1,'CATAMARCA','10'),(5,1,'CHACO','22'),(6,1,'CHUBUT','26'),(7,1,'CORDOBA','14'),(8,1,'CORRIENTES','18'),(9,1,'ENTRE RIOS','30'),(10,1,'FORMOSA','34'),(11,1,'JUJUY','38'),(12,1,'LA PAMPA','42'),(13,1,'LA RIOJA','46'),(14,1,'MENDOZA','50'),(15,1,'MISIONES','54'),(16,1,'NEUQUEN','58'),(17,1,'RIO NEGRO','62'),(18,1,'SALTA','66'),(19,1,'SAN JUAN','70'),(20,1,'SAN LUIS','74'),(21,1,'SANTA CRUZ','78'),(22,1,'SANTIAGO DEL ESTERO','86'),(23,1,'TERRIT.TIERRA DEL FUEGO-ANTARTIDA E ISLAS','94'),(24,1,'TUCUMAN','90'),(25,213,'SIN DECLARAR-DESCONOCIDO-IGNORADO','99');

/*!40101 SET SQL_MODE=@OLD_SQL_MODE */;
/*!40014 SET FOREIGN_KEY_CHECKS=@OLD_FOREIGN_KEY_CHECKS */;
/*!40014 SET UNIQUE_CHECKS=@OLD_UNIQUE_CHECKS */;
/*!40111 SET SQL_NOTES=@OLD_SQL_NOTES */;
