/*!40101 SET NAMES utf8 */;

/*!40101 SET SQL_MODE=''*/;

/*!40014 SET @OLD_UNIQUE_CHECKS=@@UNIQUE_CHECKS, UNIQUE_CHECKS=0 */;
/*!40014 SET @OLD_FOREIGN_KEY_CHECKS=@@FOREIGN_KEY_CHECKS, FOREIGN_KEY_CHECKS=0 */;
/*!40101 SET @OLD_SQL_MODE=@@SQL_MODE, SQL_MODE='NO_AUTO_VALUE_ON_ZERO' */;
/*!40111 SET @OLD_SQL_NOTES=@@SQL_NOTES, SQL_NOTES=0 */;
/*Data for the table `departamentos` */

insert  into `departamentos`(`id_dpto`,`id_prov`,`nom_dpto`,`cod_dpto`) values (1,1,'BELGRANO','007');
insert  into `departamentos`(`id_dpto`,`id_prov`,`nom_dpto`,`cod_dpto`) values (2,1,'CASEROS','014');
insert  into `departamentos`(`id_dpto`,`id_prov`,`nom_dpto`,`cod_dpto`) values (3,1,'CASTELLANOS','021');
insert  into `departamentos`(`id_dpto`,`id_prov`,`nom_dpto`,`cod_dpto`) values (4,1,'CONSTITUCION','028');
insert  into `departamentos`(`id_dpto`,`id_prov`,`nom_dpto`,`cod_dpto`) values (5,1,'GARAY','035');
insert  into `departamentos`(`id_dpto`,`id_prov`,`nom_dpto`,`cod_dpto`) values (6,1,'GENERAL LOPEZ','042');
insert  into `departamentos`(`id_dpto`,`id_prov`,`nom_dpto`,`cod_dpto`) values (7,1,'GENERAL OBLIGADO','049');
insert  into `departamentos`(`id_dpto`,`id_prov`,`nom_dpto`,`cod_dpto`) values (8,1,'IRIONDO','056');
insert  into `departamentos`(`id_dpto`,`id_prov`,`nom_dpto`,`cod_dpto`) values (9,1,'LA CAPITAL','063');
insert  into `departamentos`(`id_dpto`,`id_prov`,`nom_dpto`,`cod_dpto`) values (10,1,'LAS COLONIAS','070');
insert  into `departamentos`(`id_dpto`,`id_prov`,`nom_dpto`,`cod_dpto`) values (11,1,'9 DE JULIO','077');
insert  into `departamentos`(`id_dpto`,`id_prov`,`nom_dpto`,`cod_dpto`) values (12,1,'ROSARIO','084');
insert  into `departamentos`(`id_dpto`,`id_prov`,`nom_dpto`,`cod_dpto`) values (13,1,'SAN CRISTOBAL','091');
insert  into `departamentos`(`id_dpto`,`id_prov`,`nom_dpto`,`cod_dpto`) values (14,1,'SAN JAVIER','098');
insert  into `departamentos`(`id_dpto`,`id_prov`,`nom_dpto`,`cod_dpto`) values (15,1,'SAN JERONIMO','105');
insert  into `departamentos`(`id_dpto`,`id_prov`,`nom_dpto`,`cod_dpto`) values (16,1,'SAN JUSTO','112');
insert  into `departamentos`(`id_dpto`,`id_prov`,`nom_dpto`,`cod_dpto`) values (17,1,'SAN LORENZO','119');
insert  into `departamentos`(`id_dpto`,`id_prov`,`nom_dpto`,`cod_dpto`) values (18,1,'SAN MARTIN','126');
insert  into `departamentos`(`id_dpto`,`id_prov`,`nom_dpto`,`cod_dpto`) values (19,1,'VERA','133');
insert  into `departamentos`(`id_dpto`,`id_prov`,`nom_dpto`,`cod_dpto`) values (20,1,'INDETERMINADO','998');
insert  into `departamentos`(`id_dpto`,`id_prov`,`nom_dpto`,`cod_dpto`) values (21,1,'SIN DECLARAR-DESCONOCIDO-IGNORADO','999');

/*Data for the table `localidades` */

insert  into `localidades`(`id_localidad`,`id_dpto`,`nom_loc`,`cod_loc`,`cod_dpto`,`cod_prov`,`cod_pais`,`cod_postal`) values (1,1,'ARMSTRONG','01','007','82','200','2508');
insert  into `localidades`(`id_localidad`,`id_dpto`,`nom_loc`,`cod_loc`,`cod_dpto`,`cod_prov`,`cod_pais`,`cod_postal`) values (2,1,'BOUQUET','02','007','82','200','2523');
insert  into `localidades`(`id_localidad`,`id_dpto`,`nom_loc`,`cod_loc`,`cod_dpto`,`cod_prov`,`cod_pais`,`cod_postal`) values (3,1,'ITURRASPE','03','007','82','200','0');
insert  into `localidades`(`id_localidad`,`id_dpto`,`nom_loc`,`cod_loc`,`cod_dpto`,`cod_prov`,`cod_pais`,`cod_postal`) values (4,1,'LA CALIFORNIA','04','007','82','200','0');
insert  into `localidades`(`id_localidad`,`id_dpto`,`nom_loc`,`cod_loc`,`cod_dpto`,`cod_prov`,`cod_pais`,`cod_postal`) values (5,1,'LAS PAREJAS','05','007','82','200','2505');
insert  into `localidades`(`id_localidad`,`id_dpto`,`nom_loc`,`cod_loc`,`cod_dpto`,`cod_prov`,`cod_pais`,`cod_postal`) values (6,1,'LAS ROSAS','06','007','82','200','2520');
insert  into `localidades`(`id_localidad`,`id_dpto`,`nom_loc`,`cod_loc`,`cod_dpto`,`cod_prov`,`cod_pais`,`cod_postal`) values (7,1,'MONTES DE OCA','07','007','82','200','2521');
insert  into `localidades`(`id_localidad`,`id_dpto`,`nom_loc`,`cod_loc`,`cod_dpto`,`cod_prov`,`cod_pais`,`cod_postal`) values (8,1,'TORTUGAS','08','007','82','200','2512');
insert  into `localidades`(`id_localidad`,`id_dpto`,`nom_loc`,`cod_loc`,`cod_dpto`,`cod_prov`,`cod_pais`,`cod_postal`) values (10,2,'AREQUITO','01','014','82','200','2183');
insert  into `localidades`(`id_localidad`,`id_dpto`,`nom_loc`,`cod_loc`,`cod_dpto`,`cod_prov`,`cod_pais`,`cod_postal`) values (11,2,'ARTEAGA','02','014','82','200','2187');
insert  into `localidades`(`id_localidad`,`id_dpto`,`nom_loc`,`cod_loc`,`cod_dpto`,`cod_prov`,`cod_pais`,`cod_postal`) values (12,2,'BERABEVU','03','014','82','200','2639');
insert  into `localidades`(`id_localidad`,`id_dpto`,`nom_loc`,`cod_loc`,`cod_dpto`,`cod_prov`,`cod_pais`,`cod_postal`) values (13,2,'BIGAND','04','014','82','200','2177');
insert  into `localidades`(`id_localidad`,`id_dpto`,`nom_loc`,`cod_loc`,`cod_dpto`,`cod_prov`,`cod_pais`,`cod_postal`) values (14,2,'CANDELARIA SUR','05','014','82','200','0');
insert  into `localidades`(`id_localidad`,`id_dpto`,`nom_loc`,`cod_loc`,`cod_dpto`,`cod_prov`,`cod_pais`,`cod_postal`) values (15,2,'CASILDA','06','014','82','200','2170');
insert  into `localidades`(`id_localidad`,`id_dpto`,`nom_loc`,`cod_loc`,`cod_dpto`,`cod_prov`,`cod_pais`,`cod_postal`) values (16,2,'COLONIA HANSEN','07','014','82','200','0');
insert  into `localidades`(`id_localidad`,`id_dpto`,`nom_loc`,`cod_loc`,`cod_dpto`,`cod_prov`,`cod_pais`,`cod_postal`) values (17,2,'COLONIA LAGO DI COMO','08','014','82','200','0');
insert  into `localidades`(`id_localidad`,`id_dpto`,`nom_loc`,`cod_loc`,`cod_dpto`,`cod_prov`,`cod_pais`,`cod_postal`) values (18,2,'CUATRO ESQUINAS','09','014','82','200','0');
insert  into `localidades`(`id_localidad`,`id_dpto`,`nom_loc`,`cod_loc`,`cod_dpto`,`cod_prov`,`cod_pais`,`cod_postal`) values (19,2,'CHABAS','10','014','82','200','2173');
insert  into `localidades`(`id_localidad`,`id_dpto`,`nom_loc`,`cod_loc`,`cod_dpto`,`cod_prov`,`cod_pais`,`cod_postal`) values (20,2,'CHAÑAR LADEADO','11','014','82','200','2643');
insert  into `localidades`(`id_localidad`,`id_dpto`,`nom_loc`,`cod_loc`,`cod_dpto`,`cod_prov`,`cod_pais`,`cod_postal`) values (21,2,'DESMOCHADO AFUERA','12','014','82','200','0');
insert  into `localidades`(`id_localidad`,`id_dpto`,`nom_loc`,`cod_loc`,`cod_dpto`,`cod_prov`,`cod_pais`,`cod_postal`) values (22,2,'GODEKEN','13','014','82','200','2639');
insert  into `localidades`(`id_localidad`,`id_dpto`,`nom_loc`,`cod_loc`,`cod_dpto`,`cod_prov`,`cod_pais`,`cod_postal`) values (23,2,'LOS MOLINOS','14','014','82','200','2181');
insert  into `localidades`(`id_localidad`,`id_dpto`,`nom_loc`,`cod_loc`,`cod_dpto`,`cod_prov`,`cod_pais`,`cod_postal`) values (24,2,'LOS NOGALES','15','014','82','200','0');
insert  into `localidades`(`id_localidad`,`id_dpto`,`nom_loc`,`cod_loc`,`cod_dpto`,`cod_prov`,`cod_pais`,`cod_postal`) values (25,2,'LOS QUIRQUINCHOS','16','014','82','200','2637');
insert  into `localidades`(`id_localidad`,`id_dpto`,`nom_loc`,`cod_loc`,`cod_dpto`,`cod_prov`,`cod_pais`,`cod_postal`) values (26,2,'SANFORD','17','014','82','200','2173');
insert  into `localidades`(`id_localidad`,`id_dpto`,`nom_loc`,`cod_loc`,`cod_dpto`,`cod_prov`,`cod_pais`,`cod_postal`) values (27,2,'SAN JOSE DE LA ESQUINA','18','014','82','200','2185');
insert  into `localidades`(`id_localidad`,`id_dpto`,`nom_loc`,`cod_loc`,`cod_dpto`,`cod_prov`,`cod_pais`,`cod_postal`) values (28,2,'VILLADA','19','014','82','200','2173');
insert  into `localidades`(`id_localidad`,`id_dpto`,`nom_loc`,`cod_loc`,`cod_dpto`,`cod_prov`,`cod_pais`,`cod_postal`) values (30,3,'ANGELICA','01','021','82','200','2303');
insert  into `localidades`(`id_localidad`,`id_dpto`,`nom_loc`,`cod_loc`,`cod_dpto`,`cod_prov`,`cod_pais`,`cod_postal`) values (31,3,'ATALIVA','02','021','82','200','2307');
insert  into `localidades`(`id_localidad`,`id_dpto`,`nom_loc`,`cod_loc`,`cod_dpto`,`cod_prov`,`cod_pais`,`cod_postal`) values (32,3,'AURELIA','03','021','82','200','2318');
insert  into `localidades`(`id_localidad`,`id_dpto`,`nom_loc`,`cod_loc`,`cod_dpto`,`cod_prov`,`cod_pais`,`cod_postal`) values (33,3,'BELLA ITALIA','04','021','82','200','2300');
insert  into `localidades`(`id_localidad`,`id_dpto`,`nom_loc`,`cod_loc`,`cod_dpto`,`cod_prov`,`cod_pais`,`cod_postal`) values (34,3,'BAUER Y SIGEL','05','021','82','200','2403');
insert  into `localidades`(`id_localidad`,`id_dpto`,`nom_loc`,`cod_loc`,`cod_dpto`,`cod_prov`,`cod_pais`,`cod_postal`) values (35,3,'CLUCELLAS','06','021','82','200','2407');
insert  into `localidades`(`id_localidad`,`id_dpto`,`nom_loc`,`cod_loc`,`cod_dpto`,`cod_prov`,`cod_pais`,`cod_postal`) values (36,3,'COLONIA ALDAO','07','021','82','200','2317');
insert  into `localidades`(`id_localidad`,`id_dpto`,`nom_loc`,`cod_loc`,`cod_dpto`,`cod_prov`,`cod_pais`,`cod_postal`) values (37,3,'COLONIA BICHA','08','021','82','200','2317');
insert  into `localidades`(`id_localidad`,`id_dpto`,`nom_loc`,`cod_loc`,`cod_dpto`,`cod_prov`,`cod_pais`,`cod_postal`) values (38,3,'COLONIA BIGAND','09','021','82','200','2317');
insert  into `localidades`(`id_localidad`,`id_dpto`,`nom_loc`,`cod_loc`,`cod_dpto`,`cod_prov`,`cod_pais`,`cod_postal`) values (39,3,'COLONIA FRIAS','10','021','82','200','0');
insert  into `localidades`(`id_localidad`,`id_dpto`,`nom_loc`,`cod_loc`,`cod_dpto`,`cod_prov`,`cod_pais`,`cod_postal`) values (40,3,'COLONIA HUGENTOBLER','11','021','82','200','2317');
insert  into `localidades`(`id_localidad`,`id_dpto`,`nom_loc`,`cod_loc`,`cod_dpto`,`cod_prov`,`cod_pais`,`cod_postal`) values (41,3,'COLONIA ITURRASPE','12','021','82','200','2407');
insert  into `localidades`(`id_localidad`,`id_dpto`,`nom_loc`,`cod_loc`,`cod_dpto`,`cod_prov`,`cod_pais`,`cod_postal`) values (42,3,'COLONIA CELLO','13','021','82','200','2405');
insert  into `localidades`(`id_localidad`,`id_dpto`,`nom_loc`,`cod_loc`,`cod_dpto`,`cod_prov`,`cod_pais`,`cod_postal`) values (43,3,'JOSEFINA','14','021','82','200','2403');
insert  into `localidades`(`id_localidad`,`id_dpto`,`nom_loc`,`cod_loc`,`cod_dpto`,`cod_prov`,`cod_pais`,`cod_postal`) values (44,3,'COLONIA MARGARITA','15','021','82','200','2443');
insert  into `localidades`(`id_localidad`,`id_dpto`,`nom_loc`,`cod_loc`,`cod_dpto`,`cod_prov`,`cod_pais`,`cod_postal`) values (45,3,'COLONIA MAUA','16','021','82','200','2311');
insert  into `localidades`(`id_localidad`,`id_dpto`,`nom_loc`,`cod_loc`,`cod_dpto`,`cod_prov`,`cod_pais`,`cod_postal`) values (46,3,'COLONIA TACURALES','17','021','82','200','2324');
insert  into `localidades`(`id_localidad`,`id_dpto`,`nom_loc`,`cod_loc`,`cod_dpto`,`cod_prov`,`cod_pais`,`cod_postal`) values (47,3,'CORONEL FRAGA','18','021','82','200','2301');
insert  into `localidades`(`id_localidad`,`id_dpto`,`nom_loc`,`cod_loc`,`cod_dpto`,`cod_prov`,`cod_pais`,`cod_postal`) values (48,3,'EGUSQUIZA','19','021','82','200','2301');
insert  into `localidades`(`id_localidad`,`id_dpto`,`nom_loc`,`cod_loc`,`cod_dpto`,`cod_prov`,`cod_pais`,`cod_postal`) values (49,3,'ESMERALDA','20','021','82','200','2456');
insert  into `localidades`(`id_localidad`,`id_dpto`,`nom_loc`,`cod_loc`,`cod_dpto`,`cod_prov`,`cod_pais`,`cod_postal`) values (50,3,'EUSTOLIA','21','021','82','200','2407');
insert  into `localidades`(`id_localidad`,`id_dpto`,`nom_loc`,`cod_loc`,`cod_dpto`,`cod_prov`,`cod_pais`,`cod_postal`) values (51,3,'ESTACION CLUCELLAS','22','021','82','200','2407');
insert  into `localidades`(`id_localidad`,`id_dpto`,`nom_loc`,`cod_loc`,`cod_dpto`,`cod_prov`,`cod_pais`,`cod_postal`) values (52,3,'ESTRADA','23','021','82','200','0');
insert  into `localidades`(`id_localidad`,`id_dpto`,`nom_loc`,`cod_loc`,`cod_dpto`,`cod_prov`,`cod_pais`,`cod_postal`) values (53,3,'EUSEBIA','24','021','82','200','2317');
insert  into `localidades`(`id_localidad`,`id_dpto`,`nom_loc`,`cod_loc`,`cod_dpto`,`cod_prov`,`cod_pais`,`cod_postal`) values (54,3,'FIDELA','25','021','82','200','2407');
insert  into `localidades`(`id_localidad`,`id_dpto`,`nom_loc`,`cod_loc`,`cod_dpto`,`cod_prov`,`cod_pais`,`cod_postal`) values (55,3,'FRONTERA','26','021','82','200','2301');
insert  into `localidades`(`id_localidad`,`id_dpto`,`nom_loc`,`cod_loc`,`cod_dpto`,`cod_prov`,`cod_pais`,`cod_postal`) values (56,3,'GALISTEO','27','021','82','200','2317');
insert  into `localidades`(`id_localidad`,`id_dpto`,`nom_loc`,`cod_loc`,`cod_dpto`,`cod_prov`,`cod_pais`,`cod_postal`) values (57,3,'GARIBALDI','28','021','82','200','2443');
insert  into `localidades`(`id_localidad`,`id_dpto`,`nom_loc`,`cod_loc`,`cod_dpto`,`cod_prov`,`cod_pais`,`cod_postal`) values (58,3,'HUMBERTO 1','29','021','82','200','2309');
insert  into `localidades`(`id_localidad`,`id_dpto`,`nom_loc`,`cod_loc`,`cod_dpto`,`cod_prov`,`cod_pais`,`cod_postal`) values (59,3,'KILOMETRO 85','30','021','82','200','0');
insert  into `localidades`(`id_localidad`,`id_dpto`,`nom_loc`,`cod_loc`,`cod_dpto`,`cod_prov`,`cod_pais`,`cod_postal`) values (60,3,'KILOMETRO 483','31','021','82','200','0');
insert  into `localidades`(`id_localidad`,`id_dpto`,`nom_loc`,`cod_loc`,`cod_dpto`,`cod_prov`,`cod_pais`,`cod_postal`) values (61,3,'KILOMETRO 501','32','021','82','200','0');
insert  into `localidades`(`id_localidad`,`id_dpto`,`nom_loc`,`cod_loc`,`cod_dpto`,`cod_prov`,`cod_pais`,`cod_postal`) values (62,3,'LEHMANN','33','021','82','200','2305');
insert  into `localidades`(`id_localidad`,`id_dpto`,`nom_loc`,`cod_loc`,`cod_dpto`,`cod_prov`,`cod_pais`,`cod_postal`) values (63,3,'LOS SEMBRADOS','34','021','82','200','0');
insert  into `localidades`(`id_localidad`,`id_dpto`,`nom_loc`,`cod_loc`,`cod_dpto`,`cod_prov`,`cod_pais`,`cod_postal`) values (64,3,'MANGORE','35','021','82','200','0');
insert  into `localidades`(`id_localidad`,`id_dpto`,`nom_loc`,`cod_loc`,`cod_dpto`,`cod_prov`,`cod_pais`,`cod_postal`) values (65,3,'MARIA JUANA','36','021','82','200','2445');
insert  into `localidades`(`id_localidad`,`id_dpto`,`nom_loc`,`cod_loc`,`cod_dpto`,`cod_prov`,`cod_pais`,`cod_postal`) values (66,3,'NUEVA LEHMANN','37','021','82','200','0');
insert  into `localidades`(`id_localidad`,`id_dpto`,`nom_loc`,`cod_loc`,`cod_dpto`,`cod_prov`,`cod_pais`,`cod_postal`) values (67,3,'PRESIDENTE ROCA','38','021','82','200','2301');
insert  into `localidades`(`id_localidad`,`id_dpto`,`nom_loc`,`cod_loc`,`cod_dpto`,`cod_prov`,`cod_pais`,`cod_postal`) values (68,3,'PUEBLO MARINI','39','021','82','200','2301');
insert  into `localidades`(`id_localidad`,`id_dpto`,`nom_loc`,`cod_loc`,`cod_dpto`,`cod_prov`,`cod_pais`,`cod_postal`) values (69,3,'RAMONA','40','021','82','200','2301');
insert  into `localidades`(`id_localidad`,`id_dpto`,`nom_loc`,`cod_loc`,`cod_dpto`,`cod_prov`,`cod_pais`,`cod_postal`) values (70,3,'RAFAELA','41','021','82','200','2300');
insert  into `localidades`(`id_localidad`,`id_dpto`,`nom_loc`,`cod_loc`,`cod_dpto`,`cod_prov`,`cod_pais`,`cod_postal`) values (71,3,'COLONIA RAQUEL','42','021','82','200','2309');
insert  into `localidades`(`id_localidad`,`id_dpto`,`nom_loc`,`cod_loc`,`cod_dpto`,`cod_prov`,`cod_pais`,`cod_postal`) values (72,3,'SAGUIER','43','021','82','200','2301');
insert  into `localidades`(`id_localidad`,`id_dpto`,`nom_loc`,`cod_loc`,`cod_dpto`,`cod_prov`,`cod_pais`,`cod_postal`) values (73,3,'SAN ANTONIO','44','021','82','200','2301');
insert  into `localidades`(`id_localidad`,`id_dpto`,`nom_loc`,`cod_loc`,`cod_dpto`,`cod_prov`,`cod_pais`,`cod_postal`) values (74,3,'SANTA CLARA DE SAGUIER','45','021','82','200','2405');
insert  into `localidades`(`id_localidad`,`id_dpto`,`nom_loc`,`cod_loc`,`cod_dpto`,`cod_prov`,`cod_pais`,`cod_postal`) values (75,3,'SAN VICENTE','46','021','82','200','2447');
insert  into `localidades`(`id_localidad`,`id_dpto`,`nom_loc`,`cod_loc`,`cod_dpto`,`cod_prov`,`cod_pais`,`cod_postal`) values (76,3,'SUNCHALES','47','021','82','200','2322');
insert  into `localidades`(`id_localidad`,`id_dpto`,`nom_loc`,`cod_loc`,`cod_dpto`,`cod_prov`,`cod_pais`,`cod_postal`) values (77,3,'SUSANA','48','021','82','200','2301');
insert  into `localidades`(`id_localidad`,`id_dpto`,`nom_loc`,`cod_loc`,`cod_dpto`,`cod_prov`,`cod_pais`,`cod_postal`) values (78,3,'TACURAL','49','021','82','200','2324');
insert  into `localidades`(`id_localidad`,`id_dpto`,`nom_loc`,`cod_loc`,`cod_dpto`,`cod_prov`,`cod_pais`,`cod_postal`) values (79,3,'VILA','50','021','82','200','2301');
insert  into `localidades`(`id_localidad`,`id_dpto`,`nom_loc`,`cod_loc`,`cod_dpto`,`cod_prov`,`cod_pais`,`cod_postal`) values (80,3,'VILLA SAN JOSE','51','021','82','200','2301');
insert  into `localidades`(`id_localidad`,`id_dpto`,`nom_loc`,`cod_loc`,`cod_dpto`,`cod_prov`,`cod_pais`,`cod_postal`) values (81,3,'VIRGINIA','52','021','82','200','2311');
insert  into `localidades`(`id_localidad`,`id_dpto`,`nom_loc`,`cod_loc`,`cod_dpto`,`cod_prov`,`cod_pais`,`cod_postal`) values (82,3,'ZENON PEREYRA','53','021','82','200','2409');
insert  into `localidades`(`id_localidad`,`id_dpto`,`nom_loc`,`cod_loc`,`cod_dpto`,`cod_prov`,`cod_pais`,`cod_postal`) values (84,4,'ALCORTA','01','028','82','200','2117');
insert  into `localidades`(`id_localidad`,`id_dpto`,`nom_loc`,`cod_loc`,`cod_dpto`,`cod_prov`,`cod_pais`,`cod_postal`) values (85,4,'BOMBAL','02','028','82','200','2179');
insert  into `localidades`(`id_localidad`,`id_dpto`,`nom_loc`,`cod_loc`,`cod_dpto`,`cod_prov`,`cod_pais`,`cod_postal`) values (86,4,'CAÑADA RICA','03','028','82','200','2105');
insert  into `localidades`(`id_localidad`,`id_dpto`,`nom_loc`,`cod_loc`,`cod_dpto`,`cod_prov`,`cod_pais`,`cod_postal`) values (87,4,'CEPEDA','04','028','82','200','2921');
insert  into `localidades`(`id_localidad`,`id_dpto`,`nom_loc`,`cod_loc`,`cod_dpto`,`cod_prov`,`cod_pais`,`cod_postal`) values (88,4,'EMPALME V CONSTITUCION','05','028','82','200','2918');
insert  into `localidades`(`id_localidad`,`id_dpto`,`nom_loc`,`cod_loc`,`cod_dpto`,`cod_prov`,`cod_pais`,`cod_postal`) values (89,4,'FRANCISCO PAZ','06','028','82','200','0');
insert  into `localidades`(`id_localidad`,`id_dpto`,`nom_loc`,`cod_loc`,`cod_dpto`,`cod_prov`,`cod_pais`,`cod_postal`) values (90,4,'GENERAL GELLY','07','028','82','200','2701');
insert  into `localidades`(`id_localidad`,`id_dpto`,`nom_loc`,`cod_loc`,`cod_dpto`,`cod_prov`,`cod_pais`,`cod_postal`) values (91,4,'GODOY','08','028','82','200','2921');
insert  into `localidades`(`id_localidad`,`id_dpto`,`nom_loc`,`cod_loc`,`cod_dpto`,`cod_prov`,`cod_pais`,`cod_postal`) values (92,4,'JUAN B MOLINA','09','028','82','200','2909');
insert  into `localidades`(`id_localidad`,`id_dpto`,`nom_loc`,`cod_loc`,`cod_dpto`,`cod_prov`,`cod_pais`,`cod_postal`) values (93,4,'JUNCAL','10','028','82','200','2723');
insert  into `localidades`(`id_localidad`,`id_dpto`,`nom_loc`,`cod_loc`,`cod_dpto`,`cod_prov`,`cod_pais`,`cod_postal`) values (94,4,'LA VANGUARDIA','11','028','82','200','3561');
insert  into `localidades`(`id_localidad`,`id_dpto`,`nom_loc`,`cod_loc`,`cod_dpto`,`cod_prov`,`cod_pais`,`cod_postal`) values (95,4,'MAXIMO PAZ','12','028','82','200','2115');
insert  into `localidades`(`id_localidad`,`id_dpto`,`nom_loc`,`cod_loc`,`cod_dpto`,`cod_prov`,`cod_pais`,`cod_postal`) values (96,4,'PAVON','13','028','82','200','2918');
insert  into `localidades`(`id_localidad`,`id_dpto`,`nom_loc`,`cod_loc`,`cod_dpto`,`cod_prov`,`cod_pais`,`cod_postal`) values (97,4,'PAVON ARRIBA','14','028','82','200','2109');
insert  into `localidades`(`id_localidad`,`id_dpto`,`nom_loc`,`cod_loc`,`cod_dpto`,`cod_prov`,`cod_pais`,`cod_postal`) values (98,4,'PEYRANO','15','028','82','200','2113');
insert  into `localidades`(`id_localidad`,`id_dpto`,`nom_loc`,`cod_loc`,`cod_dpto`,`cod_prov`,`cod_pais`,`cod_postal`) values (99,4,'RUEDA','16','028','82','200','2921');
insert  into `localidades`(`id_localidad`,`id_dpto`,`nom_loc`,`cod_loc`,`cod_dpto`,`cod_prov`,`cod_pais`,`cod_postal`) values (100,4,'SANTA TERESA','17','028','82','200','2111');
insert  into `localidades`(`id_localidad`,`id_dpto`,`nom_loc`,`cod_loc`,`cod_dpto`,`cod_prov`,`cod_pais`,`cod_postal`) values (101,4,'SARGENTO CABRAL','18','028','82','200','2105');
insert  into `localidades`(`id_localidad`,`id_dpto`,`nom_loc`,`cod_loc`,`cod_dpto`,`cod_prov`,`cod_pais`,`cod_postal`) values (102,4,'STEPHENSON','19','028','82','200','0');
insert  into `localidades`(`id_localidad`,`id_dpto`,`nom_loc`,`cod_loc`,`cod_dpto`,`cod_prov`,`cod_pais`,`cod_postal`) values (103,4,'THEOBALD','20','028','82','200','2918');
insert  into `localidades`(`id_localidad`,`id_dpto`,`nom_loc`,`cod_loc`,`cod_dpto`,`cod_prov`,`cod_pais`,`cod_postal`) values (104,4,'VILLA CONSTITUCION','21','028','82','200','2919');
insert  into `localidades`(`id_localidad`,`id_dpto`,`nom_loc`,`cod_loc`,`cod_dpto`,`cod_prov`,`cod_pais`,`cod_postal`) values (106,5,'CAMPO DEL MEDIO','01','035','82','200','0');
insert  into `localidades`(`id_localidad`,`id_dpto`,`nom_loc`,`cod_loc`,`cod_dpto`,`cod_prov`,`cod_pais`,`cod_postal`) values (107,5,'CAMPO ITURRASPE','02','035','82','200','0');
insert  into `localidades`(`id_localidad`,`id_dpto`,`nom_loc`,`cod_loc`,`cod_dpto`,`cod_prov`,`cod_pais`,`cod_postal`) values (108,5,'CAMPO YOSEN','03','035','82','200','0');
insert  into `localidades`(`id_localidad`,`id_dpto`,`nom_loc`,`cod_loc`,`cod_dpto`,`cod_prov`,`cod_pais`,`cod_postal`) values (109,5,'CAYASTA','04','035','82','200','3001');
insert  into `localidades`(`id_localidad`,`id_dpto`,`nom_loc`,`cod_loc`,`cod_dpto`,`cod_prov`,`cod_pais`,`cod_postal`) values (110,5,'COLONIA MASCIAS','05','035','82','200','0');
insert  into `localidades`(`id_localidad`,`id_dpto`,`nom_loc`,`cod_loc`,`cod_dpto`,`cod_prov`,`cod_pais`,`cod_postal`) values (111,5,'COLONIA SAN JOAQUIN','06','035','82','200','0');
insert  into `localidades`(`id_localidad`,`id_dpto`,`nom_loc`,`cod_loc`,`cod_dpto`,`cod_prov`,`cod_pais`,`cod_postal`) values (112,5,'EL LAUREL','07','035','82','200','0');
insert  into `localidades`(`id_localidad`,`id_dpto`,`nom_loc`,`cod_loc`,`cod_dpto`,`cod_prov`,`cod_pais`,`cod_postal`) values (113,5,'LAS CAÑAS','08','035','82','200','0');
insert  into `localidades`(`id_localidad`,`id_dpto`,`nom_loc`,`cod_loc`,`cod_dpto`,`cod_prov`,`cod_pais`,`cod_postal`) values (114,5,'HELVECIA','09','035','82','200','3003');
insert  into `localidades`(`id_localidad`,`id_dpto`,`nom_loc`,`cod_loc`,`cod_dpto`,`cod_prov`,`cod_pais`,`cod_postal`) values (115,5,'LOS CERRILLOS','10','035','82','200','0');
insert  into `localidades`(`id_localidad`,`id_dpto`,`nom_loc`,`cod_loc`,`cod_dpto`,`cod_prov`,`cod_pais`,`cod_postal`) values (116,5,'LOS ZAPALLOS','11','035','82','200','0');
insert  into `localidades`(`id_localidad`,`id_dpto`,`nom_loc`,`cod_loc`,`cod_dpto`,`cod_prov`,`cod_pais`,`cod_postal`) values (117,5,'SALADERO MARIANO CABAL','12','035','82','200','3003');
insert  into `localidades`(`id_localidad`,`id_dpto`,`nom_loc`,`cod_loc`,`cod_dpto`,`cod_prov`,`cod_pais`,`cod_postal`) values (118,5,'SANTA ROSA DE CALCHINES','13','035','82','200','3001');
insert  into `localidades`(`id_localidad`,`id_dpto`,`nom_loc`,`cod_loc`,`cod_dpto`,`cod_prov`,`cod_pais`,`cod_postal`) values (119,5,'HELVECIA NORTE','14','035','82','200',NULL);
insert  into `localidades`(`id_localidad`,`id_dpto`,`nom_loc`,`cod_loc`,`cod_dpto`,`cod_prov`,`cod_pais`,`cod_postal`) values (120,5,'LAS CUATRO BOCAS','16','035','82','200',NULL);
insert  into `localidades`(`id_localidad`,`id_dpto`,`nom_loc`,`cod_loc`,`cod_dpto`,`cod_prov`,`cod_pais`,`cod_postal`) values (121,5,'LOS ALGARROBOS','17','035','82','200',NULL);
insert  into `localidades`(`id_localidad`,`id_dpto`,`nom_loc`,`cod_loc`,`cod_dpto`,`cod_prov`,`cod_pais`,`cod_postal`) values (122,5,'EL MARTILLO','18','035','82','200',NULL);
insert  into `localidades`(`id_localidad`,`id_dpto`,`nom_loc`,`cod_loc`,`cod_dpto`,`cod_prov`,`cod_pais`,`cod_postal`) values (123,5,'LOS OMBUES','19','035','82','200',NULL);
insert  into `localidades`(`id_localidad`,`id_dpto`,`nom_loc`,`cod_loc`,`cod_dpto`,`cod_prov`,`cod_pais`,`cod_postal`) values (125,6,'AARON CASTELLANOS','01','042','82','200','6106');
insert  into `localidades`(`id_localidad`,`id_dpto`,`nom_loc`,`cod_loc`,`cod_dpto`,`cod_prov`,`cod_pais`,`cod_postal`) values (126,6,'AMENABAR','02','042','82','200','6103');
insert  into `localidades`(`id_localidad`,`id_dpto`,`nom_loc`,`cod_loc`,`cod_dpto`,`cod_prov`,`cod_pais`,`cod_postal`) values (127,6,'CAFFERATA','03','042','82','200','2643');
insert  into `localidades`(`id_localidad`,`id_dpto`,`nom_loc`,`cod_loc`,`cod_dpto`,`cod_prov`,`cod_pais`,`cod_postal`) values (128,6,'CAÑADA DEL UCLE','04','042','82','200','2635');
insert  into `localidades`(`id_localidad`,`id_dpto`,`nom_loc`,`cod_loc`,`cod_dpto`,`cod_prov`,`cod_pais`,`cod_postal`) values (129,6,'CARMEN','05','042','82','200','2618');
insert  into `localidades`(`id_localidad`,`id_dpto`,`nom_loc`,`cod_loc`,`cod_dpto`,`cod_prov`,`cod_pais`,`cod_postal`) values (130,6,'CARRERAS','06','042','82','200','2729');
insert  into `localidades`(`id_localidad`,`id_dpto`,`nom_loc`,`cod_loc`,`cod_dpto`,`cod_prov`,`cod_pais`,`cod_postal`) values (131,6,'COLONIA MORGAN','07','042','82','200','0');
insert  into `localidades`(`id_localidad`,`id_dpto`,`nom_loc`,`cod_loc`,`cod_dpto`,`cod_prov`,`cod_pais`,`cod_postal`) values (132,6,'CORONEL ROSETI','08','042','82','200','0');
insert  into `localidades`(`id_localidad`,`id_dpto`,`nom_loc`,`cod_loc`,`cod_dpto`,`cod_prov`,`cod_pais`,`cod_postal`) values (133,6,'4 DE FEBRERO','09','042','82','200','2000');
insert  into `localidades`(`id_localidad`,`id_dpto`,`nom_loc`,`cod_loc`,`cod_dpto`,`cod_prov`,`cod_pais`,`cod_postal`) values (134,6,'CHAPUY','10','042','82','200','2603');
insert  into `localidades`(`id_localidad`,`id_dpto`,`nom_loc`,`cod_loc`,`cod_dpto`,`cod_prov`,`cod_pais`,`cod_postal`) values (135,6,'CHOVET','11','042','82','200','2633');
insert  into `localidades`(`id_localidad`,`id_dpto`,`nom_loc`,`cod_loc`,`cod_dpto`,`cod_prov`,`cod_pais`,`cod_postal`) values (136,6,'DIEGO DE ALVEAR','12','042','82','200','6036');
insert  into `localidades`(`id_localidad`,`id_dpto`,`nom_loc`,`cod_loc`,`cod_dpto`,`cod_prov`,`cod_pais`,`cod_postal`) values (137,6,'EL CANTOR','13','042','82','200','0');
insert  into `localidades`(`id_localidad`,`id_dpto`,`nom_loc`,`cod_loc`,`cod_dpto`,`cod_prov`,`cod_pais`,`cod_postal`) values (138,6,'EL JARDIN','14','042','82','200','0');
insert  into `localidades`(`id_localidad`,`id_dpto`,`nom_loc`,`cod_loc`,`cod_dpto`,`cod_prov`,`cod_pais`,`cod_postal`) values (139,6,'ELORTONDO','15','042','82','200','2732');
insert  into `localidades`(`id_localidad`,`id_dpto`,`nom_loc`,`cod_loc`,`cod_dpto`,`cod_prov`,`cod_pais`,`cod_postal`) values (140,6,'ESTAC CHRISTOPHERSEN','16','042','82','200','6039');
insert  into `localidades`(`id_localidad`,`id_dpto`,`nom_loc`,`cod_loc`,`cod_dpto`,`cod_prov`,`cod_pais`,`cod_postal`) values (141,6,'FIRMAT','17','042','82','200','2630');
insert  into `localidades`(`id_localidad`,`id_dpto`,`nom_loc`,`cod_loc`,`cod_dpto`,`cod_prov`,`cod_pais`,`cod_postal`) values (142,6,'HUGHES','18','042','82','200','2725');
insert  into `localidades`(`id_localidad`,`id_dpto`,`nom_loc`,`cod_loc`,`cod_dpto`,`cod_prov`,`cod_pais`,`cod_postal`) values (143,6,'KILOMETRO 304','19','042','82','200','0');
insert  into `localidades`(`id_localidad`,`id_dpto`,`nom_loc`,`cod_loc`,`cod_dpto`,`cod_prov`,`cod_pais`,`cod_postal`) values (144,6,'KILOMETRO 433','20','042','82','200','0');
insert  into `localidades`(`id_localidad`,`id_dpto`,`nom_loc`,`cod_loc`,`cod_dpto`,`cod_prov`,`cod_pais`,`cod_postal`) values (145,6,'LABORDEBOY','21','042','82','200','2726');
insert  into `localidades`(`id_localidad`,`id_dpto`,`nom_loc`,`cod_loc`,`cod_dpto`,`cod_prov`,`cod_pais`,`cod_postal`) values (146,6,'LA ADELA','22','042','82','200','0');
insert  into `localidades`(`id_localidad`,`id_dpto`,`nom_loc`,`cod_loc`,`cod_dpto`,`cod_prov`,`cod_pais`,`cod_postal`) values (147,6,'LA CHISPA','23','042','82','200','2601');
insert  into `localidades`(`id_localidad`,`id_dpto`,`nom_loc`,`cod_loc`,`cod_dpto`,`cod_prov`,`cod_pais`,`cod_postal`) values (148,6,'LA PICASA','24','042','82','200','0');
insert  into `localidades`(`id_localidad`,`id_dpto`,`nom_loc`,`cod_loc`,`cod_dpto`,`cod_prov`,`cod_pais`,`cod_postal`) values (149,6,'LAZZARINO','25','042','82','200','6103');
insert  into `localidades`(`id_localidad`,`id_dpto`,`nom_loc`,`cod_loc`,`cod_dpto`,`cod_prov`,`cod_pais`,`cod_postal`) values (150,6,'MAGGIOLO','26','042','82','200','2622');
insert  into `localidades`(`id_localidad`,`id_dpto`,`nom_loc`,`cod_loc`,`cod_dpto`,`cod_prov`,`cod_pais`,`cod_postal`) values (151,6,'MARIA TERESA','27','042','82','200','2609');
insert  into `localidades`(`id_localidad`,`id_dpto`,`nom_loc`,`cod_loc`,`cod_dpto`,`cod_prov`,`cod_pais`,`cod_postal`) values (152,6,'MELINCUE','28','042','82','200','2728');
insert  into `localidades`(`id_localidad`,`id_dpto`,`nom_loc`,`cod_loc`,`cod_dpto`,`cod_prov`,`cod_pais`,`cod_postal`) values (153,6,'MERCEDITAS','29','042','82','200','0');
insert  into `localidades`(`id_localidad`,`id_dpto`,`nom_loc`,`cod_loc`,`cod_dpto`,`cod_prov`,`cod_pais`,`cod_postal`) values (154,6,'MURPHY','30','042','82','200','2601');
insert  into `localidades`(`id_localidad`,`id_dpto`,`nom_loc`,`cod_loc`,`cod_dpto`,`cod_prov`,`cod_pais`,`cod_postal`) values (155,6,'PUEBLO MIGUEL TORRES','31','042','82','200','2631');
insert  into `localidades`(`id_localidad`,`id_dpto`,`nom_loc`,`cod_loc`,`cod_dpto`,`cod_prov`,`cod_pais`,`cod_postal`) values (156,6,'RASTREADOR FOURNIER','32','042','82','200','0');
insert  into `localidades`(`id_localidad`,`id_dpto`,`nom_loc`,`cod_loc`,`cod_dpto`,`cod_prov`,`cod_pais`,`cod_postal`) values (157,6,'RUFINO','33','042','82','200','6100');
insert  into `localidades`(`id_localidad`,`id_dpto`,`nom_loc`,`cod_loc`,`cod_dpto`,`cod_prov`,`cod_pais`,`cod_postal`) values (158,6,'RUNCIMAN','34','042','82','200','0');
insert  into `localidades`(`id_localidad`,`id_dpto`,`nom_loc`,`cod_loc`,`cod_dpto`,`cod_prov`,`cod_pais`,`cod_postal`) values (159,6,'SANCTI SPIRITU','35','042','82','200','2617');
insert  into `localidades`(`id_localidad`,`id_dpto`,`nom_loc`,`cod_loc`,`cod_dpto`,`cod_prov`,`cod_pais`,`cod_postal`) values (160,6,'SAN EDUARDO','36','042','82','200','2615');
insert  into `localidades`(`id_localidad`,`id_dpto`,`nom_loc`,`cod_loc`,`cod_dpto`,`cod_prov`,`cod_pais`,`cod_postal`) values (161,6,'SAN FRANCISCO DE SANTA FE','37','042','82','200','2601');
insert  into `localidades`(`id_localidad`,`id_dpto`,`nom_loc`,`cod_loc`,`cod_dpto`,`cod_prov`,`cod_pais`,`cod_postal`) values (162,6,'SAN GREGORIO','38','042','82','200','2613');
insert  into `localidades`(`id_localidad`,`id_dpto`,`nom_loc`,`cod_loc`,`cod_dpto`,`cod_prov`,`cod_pais`,`cod_postal`) values (163,6,'SAN MARCELO','39','042','82','200','0');
insert  into `localidades`(`id_localidad`,`id_dpto`,`nom_loc`,`cod_loc`,`cod_dpto`,`cod_prov`,`cod_pais`,`cod_postal`) values (164,6,'SANTA EMILIA','40','042','82','200','0');
insert  into `localidades`(`id_localidad`,`id_dpto`,`nom_loc`,`cod_loc`,`cod_dpto`,`cod_prov`,`cod_pais`,`cod_postal`) values (165,6,'SANTA ISABEL','41','042','82','200','2605');
insert  into `localidades`(`id_localidad`,`id_dpto`,`nom_loc`,`cod_loc`,`cod_dpto`,`cod_prov`,`cod_pais`,`cod_postal`) values (166,6,'TARRAGONA','42','042','82','200','0');
insert  into `localidades`(`id_localidad`,`id_dpto`,`nom_loc`,`cod_loc`,`cod_dpto`,`cod_prov`,`cod_pais`,`cod_postal`) values (167,6,'TEODELINA','43','042','82','200','6009');
insert  into `localidades`(`id_localidad`,`id_dpto`,`nom_loc`,`cod_loc`,`cod_dpto`,`cod_prov`,`cod_pais`,`cod_postal`) values (168,6,'VENADO TUERTO','44','042','82','200','2600');
insert  into `localidades`(`id_localidad`,`id_dpto`,`nom_loc`,`cod_loc`,`cod_dpto`,`cod_prov`,`cod_pais`,`cod_postal`) values (169,6,'VILLA CAÑAS','45','042','82','200','2607');
insert  into `localidades`(`id_localidad`,`id_dpto`,`nom_loc`,`cod_loc`,`cod_dpto`,`cod_prov`,`cod_pais`,`cod_postal`) values (170,6,'VILLA DIVISA DE MAYO','46','042','82','200','0');
insert  into `localidades`(`id_localidad`,`id_dpto`,`nom_loc`,`cod_loc`,`cod_dpto`,`cod_prov`,`cod_pais`,`cod_postal`) values (171,6,'WHEELWRIGHT','47','042','82','200','2722');
insert  into `localidades`(`id_localidad`,`id_dpto`,`nom_loc`,`cod_loc`,`cod_dpto`,`cod_prov`,`cod_pais`,`cod_postal`) values (173,7,'ARROYO CEIBAL','01','049','82','200','3575');
insert  into `localidades`(`id_localidad`,`id_dpto`,`nom_loc`,`cod_loc`,`cod_dpto`,`cod_prov`,`cod_pais`,`cod_postal`) values (174,7,'AVELLANEDA','02','049','82','200','3561');
insert  into `localidades`(`id_localidad`,`id_dpto`,`nom_loc`,`cod_loc`,`cod_dpto`,`cod_prov`,`cod_pais`,`cod_postal`) values (175,7,'BERNA','03','049','82','200','3569');
insert  into `localidades`(`id_localidad`,`id_dpto`,`nom_loc`,`cod_loc`,`cod_dpto`,`cod_prov`,`cod_pais`,`cod_postal`) values (176,7,'CAMPO HARDY','04','049','82','200','0');
insert  into `localidades`(`id_localidad`,`id_dpto`,`nom_loc`,`cod_loc`,`cod_dpto`,`cod_prov`,`cod_pais`,`cod_postal`) values (177,7,'CAMPO RANSEYER','05','049','82','200','0');
insert  into `localidades`(`id_localidad`,`id_dpto`,`nom_loc`,`cod_loc`,`cod_dpto`,`cod_prov`,`cod_pais`,`cod_postal`) values (178,7,'CAMPO CORTI','06','049','82','200','0');
insert  into `localidades`(`id_localidad`,`id_dpto`,`nom_loc`,`cod_loc`,`cod_dpto`,`cod_prov`,`cod_pais`,`cod_postal`) values (179,7,'CAMPO URDANIZ','07','049','82','200','0');
insert  into `localidades`(`id_localidad`,`id_dpto`,`nom_loc`,`cod_loc`,`cod_dpto`,`cod_prov`,`cod_pais`,`cod_postal`) values (180,7,'CAMPO WINKLER','08','049','82','200','0');
insert  into `localidades`(`id_localidad`,`id_dpto`,`nom_loc`,`cod_loc`,`cod_dpto`,`cod_prov`,`cod_pais`,`cod_postal`) values (181,7,'BARROS PAZOS','09','049','82','200','0');
insert  into `localidades`(`id_localidad`,`id_dpto`,`nom_loc`,`cod_loc`,`cod_dpto`,`cod_prov`,`cod_pais`,`cod_postal`) values (182,7,'EL ARAZA','10','049','82','200','3563');
insert  into `localidades`(`id_localidad`,`id_dpto`,`nom_loc`,`cod_loc`,`cod_dpto`,`cod_prov`,`cod_pais`,`cod_postal`) values (183,7,'EL CARMEN DE AVELLANEDA','11','049','82','200','0');
insert  into `localidades`(`id_localidad`,`id_dpto`,`nom_loc`,`cod_loc`,`cod_dpto`,`cod_prov`,`cod_pais`,`cod_postal`) values (184,7,'EL RABON','12','049','82','200','3592');
insert  into `localidades`(`id_localidad`,`id_dpto`,`nom_loc`,`cod_loc`,`cod_dpto`,`cod_prov`,`cod_pais`,`cod_postal`) values (185,7,'EL RICARDITO','13','049','82','200','0');
insert  into `localidades`(`id_localidad`,`id_dpto`,`nom_loc`,`cod_loc`,`cod_dpto`,`cod_prov`,`cod_pais`,`cod_postal`) values (186,7,'EL SOMBRERITO','14','049','82','200','3585');
insert  into `localidades`(`id_localidad`,`id_dpto`,`nom_loc`,`cod_loc`,`cod_dpto`,`cod_prov`,`cod_pais`,`cod_postal`) values (187,7,'EL TIMBO','15','049','82','200','0');
insert  into `localidades`(`id_localidad`,`id_dpto`,`nom_loc`,`cod_loc`,`cod_dpto`,`cod_prov`,`cod_pais`,`cod_postal`) values (188,7,'FLOR DE ORO','16','049','82','200','0');
insert  into `localidades`(`id_localidad`,`id_dpto`,`nom_loc`,`cod_loc`,`cod_dpto`,`cod_prov`,`cod_pais`,`cod_postal`) values (189,7,'FLORENCIA','17','049','82','200','3516');
insert  into `localidades`(`id_localidad`,`id_dpto`,`nom_loc`,`cod_loc`,`cod_dpto`,`cod_prov`,`cod_pais`,`cod_postal`) values (190,7,'FORTIN ARENALES','18','049','82','200','0');
insert  into `localidades`(`id_localidad`,`id_dpto`,`nom_loc`,`cod_loc`,`cod_dpto`,`cod_prov`,`cod_pais`,`cod_postal`) values (191,7,'GUADALUPE NORTE','19','049','82','200','0');
insert  into `localidades`(`id_localidad`,`id_dpto`,`nom_loc`,`cod_loc`,`cod_dpto`,`cod_prov`,`cod_pais`,`cod_postal`) values (192,7,'GUASUNCHO','20','049','82','200','0');
insert  into `localidades`(`id_localidad`,`id_dpto`,`nom_loc`,`cod_loc`,`cod_dpto`,`cod_prov`,`cod_pais`,`cod_postal`) values (193,7,'INGENIERO CHANOURDIE','21','049','82','200','3575');
insert  into `localidades`(`id_localidad`,`id_dpto`,`nom_loc`,`cod_loc`,`cod_dpto`,`cod_prov`,`cod_pais`,`cod_postal`) values (194,7,'ISLETA','22','049','82','200','0');
insert  into `localidades`(`id_localidad`,`id_dpto`,`nom_loc`,`cod_loc`,`cod_dpto`,`cod_prov`,`cod_pais`,`cod_postal`) values (195,7,'KILOMETRO 67','23','049','82','200','0');
insert  into `localidades`(`id_localidad`,`id_dpto`,`nom_loc`,`cod_loc`,`cod_dpto`,`cod_prov`,`cod_pais`,`cod_postal`) values (196,7,'KILOMETRO 403','24','049','82','200','0');
insert  into `localidades`(`id_localidad`,`id_dpto`,`nom_loc`,`cod_loc`,`cod_dpto`,`cod_prov`,`cod_pais`,`cod_postal`) values (197,7,'LA LOLA','25','049','82','200','0');
insert  into `localidades`(`id_localidad`,`id_dpto`,`nom_loc`,`cod_loc`,`cod_dpto`,`cod_prov`,`cod_pais`,`cod_postal`) values (198,7,'LANTERI','26','049','82','200','3575');
insert  into `localidades`(`id_localidad`,`id_dpto`,`nom_loc`,`cod_loc`,`cod_dpto`,`cod_prov`,`cod_pais`,`cod_postal`) values (199,7,'LA POTASA','27','049','82','200','0');
insert  into `localidades`(`id_localidad`,`id_dpto`,`nom_loc`,`cod_loc`,`cod_dpto`,`cod_prov`,`cod_pais`,`cod_postal`) values (200,7,'LA RESERVA','28','049','82','200','0');
insert  into `localidades`(`id_localidad`,`id_dpto`,`nom_loc`,`cod_loc`,`cod_dpto`,`cod_prov`,`cod_pais`,`cod_postal`) values (201,7,'LA SARITA','29','049','82','200','3563');
insert  into `localidades`(`id_localidad`,`id_dpto`,`nom_loc`,`cod_loc`,`cod_dpto`,`cod_prov`,`cod_pais`,`cod_postal`) values (202,7,'LA SELVA','30','049','82','200','0');
insert  into `localidades`(`id_localidad`,`id_dpto`,`nom_loc`,`cod_loc`,`cod_dpto`,`cod_prov`,`cod_pais`,`cod_postal`) values (203,7,'LA VANGUARDIA','31','049','82','200','0');
insert  into `localidades`(`id_localidad`,`id_dpto`,`nom_loc`,`cod_loc`,`cod_dpto`,`cod_prov`,`cod_pais`,`cod_postal`) values (204,7,'LAS AMINTAS','32','049','82','200','0');
insert  into `localidades`(`id_localidad`,`id_dpto`,`nom_loc`,`cod_loc`,`cod_dpto`,`cod_prov`,`cod_pais`,`cod_postal`) values (205,7,'LAS GARZAS','33','049','82','200','3574');
insert  into `localidades`(`id_localidad`,`id_dpto`,`nom_loc`,`cod_loc`,`cod_dpto`,`cod_prov`,`cod_pais`,`cod_postal`) values (206,7,'LAS MERCEDES','34','049','82','200','0');
insert  into `localidades`(`id_localidad`,`id_dpto`,`nom_loc`,`cod_loc`,`cod_dpto`,`cod_prov`,`cod_pais`,`cod_postal`) values (207,7,'LAS TOSCAS','35','049','82','200','3586');
insert  into `localidades`(`id_localidad`,`id_dpto`,`nom_loc`,`cod_loc`,`cod_dpto`,`cod_prov`,`cod_pais`,`cod_postal`) values (208,7,'LOS LAPACHOS','36','049','82','200','0');
insert  into `localidades`(`id_localidad`,`id_dpto`,`nom_loc`,`cod_loc`,`cod_dpto`,`cod_prov`,`cod_pais`,`cod_postal`) values (209,7,'LOS LAURELES','37','049','82','200','3567');
insert  into `localidades`(`id_localidad`,`id_dpto`,`nom_loc`,`cod_loc`,`cod_dpto`,`cod_prov`,`cod_pais`,`cod_postal`) values (210,7,'MALABRIGO','38','049','82','200','3572');
insert  into `localidades`(`id_localidad`,`id_dpto`,`nom_loc`,`cod_loc`,`cod_dpto`,`cod_prov`,`cod_pais`,`cod_postal`) values (211,7,'MOCOVI','39','049','82','200','0');
insert  into `localidades`(`id_localidad`,`id_dpto`,`nom_loc`,`cod_loc`,`cod_dpto`,`cod_prov`,`cod_pais`,`cod_postal`) values (212,7,'MOUSSY','40','049','82','200','0');
insert  into `localidades`(`id_localidad`,`id_dpto`,`nom_loc`,`cod_loc`,`cod_dpto`,`cod_prov`,`cod_pais`,`cod_postal`) values (213,7,'NICANOR F MOLINAS','41','049','82','200','0');
insert  into `localidades`(`id_localidad`,`id_dpto`,`nom_loc`,`cod_loc`,`cod_dpto`,`cod_prov`,`cod_pais`,`cod_postal`) values (214,7,'PARAJE LA SIRENA','42','049','82','200','0');
insert  into `localidades`(`id_localidad`,`id_dpto`,`nom_loc`,`cod_loc`,`cod_dpto`,`cod_prov`,`cod_pais`,`cod_postal`) values (215,7,'PASO VILLANUEVA','43','049','82','200','0');
insert  into `localidades`(`id_localidad`,`id_dpto`,`nom_loc`,`cod_loc`,`cod_dpto`,`cod_prov`,`cod_pais`,`cod_postal`) values (216,7,'PUERTO OCAMPO','44','049','82','200','0');
insert  into `localidades`(`id_localidad`,`id_dpto`,`nom_loc`,`cod_loc`,`cod_dpto`,`cod_prov`,`cod_pais`,`cod_postal`) values (217,7,'PUERTO RECONQUISTA','45','049','82','200','0');
insert  into `localidades`(`id_localidad`,`id_dpto`,`nom_loc`,`cod_loc`,`cod_dpto`,`cod_prov`,`cod_pais`,`cod_postal`) values (218,7,'PUERTO PIRAGUACITO','46','049','82','200','0');
insert  into `localidades`(`id_localidad`,`id_dpto`,`nom_loc`,`cod_loc`,`cod_dpto`,`cod_prov`,`cod_pais`,`cod_postal`) values (219,7,'RECONQUISTA','47','049','82','200','3560');
insert  into `localidades`(`id_localidad`,`id_dpto`,`nom_loc`,`cod_loc`,`cod_dpto`,`cod_prov`,`cod_pais`,`cod_postal`) values (220,7,'SAN ANTONIO DE OBLIGADO','48','049','82','200','3587');
insert  into `localidades`(`id_localidad`,`id_dpto`,`nom_loc`,`cod_loc`,`cod_dpto`,`cod_prov`,`cod_pais`,`cod_postal`) values (221,7,'SANTA ANA','49','049','82','200','0');
insert  into `localidades`(`id_localidad`,`id_dpto`,`nom_loc`,`cod_loc`,`cod_dpto`,`cod_prov`,`cod_pais`,`cod_postal`) values (222,7,'TACUARENDI','50','049','82','200','3587');
insert  into `localidades`(`id_localidad`,`id_dpto`,`nom_loc`,`cod_loc`,`cod_dpto`,`cod_prov`,`cod_pais`,`cod_postal`) values (223,7,'TRES BOCAS','51','049','82','200','0');
insert  into `localidades`(`id_localidad`,`id_dpto`,`nom_loc`,`cod_loc`,`cod_dpto`,`cod_prov`,`cod_pais`,`cod_postal`) values (224,7,'VILLA ADELA','52','049','82','200','0');
insert  into `localidades`(`id_localidad`,`id_dpto`,`nom_loc`,`cod_loc`,`cod_dpto`,`cod_prov`,`cod_pais`,`cod_postal`) values (225,7,'VILLA ANA','53','049','82','200','3583');
insert  into `localidades`(`id_localidad`,`id_dpto`,`nom_loc`,`cod_loc`,`cod_dpto`,`cod_prov`,`cod_pais`,`cod_postal`) values (226,7,'VILLA GUILLERMINA','54','049','82','200','3589');
insert  into `localidades`(`id_localidad`,`id_dpto`,`nom_loc`,`cod_loc`,`cod_dpto`,`cod_prov`,`cod_pais`,`cod_postal`) values (227,7,'VILLA OCAMPO','55','049','82','200','3580');
insert  into `localidades`(`id_localidad`,`id_dpto`,`nom_loc`,`cod_loc`,`cod_dpto`,`cod_prov`,`cod_pais`,`cod_postal`) values (228,7,'SAN MANUEL','56','049','82','200','0');
insert  into `localidades`(`id_localidad`,`id_dpto`,`nom_loc`,`cod_loc`,`cod_dpto`,`cod_prov`,`cod_pais`,`cod_postal`) values (229,7,'YAGUARETE','57','049','82','200','0');
insert  into `localidades`(`id_localidad`,`id_dpto`,`nom_loc`,`cod_loc`,`cod_dpto`,`cod_prov`,`cod_pais`,`cod_postal`) values (230,7,'ISLAS EL COCAL','58','049','82','200','0');
insert  into `localidades`(`id_localidad`,`id_dpto`,`nom_loc`,`cod_loc`,`cod_dpto`,`cod_prov`,`cod_pais`,`cod_postal`) values (231,7,'PARAJE 7 PROVINCIAS','59','049','82','200',NULL);
insert  into `localidades`(`id_localidad`,`id_dpto`,`nom_loc`,`cod_loc`,`cod_dpto`,`cod_prov`,`cod_pais`,`cod_postal`) values (232,7,'PARAJE SAN JUAN','60','049','82','200','0');
insert  into `localidades`(`id_localidad`,`id_dpto`,`nom_loc`,`cod_loc`,`cod_dpto`,`cod_prov`,`cod_pais`,`cod_postal`) values (233,7,'CAMPO VIOLA','76','049','82','200','0');
insert  into `localidades`(`id_localidad`,`id_dpto`,`nom_loc`,`cod_loc`,`cod_dpto`,`cod_prov`,`cod_pais`,`cod_postal`) values (235,8,'ANDINO','01','056','82','200','2214');
insert  into `localidades`(`id_localidad`,`id_dpto`,`nom_loc`,`cod_loc`,`cod_dpto`,`cod_prov`,`cod_pais`,`cod_postal`) values (236,8,'BERRETA','02','056','82','200','0');
insert  into `localidades`(`id_localidad`,`id_dpto`,`nom_loc`,`cod_loc`,`cod_dpto`,`cod_prov`,`cod_pais`,`cod_postal`) values (237,8,'BUSTINZA','03','056','82','200','2501');
insert  into `localidades`(`id_localidad`,`id_dpto`,`nom_loc`,`cod_loc`,`cod_dpto`,`cod_prov`,`cod_pais`,`cod_postal`) values (238,8,'CAÑADA DE GOMEZ','04','056','82','200','2500');
insert  into `localidades`(`id_localidad`,`id_dpto`,`nom_loc`,`cod_loc`,`cod_dpto`,`cod_prov`,`cod_pais`,`cod_postal`) values (239,8,'CLARKE-CARRIZALES','05','056','82','200','2218');
insert  into `localidades`(`id_localidad`,`id_dpto`,`nom_loc`,`cod_loc`,`cod_dpto`,`cod_prov`,`cod_pais`,`cod_postal`) values (240,8,'CLASON','06','056','82','200','2146');
insert  into `localidades`(`id_localidad`,`id_dpto`,`nom_loc`,`cod_loc`,`cod_dpto`,`cod_prov`,`cod_pais`,`cod_postal`) values (241,8,'CORREA','07','056','82','200','2506');
insert  into `localidades`(`id_localidad`,`id_dpto`,`nom_loc`,`cod_loc`,`cod_dpto`,`cod_prov`,`cod_pais`,`cod_postal`) values (242,8,'COLONIA MEDICI','08','056','82','200','0');
insert  into `localidades`(`id_localidad`,`id_dpto`,`nom_loc`,`cod_loc`,`cod_dpto`,`cod_prov`,`cod_pais`,`cod_postal`) values (243,8,'LARGUIA','09','056','82','200','0');
insert  into `localidades`(`id_localidad`,`id_dpto`,`nom_loc`,`cod_loc`,`cod_dpto`,`cod_prov`,`cod_pais`,`cod_postal`) values (244,8,'LUCIO V LOPEZ','10','056','82','200','2142');
insert  into `localidades`(`id_localidad`,`id_dpto`,`nom_loc`,`cod_loc`,`cod_dpto`,`cod_prov`,`cod_pais`,`cod_postal`) values (245,8,'OLIVEROS','11','056','82','200','2206');
insert  into `localidades`(`id_localidad`,`id_dpto`,`nom_loc`,`cod_loc`,`cod_dpto`,`cod_prov`,`cod_pais`,`cod_postal`) values (246,8,'SALTO GRANDE','12','056','82','200','2142');
insert  into `localidades`(`id_localidad`,`id_dpto`,`nom_loc`,`cod_loc`,`cod_dpto`,`cod_prov`,`cod_pais`,`cod_postal`) values (247,8,'SAN ESTANISLAO','13','056','82','200','0');
insert  into `localidades`(`id_localidad`,`id_dpto`,`nom_loc`,`cod_loc`,`cod_dpto`,`cod_prov`,`cod_pais`,`cod_postal`) values (248,8,'SAN RICARDO','14','056','82','200','0');
insert  into `localidades`(`id_localidad`,`id_dpto`,`nom_loc`,`cod_loc`,`cod_dpto`,`cod_prov`,`cod_pais`,`cod_postal`) values (249,8,'TOTORAS','15','056','82','200','2144');
insert  into `localidades`(`id_localidad`,`id_dpto`,`nom_loc`,`cod_loc`,`cod_dpto`,`cod_prov`,`cod_pais`,`cod_postal`) values (250,8,'SERODINO','16','056','82','200','2216');
insert  into `localidades`(`id_localidad`,`id_dpto`,`nom_loc`,`cod_loc`,`cod_dpto`,`cod_prov`,`cod_pais`,`cod_postal`) values (251,8,'VILLA ELOISA','17','056','82','200','2503');
insert  into `localidades`(`id_localidad`,`id_dpto`,`nom_loc`,`cod_loc`,`cod_dpto`,`cod_prov`,`cod_pais`,`cod_postal`) values (253,9,'ALTO VERDE','01','063','82','200','3000');
insert  into `localidades`(`id_localidad`,`id_dpto`,`nom_loc`,`cod_loc`,`cod_dpto`,`cod_prov`,`cod_pais`,`cod_postal`) values (254,9,'ANGEL GALLARDO','02','063','82','200','0');
insert  into `localidades`(`id_localidad`,`id_dpto`,`nom_loc`,`cod_loc`,`cod_dpto`,`cod_prov`,`cod_pais`,`cod_postal`) values (255,9,'AROMOS','03','063','82','200','0');
insert  into `localidades`(`id_localidad`,`id_dpto`,`nom_loc`,`cod_loc`,`cod_dpto`,`cod_prov`,`cod_pais`,`cod_postal`) values (256,9,'ARROYO AGUIAR','04','063','82','200','3014');
insert  into `localidades`(`id_localidad`,`id_dpto`,`nom_loc`,`cod_loc`,`cod_dpto`,`cod_prov`,`cod_pais`,`cod_postal`) values (257,9,'ARROYO LEYES','05','063','82','200','3000');
insert  into `localidades`(`id_localidad`,`id_dpto`,`nom_loc`,`cod_loc`,`cod_dpto`,`cod_prov`,`cod_pais`,`cod_postal`) values (258,9,'ASCOCHINGA','06','063','82','200','0');
insert  into `localidades`(`id_localidad`,`id_dpto`,`nom_loc`,`cod_loc`,`cod_dpto`,`cod_prov`,`cod_pais`,`cod_postal`) values (259,9,'CABAL','07','063','82','200','3034');
insert  into `localidades`(`id_localidad`,`id_dpto`,`nom_loc`,`cod_loc`,`cod_dpto`,`cod_prov`,`cod_pais`,`cod_postal`) values (260,9,'CAMPO ANDINO','08','063','82','200','0');
insert  into `localidades`(`id_localidad`,`id_dpto`,`nom_loc`,`cod_loc`,`cod_dpto`,`cod_prov`,`cod_pais`,`cod_postal`) values (261,9,'CAMPO CRESPO','09','063','82','200','0');
insert  into `localidades`(`id_localidad`,`id_dpto`,`nom_loc`,`cod_loc`,`cod_dpto`,`cod_prov`,`cod_pais`,`cod_postal`) values (262,9,'CANDIOTI','10','063','82','200','3018');
insert  into `localidades`(`id_localidad`,`id_dpto`,`nom_loc`,`cod_loc`,`cod_dpto`,`cod_prov`,`cod_pais`,`cod_postal`) values (263,9,'COLASTINE','11','063','82','200','0');
insert  into `localidades`(`id_localidad`,`id_dpto`,`nom_loc`,`cod_loc`,`cod_dpto`,`cod_prov`,`cod_pais`,`cod_postal`) values (264,9,'CONSTITUYENTES','12','063','82','200','0');
insert  into `localidades`(`id_localidad`,`id_dpto`,`nom_loc`,`cod_loc`,`cod_dpto`,`cod_prov`,`cod_pais`,`cod_postal`) values (265,9,'EMILIA','13','063','82','200','3036');
insert  into `localidades`(`id_localidad`,`id_dpto`,`nom_loc`,`cod_loc`,`cod_dpto`,`cod_prov`,`cod_pais`,`cod_postal`) values (266,9,'IRIONDO','14','063','82','200','0');
insert  into `localidades`(`id_localidad`,`id_dpto`,`nom_loc`,`cod_loc`,`cod_dpto`,`cod_prov`,`cod_pais`,`cod_postal`) values (267,9,'LAGUNA PAIVA','15','063','82','200','3020');
insert  into `localidades`(`id_localidad`,`id_dpto`,`nom_loc`,`cod_loc`,`cod_dpto`,`cod_prov`,`cod_pais`,`cod_postal`) values (268,9,'LA GUARDIA','16','063','82','200','0');
insert  into `localidades`(`id_localidad`,`id_dpto`,`nom_loc`,`cod_loc`,`cod_dpto`,`cod_prov`,`cod_pais`,`cod_postal`) values (269,9,'LLAMBI CAMPBELL','17','063','82','200','3036');
insert  into `localidades`(`id_localidad`,`id_dpto`,`nom_loc`,`cod_loc`,`cod_dpto`,`cod_prov`,`cod_pais`,`cod_postal`) values (270,9,'MANUCHO','18','063','82','200','0');
insert  into `localidades`(`id_localidad`,`id_dpto`,`nom_loc`,`cod_loc`,`cod_dpto`,`cod_prov`,`cod_pais`,`cod_postal`) values (271,9,'MONTE VERA','19','063','82','200','3014');
insert  into `localidades`(`id_localidad`,`id_dpto`,`nom_loc`,`cod_loc`,`cod_dpto`,`cod_prov`,`cod_pais`,`cod_postal`) values (272,9,'NELSON','20','063','82','200','3032');
insert  into `localidades`(`id_localidad`,`id_dpto`,`nom_loc`,`cod_loc`,`cod_dpto`,`cod_prov`,`cod_pais`,`cod_postal`) values (273,9,'RECREO','21','063','82','200','3018');
insert  into `localidades`(`id_localidad`,`id_dpto`,`nom_loc`,`cod_loc`,`cod_dpto`,`cod_prov`,`cod_pais`,`cod_postal`) values (274,9,'RINCON NORTE','22','063','82','200','0');
insert  into `localidades`(`id_localidad`,`id_dpto`,`nom_loc`,`cod_loc`,`cod_dpto`,`cod_prov`,`cod_pais`,`cod_postal`) values (275,9,'RINCON DE AVILA','23','063','82','200','0');
insert  into `localidades`(`id_localidad`,`id_dpto`,`nom_loc`,`cod_loc`,`cod_dpto`,`cod_prov`,`cod_pais`,`cod_postal`) values (276,9,'SAUCE VIEJO','24','063','82','200','3016');
insert  into `localidades`(`id_localidad`,`id_dpto`,`nom_loc`,`cod_loc`,`cod_dpto`,`cod_prov`,`cod_pais`,`cod_postal`) values (277,9,'SAN JOSE DEL RINCON','25','063','82','200','0');
insert  into `localidades`(`id_localidad`,`id_dpto`,`nom_loc`,`cod_loc`,`cod_dpto`,`cod_prov`,`cod_pais`,`cod_postal`) values (278,9,'SAN PEDRO','26','063','82','200','3021');
insert  into `localidades`(`id_localidad`,`id_dpto`,`nom_loc`,`cod_loc`,`cod_dpto`,`cod_prov`,`cod_pais`,`cod_postal`) values (279,9,'SANTA FE','27','063','82','200','3000');
insert  into `localidades`(`id_localidad`,`id_dpto`,`nom_loc`,`cod_loc`,`cod_dpto`,`cod_prov`,`cod_pais`,`cod_postal`) values (280,9,'SANTO TOME','28','063','82','200','3016');
insert  into `localidades`(`id_localidad`,`id_dpto`,`nom_loc`,`cod_loc`,`cod_dpto`,`cod_prov`,`cod_pais`,`cod_postal`) values (281,9,'VILLA LAURA','29','063','82','200',NULL);
insert  into `localidades`(`id_localidad`,`id_dpto`,`nom_loc`,`cod_loc`,`cod_dpto`,`cod_prov`,`cod_pais`,`cod_postal`) values (283,10,'CAVOUR','01','070','82','200','3081');
insert  into `localidades`(`id_localidad`,`id_dpto`,`nom_loc`,`cod_loc`,`cod_dpto`,`cod_prov`,`cod_pais`,`cod_postal`) values (284,10,'CORONEL RODRIGUEZ','02','070','82','200','0');
insert  into `localidades`(`id_localidad`,`id_dpto`,`nom_loc`,`cod_loc`,`cod_dpto`,`cod_prov`,`cod_pais`,`cod_postal`) values (285,10,'CULULU','03','070','82','200','3023');
insert  into `localidades`(`id_localidad`,`id_dpto`,`nom_loc`,`cod_loc`,`cod_dpto`,`cod_prov`,`cod_pais`,`cod_postal`) values (286,10,'ELISA','04','070','82','200','3029');
insert  into `localidades`(`id_localidad`,`id_dpto`,`nom_loc`,`cod_loc`,`cod_dpto`,`cod_prov`,`cod_pais`,`cod_postal`) values (287,10,'EMPALME SAN CARLOS','05','070','82','200','3007');
insert  into `localidades`(`id_localidad`,`id_dpto`,`nom_loc`,`cod_loc`,`cod_dpto`,`cod_prov`,`cod_pais`,`cod_postal`) values (288,10,'ESPERANZA','06','070','82','200','3080');
insert  into `localidades`(`id_localidad`,`id_dpto`,`nom_loc`,`cod_loc`,`cod_dpto`,`cod_prov`,`cod_pais`,`cod_postal`) values (289,10,'FELICIA','07','070','82','200','3087');
insert  into `localidades`(`id_localidad`,`id_dpto`,`nom_loc`,`cod_loc`,`cod_dpto`,`cod_prov`,`cod_pais`,`cod_postal`) values (290,10,'FRANCK','08','070','82','200','3009');
insert  into `localidades`(`id_localidad`,`id_dpto`,`nom_loc`,`cod_loc`,`cod_dpto`,`cod_prov`,`cod_pais`,`cod_postal`) values (291,10,'GRUTLY','09','070','82','200','3083');
insert  into `localidades`(`id_localidad`,`id_dpto`,`nom_loc`,`cod_loc`,`cod_dpto`,`cod_prov`,`cod_pais`,`cod_postal`) values (292,10,'HIPATIA','10','070','82','200','3023');
insert  into `localidades`(`id_localidad`,`id_dpto`,`nom_loc`,`cod_loc`,`cod_dpto`,`cod_prov`,`cod_pais`,`cod_postal`) values (293,10,'HUMBOLDT','11','070','82','200','3081');
insert  into `localidades`(`id_localidad`,`id_dpto`,`nom_loc`,`cod_loc`,`cod_dpto`,`cod_prov`,`cod_pais`,`cod_postal`) values (294,10,'ITUZAINGO','12','070','82','200','2311');
insert  into `localidades`(`id_localidad`,`id_dpto`,`nom_loc`,`cod_loc`,`cod_dpto`,`cod_prov`,`cod_pais`,`cod_postal`) values (295,10,'JACINTO L ARAUZ','13','070','82','200','3027');
insert  into `localidades`(`id_localidad`,`id_dpto`,`nom_loc`,`cod_loc`,`cod_dpto`,`cod_prov`,`cod_pais`,`cod_postal`) values (296,10,'LA PELADA','14','070','82','200','3027');
insert  into `localidades`(`id_localidad`,`id_dpto`,`nom_loc`,`cod_loc`,`cod_dpto`,`cod_prov`,`cod_pais`,`cod_postal`) values (297,10,'LAS TUNAS','15','070','82','200','3009');
insert  into `localidades`(`id_localidad`,`id_dpto`,`nom_loc`,`cod_loc`,`cod_dpto`,`cod_prov`,`cod_pais`,`cod_postal`) values (298,10,'MARIA LUISA','16','070','82','200','3025');
insert  into `localidades`(`id_localidad`,`id_dpto`,`nom_loc`,`cod_loc`,`cod_dpto`,`cod_prov`,`cod_pais`,`cod_postal`) values (299,10,'MARIANO SAAVEDRA','17','070','82','200','2318');
insert  into `localidades`(`id_localidad`,`id_dpto`,`nom_loc`,`cod_loc`,`cod_dpto`,`cod_prov`,`cod_pais`,`cod_postal`) values (300,10,'MATILDE','18','070','82','200','3017');
insert  into `localidades`(`id_localidad`,`id_dpto`,`nom_loc`,`cod_loc`,`cod_dpto`,`cod_prov`,`cod_pais`,`cod_postal`) values (301,10,'NUEVO TORINO','19','070','82','200','3087');
insert  into `localidades`(`id_localidad`,`id_dpto`,`nom_loc`,`cod_loc`,`cod_dpto`,`cod_prov`,`cod_pais`,`cod_postal`) values (302,10,'PILAR','20','070','82','200','3085');
insert  into `localidades`(`id_localidad`,`id_dpto`,`nom_loc`,`cod_loc`,`cod_dpto`,`cod_prov`,`cod_pais`,`cod_postal`) values (303,10,'PUJATO NORTE','21','070','82','200','2123');
insert  into `localidades`(`id_localidad`,`id_dpto`,`nom_loc`,`cod_loc`,`cod_dpto`,`cod_prov`,`cod_pais`,`cod_postal`) values (304,10,'PUJOL','22','070','82','200','0');
insert  into `localidades`(`id_localidad`,`id_dpto`,`nom_loc`,`cod_loc`,`cod_dpto`,`cod_prov`,`cod_pais`,`cod_postal`) values (305,10,'PROGRESO','23','070','82','200','3023');
insert  into `localidades`(`id_localidad`,`id_dpto`,`nom_loc`,`cod_loc`,`cod_dpto`,`cod_prov`,`cod_pais`,`cod_postal`) values (306,10,'PROVIDENCIA','24','070','82','200','3025');
insert  into `localidades`(`id_localidad`,`id_dpto`,`nom_loc`,`cod_loc`,`cod_dpto`,`cod_prov`,`cod_pais`,`cod_postal`) values (307,10,'RIVADAVIA','25','070','82','200','3081');
insert  into `localidades`(`id_localidad`,`id_dpto`,`nom_loc`,`cod_loc`,`cod_dpto`,`cod_prov`,`cod_pais`,`cod_postal`) values (308,10,'SAN AGUSTIN','26','070','82','200','3017');
insert  into `localidades`(`id_localidad`,`id_dpto`,`nom_loc`,`cod_loc`,`cod_dpto`,`cod_prov`,`cod_pais`,`cod_postal`) values (309,10,'SAN CARLOS CENTRO','27','070','82','200','3013');
insert  into `localidades`(`id_localidad`,`id_dpto`,`nom_loc`,`cod_loc`,`cod_dpto`,`cod_prov`,`cod_pais`,`cod_postal`) values (310,10,'SAN CARLOS NORTE','28','070','82','200','3009');
insert  into `localidades`(`id_localidad`,`id_dpto`,`nom_loc`,`cod_loc`,`cod_dpto`,`cod_prov`,`cod_pais`,`cod_postal`) values (311,10,'SAN CARLOS SUD','29','070','82','200','3013');
insert  into `localidades`(`id_localidad`,`id_dpto`,`nom_loc`,`cod_loc`,`cod_dpto`,`cod_prov`,`cod_pais`,`cod_postal`) values (312,10,'SAN JERONIMO DEL SAUCE','30','070','82','200','3009');
insert  into `localidades`(`id_localidad`,`id_dpto`,`nom_loc`,`cod_loc`,`cod_dpto`,`cod_prov`,`cod_pais`,`cod_postal`) values (313,10,'SAN JERONIMO NORTE','31','070','82','200','3011');
insert  into `localidades`(`id_localidad`,`id_dpto`,`nom_loc`,`cod_loc`,`cod_dpto`,`cod_prov`,`cod_pais`,`cod_postal`) values (314,10,'SAN JOSE','32','070','82','200','3016');
insert  into `localidades`(`id_localidad`,`id_dpto`,`nom_loc`,`cod_loc`,`cod_dpto`,`cod_prov`,`cod_pais`,`cod_postal`) values (315,10,'SANTA CLARA DE B VISTA','33','070','82','200','2258');
insert  into `localidades`(`id_localidad`,`id_dpto`,`nom_loc`,`cod_loc`,`cod_dpto`,`cod_prov`,`cod_pais`,`cod_postal`) values (316,10,'SANTA MARIA','34','070','82','200','3011');
insert  into `localidades`(`id_localidad`,`id_dpto`,`nom_loc`,`cod_loc`,`cod_dpto`,`cod_prov`,`cod_pais`,`cod_postal`) values (317,10,'SANTA MARIA NORTE','35','070','82','200','3011');
insert  into `localidades`(`id_localidad`,`id_dpto`,`nom_loc`,`cod_loc`,`cod_dpto`,`cod_prov`,`cod_pais`,`cod_postal`) values (318,10,'SANTO DOMINGO','36','070','82','200','3025');
insert  into `localidades`(`id_localidad`,`id_dpto`,`nom_loc`,`cod_loc`,`cod_dpto`,`cod_prov`,`cod_pais`,`cod_postal`) values (319,10,'SAN WENDELINO','37','070','82','200','0');
insert  into `localidades`(`id_localidad`,`id_dpto`,`nom_loc`,`cod_loc`,`cod_dpto`,`cod_prov`,`cod_pais`,`cod_postal`) values (320,10,'SAA PEREYRA','38','070','82','200','2318');
insert  into `localidades`(`id_localidad`,`id_dpto`,`nom_loc`,`cod_loc`,`cod_dpto`,`cod_prov`,`cod_pais`,`cod_postal`) values (321,10,'SARMIENTO','39','070','82','200','3023');
insert  into `localidades`(`id_localidad`,`id_dpto`,`nom_loc`,`cod_loc`,`cod_dpto`,`cod_prov`,`cod_pais`,`cod_postal`) values (322,10,'SOUTOMAYOR','40','070','82','200','3025');
insert  into `localidades`(`id_localidad`,`id_dpto`,`nom_loc`,`cod_loc`,`cod_dpto`,`cod_prov`,`cod_pais`,`cod_postal`) values (324,11,'ANTONIO PINI','01','077','82','200','0');
insert  into `localidades`(`id_localidad`,`id_dpto`,`nom_loc`,`cod_loc`,`cod_dpto`,`cod_prov`,`cod_pais`,`cod_postal`) values (325,11,'CAMPO GARAY','02','077','82','200','3066');
insert  into `localidades`(`id_localidad`,`id_dpto`,`nom_loc`,`cod_loc`,`cod_dpto`,`cod_prov`,`cod_pais`,`cod_postal`) values (326,11,'ESTEBAN RAMS','03','077','82','200','3066');
insert  into `localidades`(`id_localidad`,`id_dpto`,`nom_loc`,`cod_loc`,`cod_dpto`,`cod_prov`,`cod_pais`,`cod_postal`) values (327,11,'FORTIN ATAHUALPA','04','077','82','200','0');
insert  into `localidades`(`id_localidad`,`id_dpto`,`nom_loc`,`cod_loc`,`cod_dpto`,`cod_prov`,`cod_pais`,`cod_postal`) values (328,11,'FORTIN SEIS','05','077','82','200','0');
insert  into `localidades`(`id_localidad`,`id_dpto`,`nom_loc`,`cod_loc`,`cod_dpto`,`cod_prov`,`cod_pais`,`cod_postal`) values (329,11,'GATO COLORADO','06','077','82','200','3541');
insert  into `localidades`(`id_localidad`,`id_dpto`,`nom_loc`,`cod_loc`,`cod_dpto`,`cod_prov`,`cod_pais`,`cod_postal`) values (330,11,'EL NOCHERO - GREG.PEREZ DENIS - LOS SALA','07','077','82','200','3041');
insert  into `localidades`(`id_localidad`,`id_dpto`,`nom_loc`,`cod_loc`,`cod_dpto`,`cod_prov`,`cod_pais`,`cod_postal`) values (331,11,'KILOMETRO 421','08','077','82','200','0');
insert  into `localidades`(`id_localidad`,`id_dpto`,`nom_loc`,`cod_loc`,`cod_dpto`,`cod_prov`,`cod_pais`,`cod_postal`) values (332,11,'LOS CHAÑARES','09','077','82','200','0');
insert  into `localidades`(`id_localidad`,`id_dpto`,`nom_loc`,`cod_loc`,`cod_dpto`,`cod_prov`,`cod_pais`,`cod_postal`) values (333,11,'LOGROÑO','10','077','82','200','3066');
insert  into `localidades`(`id_localidad`,`id_dpto`,`nom_loc`,`cod_loc`,`cod_dpto`,`cod_prov`,`cod_pais`,`cod_postal`) values (334,11,'MOGOTES','11','077','82','200','0');
insert  into `localidades`(`id_localidad`,`id_dpto`,`nom_loc`,`cod_loc`,`cod_dpto`,`cod_prov`,`cod_pais`,`cod_postal`) values (335,11,'MONTEFIORE','12','077','82','200','2341');
insert  into `localidades`(`id_localidad`,`id_dpto`,`nom_loc`,`cod_loc`,`cod_dpto`,`cod_prov`,`cod_pais`,`cod_postal`) values (336,11,'NUEVA ITALIA','13','077','82','200','0');
insert  into `localidades`(`id_localidad`,`id_dpto`,`nom_loc`,`cod_loc`,`cod_dpto`,`cod_prov`,`cod_pais`,`cod_postal`) values (337,11,'POZO BORRADO','14','077','82','200','3061');
insert  into `localidades`(`id_localidad`,`id_dpto`,`nom_loc`,`cod_loc`,`cod_dpto`,`cod_prov`,`cod_pais`,`cod_postal`) values (338,11,'P ITURRALDE','15','077','82','200','0');
insert  into `localidades`(`id_localidad`,`id_dpto`,`nom_loc`,`cod_loc`,`cod_dpto`,`cod_prov`,`cod_pais`,`cod_postal`) values (339,11,'SANTA MARGARITA','16','077','82','200','3061');
insert  into `localidades`(`id_localidad`,`id_dpto`,`nom_loc`,`cod_loc`,`cod_dpto`,`cod_prov`,`cod_pais`,`cod_postal`) values (340,11,'TACUARU','17','077','82','200','0');
insert  into `localidades`(`id_localidad`,`id_dpto`,`nom_loc`,`cod_loc`,`cod_dpto`,`cod_prov`,`cod_pais`,`cod_postal`) values (341,11,'TOSTADO','18','077','82','200','3060');
insert  into `localidades`(`id_localidad`,`id_dpto`,`nom_loc`,`cod_loc`,`cod_dpto`,`cod_prov`,`cod_pais`,`cod_postal`) values (342,11,'TRES POZOS','19','077','82','200','0');
insert  into `localidades`(`id_localidad`,`id_dpto`,`nom_loc`,`cod_loc`,`cod_dpto`,`cod_prov`,`cod_pais`,`cod_postal`) values (343,11,'VILLA MINETTI','20','077','82','200','3061');
insert  into `localidades`(`id_localidad`,`id_dpto`,`nom_loc`,`cod_loc`,`cod_dpto`,`cod_prov`,`cod_pais`,`cod_postal`) values (345,12,'ACEBAL','01','084','82','200','2109');
insert  into `localidades`(`id_localidad`,`id_dpto`,`nom_loc`,`cod_loc`,`cod_dpto`,`cod_prov`,`cod_pais`,`cod_postal`) values (346,12,'ALBARELLOS','02','084','82','200','2101');
insert  into `localidades`(`id_localidad`,`id_dpto`,`nom_loc`,`cod_loc`,`cod_dpto`,`cod_prov`,`cod_pais`,`cod_postal`) values (347,12,'ALVAREZ','03','084','82','200','2107');
insert  into `localidades`(`id_localidad`,`id_dpto`,`nom_loc`,`cod_loc`,`cod_dpto`,`cod_prov`,`cod_pais`,`cod_postal`) values (348,12,'ALVEAR','04','084','82','200','2126');
insert  into `localidades`(`id_localidad`,`id_dpto`,`nom_loc`,`cod_loc`,`cod_dpto`,`cod_prov`,`cod_pais`,`cod_postal`) values (349,12,'ARMINDA','05','084','82','200','2119');
insert  into `localidades`(`id_localidad`,`id_dpto`,`nom_loc`,`cod_loc`,`cod_dpto`,`cod_prov`,`cod_pais`,`cod_postal`) values (350,12,'ARROYO SECO','06','084','82','200','2128');
insert  into `localidades`(`id_localidad`,`id_dpto`,`nom_loc`,`cod_loc`,`cod_dpto`,`cod_prov`,`cod_pais`,`cod_postal`) values (351,12,'CARMEN DEL SAUCE','07','084','82','200','2109');
insert  into `localidades`(`id_localidad`,`id_dpto`,`nom_loc`,`cod_loc`,`cod_dpto`,`cod_prov`,`cod_pais`,`cod_postal`) values (352,12,'CORONEL BOGADO','08','084','82','200','2103');
insert  into `localidades`(`id_localidad`,`id_dpto`,`nom_loc`,`cod_loc`,`cod_dpto`,`cod_prov`,`cod_pais`,`cod_postal`) values (353,12,'CNEL RFO S DOMINGUEZ','09','084','82','200','2105');
insert  into `localidades`(`id_localidad`,`id_dpto`,`nom_loc`,`cod_loc`,`cod_dpto`,`cod_prov`,`cod_pais`,`cod_postal`) values (354,12,'FIGHIERA','10','084','82','200','2126');
insert  into `localidades`(`id_localidad`,`id_dpto`,`nom_loc`,`cod_loc`,`cod_dpto`,`cod_prov`,`cod_pais`,`cod_postal`) values (355,12,'FUNES','11','084','82','200','2132');
insert  into `localidades`(`id_localidad`,`id_dpto`,`nom_loc`,`cod_loc`,`cod_dpto`,`cod_prov`,`cod_pais`,`cod_postal`) values (356,12,'GENERAL LAGOS','12','084','82','200','2126');
insert  into `localidades`(`id_localidad`,`id_dpto`,`nom_loc`,`cod_loc`,`cod_dpto`,`cod_prov`,`cod_pais`,`cod_postal`) values (357,12,'GRANADERO BAIGORRIA','13','084','82','200','2152');
insert  into `localidades`(`id_localidad`,`id_dpto`,`nom_loc`,`cod_loc`,`cod_dpto`,`cod_prov`,`cod_pais`,`cod_postal`) values (358,12,'IBARLUCEA','14','084','82','200','2142');
insert  into `localidades`(`id_localidad`,`id_dpto`,`nom_loc`,`cod_loc`,`cod_dpto`,`cod_prov`,`cod_pais`,`cod_postal`) values (359,12,'LA CAROLINA','15','084','82','200','0');
insert  into `localidades`(`id_localidad`,`id_dpto`,`nom_loc`,`cod_loc`,`cod_dpto`,`cod_prov`,`cod_pais`,`cod_postal`) values (360,12,'MONTE FLORES','16','084','82','200','0');
insert  into `localidades`(`id_localidad`,`id_dpto`,`nom_loc`,`cod_loc`,`cod_dpto`,`cod_prov`,`cod_pais`,`cod_postal`) values (361,12,'PEREZ','17','084','82','200','2121');
insert  into `localidades`(`id_localidad`,`id_dpto`,`nom_loc`,`cod_loc`,`cod_dpto`,`cod_prov`,`cod_pais`,`cod_postal`) values (362,12,'PIÑEIRO','18','084','82','200','2119');
insert  into `localidades`(`id_localidad`,`id_dpto`,`nom_loc`,`cod_loc`,`cod_dpto`,`cod_prov`,`cod_pais`,`cod_postal`) values (363,12,'PUEBLO ESTHER','19','084','82','200','2126');
insert  into `localidades`(`id_localidad`,`id_dpto`,`nom_loc`,`cod_loc`,`cod_dpto`,`cod_prov`,`cod_pais`,`cod_postal`) values (364,12,'PUEBLO MUÑOZ','20','084','82','200','2119');
insert  into `localidades`(`id_localidad`,`id_dpto`,`nom_loc`,`cod_loc`,`cod_dpto`,`cod_prov`,`cod_pais`,`cod_postal`) values (365,12,'PUEBLO NUEVO','21','084','82','200','0');
insert  into `localidades`(`id_localidad`,`id_dpto`,`nom_loc`,`cod_loc`,`cod_dpto`,`cod_prov`,`cod_pais`,`cod_postal`) values (366,12,'ROSARIO','22','084','82','200','2000');
insert  into `localidades`(`id_localidad`,`id_dpto`,`nom_loc`,`cod_loc`,`cod_dpto`,`cod_prov`,`cod_pais`,`cod_postal`) values (367,12,'SOLDINI','23','084','82','200','2107');
insert  into `localidades`(`id_localidad`,`id_dpto`,`nom_loc`,`cod_loc`,`cod_dpto`,`cod_prov`,`cod_pais`,`cod_postal`) values (368,12,'URANGA','24','084','82','200','2105');
insert  into `localidades`(`id_localidad`,`id_dpto`,`nom_loc`,`cod_loc`,`cod_dpto`,`cod_prov`,`cod_pais`,`cod_postal`) values (369,12,'VILLA AMELIA','25','084','82','200','2101');
insert  into `localidades`(`id_localidad`,`id_dpto`,`nom_loc`,`cod_loc`,`cod_dpto`,`cod_prov`,`cod_pais`,`cod_postal`) values (370,12,'VILLA DIEGO','26','084','82','200','0');
insert  into `localidades`(`id_localidad`,`id_dpto`,`nom_loc`,`cod_loc`,`cod_dpto`,`cod_prov`,`cod_pais`,`cod_postal`) values (371,12,'VILLA GDOR GALVEZ','27','084','82','200','2124');
insert  into `localidades`(`id_localidad`,`id_dpto`,`nom_loc`,`cod_loc`,`cod_dpto`,`cod_prov`,`cod_pais`,`cod_postal`) values (372,12,'ZAVALLA','28','084','82','200','2123');
insert  into `localidades`(`id_localidad`,`id_dpto`,`nom_loc`,`cod_loc`,`cod_dpto`,`cod_prov`,`cod_pais`,`cod_postal`) values (374,13,'AGUARA GRANDE','01','091','82','200','3071');
insert  into `localidades`(`id_localidad`,`id_dpto`,`nom_loc`,`cod_loc`,`cod_dpto`,`cod_prov`,`cod_pais`,`cod_postal`) values (375,13,'AMBROSETTI','02','091','82','200','2352');
insert  into `localidades`(`id_localidad`,`id_dpto`,`nom_loc`,`cod_loc`,`cod_dpto`,`cod_prov`,`cod_pais`,`cod_postal`) values (376,13,'ARRUFO','03','091','82','200','2344');
insert  into `localidades`(`id_localidad`,`id_dpto`,`nom_loc`,`cod_loc`,`cod_dpto`,`cod_prov`,`cod_pais`,`cod_postal`) values (377,13,'CAPIVARA','04','091','82','200','2311');
insert  into `localidades`(`id_localidad`,`id_dpto`,`nom_loc`,`cod_loc`,`cod_dpto`,`cod_prov`,`cod_pais`,`cod_postal`) values (378,13,'CERES','05','091','82','200','2340');
insert  into `localidades`(`id_localidad`,`id_dpto`,`nom_loc`,`cod_loc`,`cod_dpto`,`cod_prov`,`cod_pais`,`cod_postal`) values (379,13,'COLONIA ANASI','06','091','82','200','2345');
insert  into `localidades`(`id_localidad`,`id_dpto`,`nom_loc`,`cod_loc`,`cod_dpto`,`cod_prov`,`cod_pais`,`cod_postal`) values (380,13,'COLONIA DOS ROSAS','07','091','82','200','0');
insert  into `localidades`(`id_localidad`,`id_dpto`,`nom_loc`,`cod_loc`,`cod_dpto`,`cod_prov`,`cod_pais`,`cod_postal`) values (381,13,'COLONIA BOSSI','08','091','82','200','2326');
insert  into `localidades`(`id_localidad`,`id_dpto`,`nom_loc`,`cod_loc`,`cod_dpto`,`cod_prov`,`cod_pais`,`cod_postal`) values (382,13,'COLONIA ROSA','09','091','82','200','2347');
insert  into `localidades`(`id_localidad`,`id_dpto`,`nom_loc`,`cod_loc`,`cod_dpto`,`cod_prov`,`cod_pais`,`cod_postal`) values (383,13,'CONSTANZA','10','091','82','200','2311');
insert  into `localidades`(`id_localidad`,`id_dpto`,`nom_loc`,`cod_loc`,`cod_dpto`,`cod_prov`,`cod_pais`,`cod_postal`) values (384,13,'CURUPAYTI','11','091','82','200','2342');
insert  into `localidades`(`id_localidad`,`id_dpto`,`nom_loc`,`cod_loc`,`cod_dpto`,`cod_prov`,`cod_pais`,`cod_postal`) values (385,13,'HERSILIA','12','091','82','200','2352');
insert  into `localidades`(`id_localidad`,`id_dpto`,`nom_loc`,`cod_loc`,`cod_dpto`,`cod_prov`,`cod_pais`,`cod_postal`) values (386,13,'HUANQUEROS','13','091','82','200','3076');
insert  into `localidades`(`id_localidad`,`id_dpto`,`nom_loc`,`cod_loc`,`cod_dpto`,`cod_prov`,`cod_pais`,`cod_postal`) values (387,13,'LA CABRAL','14','091','82','200','3074');
insert  into `localidades`(`id_localidad`,`id_dpto`,`nom_loc`,`cod_loc`,`cod_dpto`,`cod_prov`,`cod_pais`,`cod_postal`) values (388,13,'LA CLARA','15','091','82','200','3025');
insert  into `localidades`(`id_localidad`,`id_dpto`,`nom_loc`,`cod_loc`,`cod_dpto`,`cod_prov`,`cod_pais`,`cod_postal`) values (389,13,'LA LUCILA','16','091','82','200','3072');
insert  into `localidades`(`id_localidad`,`id_dpto`,`nom_loc`,`cod_loc`,`cod_dpto`,`cod_prov`,`cod_pais`,`cod_postal`) values (390,13,'LA RUBIA','17','091','82','200','2342');
insert  into `localidades`(`id_localidad`,`id_dpto`,`nom_loc`,`cod_loc`,`cod_dpto`,`cod_prov`,`cod_pais`,`cod_postal`) values (391,13,'LAS AVISPAS','18','091','82','200','3072');
insert  into `localidades`(`id_localidad`,`id_dpto`,`nom_loc`,`cod_loc`,`cod_dpto`,`cod_prov`,`cod_pais`,`cod_postal`) values (392,13,'LAS PALMERAS','19','091','82','200','2326');
insert  into `localidades`(`id_localidad`,`id_dpto`,`nom_loc`,`cod_loc`,`cod_dpto`,`cod_prov`,`cod_pais`,`cod_postal`) values (393,13,'MARIA EUGENIA','20','091','82','200','0');
insert  into `localidades`(`id_localidad`,`id_dpto`,`nom_loc`,`cod_loc`,`cod_dpto`,`cod_prov`,`cod_pais`,`cod_postal`) values (394,13,'MOISES VILLE','21','091','82','200','2313');
insert  into `localidades`(`id_localidad`,`id_dpto`,`nom_loc`,`cod_loc`,`cod_dpto`,`cod_prov`,`cod_pais`,`cod_postal`) values (395,13,'MONIGOTES','22','091','82','200','2342');
insert  into `localidades`(`id_localidad`,`id_dpto`,`nom_loc`,`cod_loc`,`cod_dpto`,`cod_prov`,`cod_pais`,`cod_postal`) values (396,13,'MONTE OBSCURIDAD','23','091','82','200','2349');
insert  into `localidades`(`id_localidad`,`id_dpto`,`nom_loc`,`cod_loc`,`cod_dpto`,`cod_prov`,`cod_pais`,`cod_postal`) values (397,13,'ÑANDUCITA','24','091','82','200','3072');
insert  into `localidades`(`id_localidad`,`id_dpto`,`nom_loc`,`cod_loc`,`cod_dpto`,`cod_prov`,`cod_pais`,`cod_postal`) values (398,13,'PALACIOS','25','091','82','200','2326');
insert  into `localidades`(`id_localidad`,`id_dpto`,`nom_loc`,`cod_loc`,`cod_dpto`,`cod_prov`,`cod_pais`,`cod_postal`) values (399,13,'PETRONILA','26','091','82','200','0');
insert  into `localidades`(`id_localidad`,`id_dpto`,`nom_loc`,`cod_loc`,`cod_dpto`,`cod_prov`,`cod_pais`,`cod_postal`) values (400,13,'PORTUGALETE','27','091','82','200','3071');
insert  into `localidades`(`id_localidad`,`id_dpto`,`nom_loc`,`cod_loc`,`cod_dpto`,`cod_prov`,`cod_pais`,`cod_postal`) values (401,13,'RINCON DEL QUEBRACHO','28','091','82','200','0');
insert  into `localidades`(`id_localidad`,`id_dpto`,`nom_loc`,`cod_loc`,`cod_dpto`,`cod_prov`,`cod_pais`,`cod_postal`) values (402,13,'SAN CRISTOBAL','29','091','82','200','3070');
insert  into `localidades`(`id_localidad`,`id_dpto`,`nom_loc`,`cod_loc`,`cod_dpto`,`cod_prov`,`cod_pais`,`cod_postal`) values (403,13,'SAN GUILLERMO','30','091','82','200','2347');
insert  into `localidades`(`id_localidad`,`id_dpto`,`nom_loc`,`cod_loc`,`cod_dpto`,`cod_prov`,`cod_pais`,`cod_postal`) values (404,13,'SANTURCE','31','091','82','200','3074');
insert  into `localidades`(`id_localidad`,`id_dpto`,`nom_loc`,`cod_loc`,`cod_dpto`,`cod_prov`,`cod_pais`,`cod_postal`) values (405,13,'SOLEDAD','32','091','82','200','3025');
insert  into `localidades`(`id_localidad`,`id_dpto`,`nom_loc`,`cod_loc`,`cod_dpto`,`cod_prov`,`cod_pais`,`cod_postal`) values (406,13,'SUARDI','33','091','82','200','2349');
insert  into `localidades`(`id_localidad`,`id_dpto`,`nom_loc`,`cod_loc`,`cod_dpto`,`cod_prov`,`cod_pais`,`cod_postal`) values (407,13,'VILLA SARALEGUI','34','091','82','200','3046');
insert  into `localidades`(`id_localidad`,`id_dpto`,`nom_loc`,`cod_loc`,`cod_dpto`,`cod_prov`,`cod_pais`,`cod_postal`) values (408,13,'VILLA TRINIDAD','35','091','82','200','2345');
insert  into `localidades`(`id_localidad`,`id_dpto`,`nom_loc`,`cod_loc`,`cod_dpto`,`cod_prov`,`cod_pais`,`cod_postal`) values (409,13,'VISCACHERAS','36','091','82','200','0');
insert  into `localidades`(`id_localidad`,`id_dpto`,`nom_loc`,`cod_loc`,`cod_dpto`,`cod_prov`,`cod_pais`,`cod_postal`) values (410,13,'EL LUCERO','40','091','82','200',NULL);
insert  into `localidades`(`id_localidad`,`id_dpto`,`nom_loc`,`cod_loc`,`cod_dpto`,`cod_prov`,`cod_pais`,`cod_postal`) values (412,14,'ALEJANDRA','01','098','82','200','3051');
insert  into `localidades`(`id_localidad`,`id_dpto`,`nom_loc`,`cod_loc`,`cod_dpto`,`cod_prov`,`cod_pais`,`cod_postal`) values (413,14,'CACIQUE ARIACAIQUIN','02','098','82','200','3041');
insert  into `localidades`(`id_localidad`,`id_dpto`,`nom_loc`,`cod_loc`,`cod_dpto`,`cod_prov`,`cod_pais`,`cod_postal`) values (414,14,'COLONIA CALIFORNIA','03','098','82','200','0');
insert  into `localidades`(`id_localidad`,`id_dpto`,`nom_loc`,`cod_loc`,`cod_dpto`,`cod_prov`,`cod_pais`,`cod_postal`) values (415,14,'COLONIA DURAN','04','098','82','200','3553');
insert  into `localidades`(`id_localidad`,`id_dpto`,`nom_loc`,`cod_loc`,`cod_dpto`,`cod_prov`,`cod_pais`,`cod_postal`) values (416,14,'COLONIA EL GUSANO','05','098','82','200','0');
insert  into `localidades`(`id_localidad`,`id_dpto`,`nom_loc`,`cod_loc`,`cod_dpto`,`cod_prov`,`cod_pais`,`cod_postal`) values (417,14,'COLONIA FRANCESA','06','098','82','200','3005');
insert  into `localidades`(`id_localidad`,`id_dpto`,`nom_loc`,`cod_loc`,`cod_dpto`,`cod_prov`,`cod_pais`,`cod_postal`) values (418,14,'COLONIA INDIGENA','07','098','82','200','0');
insert  into `localidades`(`id_localidad`,`id_dpto`,`nom_loc`,`cod_loc`,`cod_dpto`,`cod_prov`,`cod_pais`,`cod_postal`) values (419,14,'COLONIA SAGER','08','098','82','200','0');
insert  into `localidades`(`id_localidad`,`id_dpto`,`nom_loc`,`cod_loc`,`cod_dpto`,`cod_prov`,`cod_pais`,`cod_postal`) values (420,14,'COLONIA SAN JOSE','09','098','82','200','0');
insert  into `localidades`(`id_localidad`,`id_dpto`,`nom_loc`,`cod_loc`,`cod_dpto`,`cod_prov`,`cod_pais`,`cod_postal`) values (421,14,'COLONIA TERESA','10','098','82','200','0');
insert  into `localidades`(`id_localidad`,`id_dpto`,`nom_loc`,`cod_loc`,`cod_dpto`,`cod_prov`,`cod_pais`,`cod_postal`) values (422,14,'COSTA DEL TOBA','11','098','82','200','0');
insert  into `localidades`(`id_localidad`,`id_dpto`,`nom_loc`,`cod_loc`,`cod_dpto`,`cod_prov`,`cod_pais`,`cod_postal`) values (423,14,'EL TAJAMAR','12','098','82','200','0');
insert  into `localidades`(`id_localidad`,`id_dpto`,`nom_loc`,`cod_loc`,`cod_dpto`,`cod_prov`,`cod_pais`,`cod_postal`) values (424,14,'LA BRAVA','13','098','82','200','3045');
insert  into `localidades`(`id_localidad`,`id_dpto`,`nom_loc`,`cod_loc`,`cod_dpto`,`cod_prov`,`cod_pais`,`cod_postal`) values (425,14,'LAS CATALINAS','14','098','82','200','0');
insert  into `localidades`(`id_localidad`,`id_dpto`,`nom_loc`,`cod_loc`,`cod_dpto`,`cod_prov`,`cod_pais`,`cod_postal`) values (426,14,'LOS CORRALITOS','15','098','82','200','0');
insert  into `localidades`(`id_localidad`,`id_dpto`,`nom_loc`,`cod_loc`,`cod_dpto`,`cod_prov`,`cod_pais`,`cod_postal`) values (427,14,'ROMANG','16','098','82','200','3555');
insert  into `localidades`(`id_localidad`,`id_dpto`,`nom_loc`,`cod_loc`,`cod_dpto`,`cod_prov`,`cod_pais`,`cod_postal`) values (428,14,'SAN JAVIER','17','098','82','200','3005');
insert  into `localidades`(`id_localidad`,`id_dpto`,`nom_loc`,`cod_loc`,`cod_dpto`,`cod_prov`,`cod_pais`,`cod_postal`) values (429,14,'SAN ROQUE','20','098','82','200','0');
insert  into `localidades`(`id_localidad`,`id_dpto`,`nom_loc`,`cod_loc`,`cod_dpto`,`cod_prov`,`cod_pais`,`cod_postal`) values (430,14,'SAN JOAQUIN','21','098','82','200',NULL);
insert  into `localidades`(`id_localidad`,`id_dpto`,`nom_loc`,`cod_loc`,`cod_dpto`,`cod_prov`,`cod_pais`,`cod_postal`) values (431,14,'LOS JACINTOS','22','098','82','200',NULL);
insert  into `localidades`(`id_localidad`,`id_dpto`,`nom_loc`,`cod_loc`,`cod_dpto`,`cod_prov`,`cod_pais`,`cod_postal`) values (432,14,'COLONIA YATAY','23','098','82','200',NULL);
insert  into `localidades`(`id_localidad`,`id_dpto`,`nom_loc`,`cod_loc`,`cod_dpto`,`cod_prov`,`cod_pais`,`cod_postal`) values (433,14,'NUEVA ROMANG','24','098','82','200',NULL);
insert  into `localidades`(`id_localidad`,`id_dpto`,`nom_loc`,`cod_loc`,`cod_dpto`,`cod_prov`,`cod_pais`,`cod_postal`) values (435,15,'AROCENA','01','105','82','200','2242');
insert  into `localidades`(`id_localidad`,`id_dpto`,`nom_loc`,`cod_loc`,`cod_dpto`,`cod_prov`,`cod_pais`,`cod_postal`) values (436,15,'BARRANCAS','02','105','82','200','2246');
insert  into `localidades`(`id_localidad`,`id_dpto`,`nom_loc`,`cod_loc`,`cod_dpto`,`cod_prov`,`cod_pais`,`cod_postal`) values (437,15,'BERNARDO DE IRIGOYEN, ESTACION','03','105','82','200','2248');
insert  into `localidades`(`id_localidad`,`id_dpto`,`nom_loc`,`cod_loc`,`cod_dpto`,`cod_prov`,`cod_pais`,`cod_postal`) values (438,15,'CAMPO PIAGGIO','04','105','82','200','2252');
insert  into `localidades`(`id_localidad`,`id_dpto`,`nom_loc`,`cod_loc`,`cod_dpto`,`cod_prov`,`cod_pais`,`cod_postal`) values (439,15,'CASALEGNO','05','105','82','200','2222');
insert  into `localidades`(`id_localidad`,`id_dpto`,`nom_loc`,`cod_loc`,`cod_dpto`,`cod_prov`,`cod_pais`,`cod_postal`) values (440,15,'CENTENO','06','105','82','200','2148');
insert  into `localidades`(`id_localidad`,`id_dpto`,`nom_loc`,`cod_loc`,`cod_dpto`,`cod_prov`,`cod_pais`,`cod_postal`) values (441,15,'CORONDA','07','105','82','200','2240');
insert  into `localidades`(`id_localidad`,`id_dpto`,`nom_loc`,`cod_loc`,`cod_dpto`,`cod_prov`,`cod_pais`,`cod_postal`) values (442,15,'DESVIO ARIJON','08','105','82','200','2242');
insert  into `localidades`(`id_localidad`,`id_dpto`,`nom_loc`,`cod_loc`,`cod_dpto`,`cod_prov`,`cod_pais`,`cod_postal`) values (443,15,'DIAZ','09','105','82','200','2222');
insert  into `localidades`(`id_localidad`,`id_dpto`,`nom_loc`,`cod_loc`,`cod_dpto`,`cod_prov`,`cod_pais`,`cod_postal`) values (444,15,'PUEBLO IRIGOYEN','10','105','82','200','2248');
insert  into `localidades`(`id_localidad`,`id_dpto`,`nom_loc`,`cod_loc`,`cod_dpto`,`cod_prov`,`cod_pais`,`cod_postal`) values (445,15,'PUERTO GABOTO','11','105','82','200','2208');
insert  into `localidades`(`id_localidad`,`id_dpto`,`nom_loc`,`cod_loc`,`cod_dpto`,`cod_prov`,`cod_pais`,`cod_postal`) values (446,15,'GALVEZ','12','105','82','200','2252');
insert  into `localidades`(`id_localidad`,`id_dpto`,`nom_loc`,`cod_loc`,`cod_dpto`,`cod_prov`,`cod_pais`,`cod_postal`) values (447,15,'GESSLER','13','105','82','200','2253');
insert  into `localidades`(`id_localidad`,`id_dpto`,`nom_loc`,`cod_loc`,`cod_dpto`,`cod_prov`,`cod_pais`,`cod_postal`) values (448,15,'LARRECHEA','14','105','82','200','2241');
insert  into `localidades`(`id_localidad`,`id_dpto`,`nom_loc`,`cod_loc`,`cod_dpto`,`cod_prov`,`cod_pais`,`cod_postal`) values (449,15,'LOMA ALTA','15','105','82','200','2253');
insert  into `localidades`(`id_localidad`,`id_dpto`,`nom_loc`,`cod_loc`,`cod_dpto`,`cod_prov`,`cod_pais`,`cod_postal`) values (450,15,'LOPEZ','16','105','82','200','2255');
insert  into `localidades`(`id_localidad`,`id_dpto`,`nom_loc`,`cod_loc`,`cod_dpto`,`cod_prov`,`cod_pais`,`cod_postal`) values (451,15,'MACIEL','17','105','82','200','2208');
insert  into `localidades`(`id_localidad`,`id_dpto`,`nom_loc`,`cod_loc`,`cod_dpto`,`cod_prov`,`cod_pais`,`cod_postal`) values (452,15,'MONJE','18','105','82','200','2212');
insert  into `localidades`(`id_localidad`,`id_dpto`,`nom_loc`,`cod_loc`,`cod_dpto`,`cod_prov`,`cod_pais`,`cod_postal`) values (453,15,'OROÑO','19','105','82','200','0');
insert  into `localidades`(`id_localidad`,`id_dpto`,`nom_loc`,`cod_loc`,`cod_dpto`,`cod_prov`,`cod_pais`,`cod_postal`) values (454,15,'PUERTO ARAGON','20','105','82','200','0');
insert  into `localidades`(`id_localidad`,`id_dpto`,`nom_loc`,`cod_loc`,`cod_dpto`,`cod_prov`,`cod_pais`,`cod_postal`) values (455,15,'SAN EUGENIO','21','105','82','200','2241');
insert  into `localidades`(`id_localidad`,`id_dpto`,`nom_loc`,`cod_loc`,`cod_dpto`,`cod_prov`,`cod_pais`,`cod_postal`) values (456,15,'SAN FABIAN','22','105','82','200','2242');
insert  into `localidades`(`id_localidad`,`id_dpto`,`nom_loc`,`cod_loc`,`cod_dpto`,`cod_prov`,`cod_pais`,`cod_postal`) values (457,15,'SAN GENARO','23','105','82','200','2146');
insert  into `localidades`(`id_localidad`,`id_dpto`,`nom_loc`,`cod_loc`,`cod_dpto`,`cod_prov`,`cod_pais`,`cod_postal`) values (458,15,'SAN GENARO NORTE','24','105','82','200','2147');
insert  into `localidades`(`id_localidad`,`id_dpto`,`nom_loc`,`cod_loc`,`cod_dpto`,`cod_prov`,`cod_pais`,`cod_postal`) values (460,16,'ANGELONI','01','112','82','200','3048');
insert  into `localidades`(`id_localidad`,`id_dpto`,`nom_loc`,`cod_loc`,`cod_dpto`,`cod_prov`,`cod_pais`,`cod_postal`) values (461,16,'CAYASTACITO','02','112','82','200','3038');
insert  into `localidades`(`id_localidad`,`id_dpto`,`nom_loc`,`cod_loc`,`cod_dpto`,`cod_prov`,`cod_pais`,`cod_postal`) values (462,16,'COLONIA DOLORES','03','112','82','200','3045');
insert  into `localidades`(`id_localidad`,`id_dpto`,`nom_loc`,`cod_loc`,`cod_dpto`,`cod_prov`,`cod_pais`,`cod_postal`) values (463,16,'COLONIA LA BLANCA','04','112','82','200','0');
insert  into `localidades`(`id_localidad`,`id_dpto`,`nom_loc`,`cod_loc`,`cod_dpto`,`cod_prov`,`cod_pais`,`cod_postal`) values (464,16,'COLONIA OVEJITAS','05','112','82','200','0');
insert  into `localidades`(`id_localidad`,`id_dpto`,`nom_loc`,`cod_loc`,`cod_dpto`,`cod_prov`,`cod_pais`,`cod_postal`) values (465,16,'COLONIA SILVA','06','112','82','200','3042');
insert  into `localidades`(`id_localidad`,`id_dpto`,`nom_loc`,`cod_loc`,`cod_dpto`,`cod_prov`,`cod_pais`,`cod_postal`) values (466,16,'EL FORTIN','07','112','82','200','0');
insert  into `localidades`(`id_localidad`,`id_dpto`,`nom_loc`,`cod_loc`,`cod_dpto`,`cod_prov`,`cod_pais`,`cod_postal`) values (467,16,'ESTER','08','112','82','200','3036');
insert  into `localidades`(`id_localidad`,`id_dpto`,`nom_loc`,`cod_loc`,`cod_dpto`,`cod_prov`,`cod_pais`,`cod_postal`) values (468,16,'GOBERNADOR CRESPO','09','112','82','200','3044');
insert  into `localidades`(`id_localidad`,`id_dpto`,`nom_loc`,`cod_loc`,`cod_dpto`,`cod_prov`,`cod_pais`,`cod_postal`) values (469,16,'LA CAMILA','10','112','82','200','3054');
insert  into `localidades`(`id_localidad`,`id_dpto`,`nom_loc`,`cod_loc`,`cod_dpto`,`cod_prov`,`cod_pais`,`cod_postal`) values (470,16,'LA CRIOLLA','11','112','82','200','3052');
insert  into `localidades`(`id_localidad`,`id_dpto`,`nom_loc`,`cod_loc`,`cod_dpto`,`cod_prov`,`cod_pais`,`cod_postal`) values (471,16,'LA PENCA Y CARAGUATA','12','112','82','200','3045');
insert  into `localidades`(`id_localidad`,`id_dpto`,`nom_loc`,`cod_loc`,`cod_dpto`,`cod_prov`,`cod_pais`,`cod_postal`) values (472,16,'LA PEPITA','13','112','82','200','0');
insert  into `localidades`(`id_localidad`,`id_dpto`,`nom_loc`,`cod_loc`,`cod_dpto`,`cod_prov`,`cod_pais`,`cod_postal`) values (473,16,'PEDRO GOMEZ CELLO','14','112','82','200','3054');
insert  into `localidades`(`id_localidad`,`id_dpto`,`nom_loc`,`cod_loc`,`cod_dpto`,`cod_prov`,`cod_pais`,`cod_postal`) values (474,16,'LOS SALADILLOS','15','112','82','200','0');
insert  into `localidades`(`id_localidad`,`id_dpto`,`nom_loc`,`cod_loc`,`cod_dpto`,`cod_prov`,`cod_pais`,`cod_postal`) values (475,16,'LUCIANO LEIVA','16','112','82','200','0');
insert  into `localidades`(`id_localidad`,`id_dpto`,`nom_loc`,`cod_loc`,`cod_dpto`,`cod_prov`,`cod_pais`,`cod_postal`) values (476,16,'MARCELINO ESCALADA','17','112','82','200','3042');
insert  into `localidades`(`id_localidad`,`id_dpto`,`nom_loc`,`cod_loc`,`cod_dpto`,`cod_prov`,`cod_pais`,`cod_postal`) values (477,16,'MIGUEL ESCALADA','18','112','82','200','0');
insert  into `localidades`(`id_localidad`,`id_dpto`,`nom_loc`,`cod_loc`,`cod_dpto`,`cod_prov`,`cod_pais`,`cod_postal`) values (478,16,'NARE','19','112','82','200','3046');
insert  into `localidades`(`id_localidad`,`id_dpto`,`nom_loc`,`cod_loc`,`cod_dpto`,`cod_prov`,`cod_pais`,`cod_postal`) values (479,16,'NANDUBAY','20','112','82','200','0');
insert  into `localidades`(`id_localidad`,`id_dpto`,`nom_loc`,`cod_loc`,`cod_dpto`,`cod_prov`,`cod_pais`,`cod_postal`) values (480,16,'PAIKIN','21','112','82','200','0');
insert  into `localidades`(`id_localidad`,`id_dpto`,`nom_loc`,`cod_loc`,`cod_dpto`,`cod_prov`,`cod_pais`,`cod_postal`) values (481,16,'RAMAYON','22','112','82','200','3042');
insert  into `localidades`(`id_localidad`,`id_dpto`,`nom_loc`,`cod_loc`,`cod_dpto`,`cod_prov`,`cod_pais`,`cod_postal`) values (482,11,'SAN BERNARDO','23','077','82','200','3061');
insert  into `localidades`(`id_localidad`,`id_dpto`,`nom_loc`,`cod_loc`,`cod_dpto`,`cod_prov`,`cod_pais`,`cod_postal`) values (483,16,'SAN JUSTO','24','112','82','200','3040');
insert  into `localidades`(`id_localidad`,`id_dpto`,`nom_loc`,`cod_loc`,`cod_dpto`,`cod_prov`,`cod_pais`,`cod_postal`) values (484,16,'SAN MARTIN NORTE','25','112','82','200','3045');
insert  into `localidades`(`id_localidad`,`id_dpto`,`nom_loc`,`cod_loc`,`cod_dpto`,`cod_prov`,`cod_pais`,`cod_postal`) values (485,16,'VERA MUJICA','26','112','82','200','0');
insert  into `localidades`(`id_localidad`,`id_dpto`,`nom_loc`,`cod_loc`,`cod_dpto`,`cod_prov`,`cod_pais`,`cod_postal`) values (486,16,'VERA Y PINTADO','27','112','82','200','3054');
insert  into `localidades`(`id_localidad`,`id_dpto`,`nom_loc`,`cod_loc`,`cod_dpto`,`cod_prov`,`cod_pais`,`cod_postal`) values (487,16,'VIDELA','28','112','82','200','3048');
insert  into `localidades`(`id_localidad`,`id_dpto`,`nom_loc`,`cod_loc`,`cod_dpto`,`cod_prov`,`cod_pais`,`cod_postal`) values (488,16,'VILLA LASTOMIA','29','112','82','200','0');
insert  into `localidades`(`id_localidad`,`id_dpto`,`nom_loc`,`cod_loc`,`cod_dpto`,`cod_prov`,`cod_pais`,`cod_postal`) values (490,17,'ALDAO','01','119','82','200','2214');
insert  into `localidades`(`id_localidad`,`id_dpto`,`nom_loc`,`cod_loc`,`cod_dpto`,`cod_prov`,`cod_pais`,`cod_postal`) values (491,17,'CAPITAN BERMUDEZ','02','119','82','200','2154');
insert  into `localidades`(`id_localidad`,`id_dpto`,`nom_loc`,`cod_loc`,`cod_dpto`,`cod_prov`,`cod_pais`,`cod_postal`) values (492,17,'CARCARAÑA','03','119','82','200','2138');
insert  into `localidades`(`id_localidad`,`id_dpto`,`nom_loc`,`cod_loc`,`cod_dpto`,`cod_prov`,`cod_pais`,`cod_postal`) values (493,17,'CORONEL ARNOLD','04','119','82','200','2123');
insert  into `localidades`(`id_localidad`,`id_dpto`,`nom_loc`,`cod_loc`,`cod_dpto`,`cod_prov`,`cod_pais`,`cod_postal`) values (494,17,'FRAY LUIS BELTRAN','05','119','82','200','2156');
insert  into `localidades`(`id_localidad`,`id_dpto`,`nom_loc`,`cod_loc`,`cod_dpto`,`cod_prov`,`cod_pais`,`cod_postal`) values (495,17,'FUENTES','06','119','82','200','2171');
insert  into `localidades`(`id_localidad`,`id_dpto`,`nom_loc`,`cod_loc`,`cod_dpto`,`cod_prov`,`cod_pais`,`cod_postal`) values (496,17,'JESUS MARIA-TIMBUES','07','119','82','200','2204');
insert  into `localidades`(`id_localidad`,`id_dpto`,`nom_loc`,`cod_loc`,`cod_dpto`,`cod_prov`,`cod_pais`,`cod_postal`) values (497,17,'LUIS PALACIOS-LA SALADA','08','119','82','200','2142');
insert  into `localidades`(`id_localidad`,`id_dpto`,`nom_loc`,`cod_loc`,`cod_dpto`,`cod_prov`,`cod_pais`,`cod_postal`) values (498,17,'MAIZALEZ','09','119','82','200','0');
insert  into `localidades`(`id_localidad`,`id_dpto`,`nom_loc`,`cod_loc`,`cod_dpto`,`cod_prov`,`cod_pais`,`cod_postal`) values (499,17,'PUERTO SAN MARTIN','10','119','82','200','2202');
insert  into `localidades`(`id_localidad`,`id_dpto`,`nom_loc`,`cod_loc`,`cod_dpto`,`cod_prov`,`cod_pais`,`cod_postal`) values (500,17,'PUJATO','11','119','82','200','2123');
insert  into `localidades`(`id_localidad`,`id_dpto`,`nom_loc`,`cod_loc`,`cod_dpto`,`cod_prov`,`cod_pais`,`cod_postal`) values (501,17,'RICARDONE','12','119','82','200','2201');
insert  into `localidades`(`id_localidad`,`id_dpto`,`nom_loc`,`cod_loc`,`cod_dpto`,`cod_prov`,`cod_pais`,`cod_postal`) values (502,17,'ROLDAN','13','119','82','200','2134');
insert  into `localidades`(`id_localidad`,`id_dpto`,`nom_loc`,`cod_loc`,`cod_dpto`,`cod_prov`,`cod_pais`,`cod_postal`) values (503,17,'SAN JERONIMO SUD','14','119','82','200','2136');
insert  into `localidades`(`id_localidad`,`id_dpto`,`nom_loc`,`cod_loc`,`cod_dpto`,`cod_prov`,`cod_pais`,`cod_postal`) values (504,17,'SAN LORENZO','15','119','82','200','2200');
insert  into `localidades`(`id_localidad`,`id_dpto`,`nom_loc`,`cod_loc`,`cod_dpto`,`cod_prov`,`cod_pais`,`cod_postal`) values (505,17,'VILLA MUGUETA','16','119','82','200','2175');
insert  into `localidades`(`id_localidad`,`id_dpto`,`nom_loc`,`cod_loc`,`cod_dpto`,`cod_prov`,`cod_pais`,`cod_postal`) values (506,17,'VILLA VISTA','17','119','82','200','0');
insert  into `localidades`(`id_localidad`,`id_dpto`,`nom_loc`,`cod_loc`,`cod_dpto`,`cod_prov`,`cod_pais`,`cod_postal`) values (508,18,'CAÑADA ROSQUIN','01','126','82','200','2454');
insert  into `localidades`(`id_localidad`,`id_dpto`,`nom_loc`,`cod_loc`,`cod_dpto`,`cod_prov`,`cod_pais`,`cod_postal`) values (509,18,'CARLOS PELLEGRINI','02','126','82','200','2453');
insert  into `localidades`(`id_localidad`,`id_dpto`,`nom_loc`,`cod_loc`,`cod_dpto`,`cod_prov`,`cod_pais`,`cod_postal`) values (510,18,'CASAS','03','126','82','200','2148');
insert  into `localidades`(`id_localidad`,`id_dpto`,`nom_loc`,`cod_loc`,`cod_dpto`,`cod_prov`,`cod_pais`,`cod_postal`) values (511,18,'COLONIA BELGRANO','04','126','82','200','2257');
insert  into `localidades`(`id_localidad`,`id_dpto`,`nom_loc`,`cod_loc`,`cod_dpto`,`cod_prov`,`cod_pais`,`cod_postal`) values (512,18,'COLONIA CASTELAR','05','126','82','200','2401');
insert  into `localidades`(`id_localidad`,`id_dpto`,`nom_loc`,`cod_loc`,`cod_dpto`,`cod_prov`,`cod_pais`,`cod_postal`) values (513,18,'CRISPI','06','126','82','200','2441');
insert  into `localidades`(`id_localidad`,`id_dpto`,`nom_loc`,`cod_loc`,`cod_dpto`,`cod_prov`,`cod_pais`,`cod_postal`) values (514,18,'EL TREBOL','07','126','82','200','2535');
insert  into `localidades`(`id_localidad`,`id_dpto`,`nom_loc`,`cod_loc`,`cod_dpto`,`cod_prov`,`cod_pais`,`cod_postal`) values (515,18,'KILOMETRO 465','08','126','82','200','0');
insert  into `localidades`(`id_localidad`,`id_dpto`,`nom_loc`,`cod_loc`,`cod_dpto`,`cod_prov`,`cod_pais`,`cod_postal`) values (516,18,'LANDETA','09','126','82','200','2531');
insert  into `localidades`(`id_localidad`,`id_dpto`,`nom_loc`,`cod_loc`,`cod_dpto`,`cod_prov`,`cod_pais`,`cod_postal`) values (517,18,'LAS BANDURRIAS','10','126','82','200','2148');
insert  into `localidades`(`id_localidad`,`id_dpto`,`nom_loc`,`cod_loc`,`cod_dpto`,`cod_prov`,`cod_pais`,`cod_postal`) values (518,18,'LAS PETACAS','11','126','82','200','2441');
insert  into `localidades`(`id_localidad`,`id_dpto`,`nom_loc`,`cod_loc`,`cod_dpto`,`cod_prov`,`cod_pais`,`cod_postal`) values (519,18,'LOS CARDOS','12','126','82','200','2533');
insert  into `localidades`(`id_localidad`,`id_dpto`,`nom_loc`,`cod_loc`,`cod_dpto`,`cod_prov`,`cod_pais`,`cod_postal`) values (520,18,'MARIA SUSANA','13','126','82','200','2527');
insert  into `localidades`(`id_localidad`,`id_dpto`,`nom_loc`,`cod_loc`,`cod_dpto`,`cod_prov`,`cod_pais`,`cod_postal`) values (521,18,'PIAMONTE','14','126','82','200','2529');
insert  into `localidades`(`id_localidad`,`id_dpto`,`nom_loc`,`cod_loc`,`cod_dpto`,`cod_prov`,`cod_pais`,`cod_postal`) values (522,18,'SAN JORGE','15','126','82','200','2451');
insert  into `localidades`(`id_localidad`,`id_dpto`,`nom_loc`,`cod_loc`,`cod_dpto`,`cod_prov`,`cod_pais`,`cod_postal`) values (523,18,'S.MARTIN DE LAS ESCOBAS','16','126','82','200','2449');
insert  into `localidades`(`id_localidad`,`id_dpto`,`nom_loc`,`cod_loc`,`cod_dpto`,`cod_prov`,`cod_pais`,`cod_postal`) values (524,18,'SASTRE','17','126','82','200','2440');
insert  into `localidades`(`id_localidad`,`id_dpto`,`nom_loc`,`cod_loc`,`cod_dpto`,`cod_prov`,`cod_pais`,`cod_postal`) values (525,18,'TRAILL','18','126','82','200','2456');
insert  into `localidades`(`id_localidad`,`id_dpto`,`nom_loc`,`cod_loc`,`cod_dpto`,`cod_prov`,`cod_pais`,`cod_postal`) values (526,18,'WILDERMUTH','19','126','82','200','0');
insert  into `localidades`(`id_localidad`,`id_dpto`,`nom_loc`,`cod_loc`,`cod_dpto`,`cod_prov`,`cod_pais`,`cod_postal`) values (528,19,'CALCHAQUI','01','133','82','200','3050');
insert  into `localidades`(`id_localidad`,`id_dpto`,`nom_loc`,`cod_loc`,`cod_dpto`,`cod_prov`,`cod_pais`,`cod_postal`) values (529,19,'CAÑADA OMBU','02','133','82','200','3551');
insert  into `localidades`(`id_localidad`,`id_dpto`,`nom_loc`,`cod_loc`,`cod_dpto`,`cod_prov`,`cod_pais`,`cod_postal`) values (530,19,'CARAGUATAY','03','133','82','200','0');
insert  into `localidades`(`id_localidad`,`id_dpto`,`nom_loc`,`cod_loc`,`cod_dpto`,`cod_prov`,`cod_pais`,`cod_postal`) values (531,19,'CERRITO','04','133','82','200','0');
insert  into `localidades`(`id_localidad`,`id_dpto`,`nom_loc`,`cod_loc`,`cod_dpto`,`cod_prov`,`cod_pais`,`cod_postal`) values (532,19,'COLMENA','05','133','82','200','0');
insert  into `localidades`(`id_localidad`,`id_dpto`,`nom_loc`,`cod_loc`,`cod_dpto`,`cod_prov`,`cod_pais`,`cod_postal`) values (533,19,'DESVIO KILOMETRO 282','06','133','82','200','0');
insert  into `localidades`(`id_localidad`,`id_dpto`,`nom_loc`,`cod_loc`,`cod_dpto`,`cod_prov`,`cod_pais`,`cod_postal`) values (534,19,'ESPIN','07','133','82','200','0');
insert  into `localidades`(`id_localidad`,`id_dpto`,`nom_loc`,`cod_loc`,`cod_dpto`,`cod_prov`,`cod_pais`,`cod_postal`) values (535,19,'FORTIN CHARRUA','08','133','82','200','0');
insert  into `localidades`(`id_localidad`,`id_dpto`,`nom_loc`,`cod_loc`,`cod_dpto`,`cod_prov`,`cod_pais`,`cod_postal`) values (536,19,'FORTIN CHILCAS','09','133','82','200','0');
insert  into `localidades`(`id_localidad`,`id_dpto`,`nom_loc`,`cod_loc`,`cod_dpto`,`cod_prov`,`cod_pais`,`cod_postal`) values (537,19,'FORTIN OLMOS','10','133','82','200','3553');
insert  into `localidades`(`id_localidad`,`id_dpto`,`nom_loc`,`cod_loc`,`cod_dpto`,`cod_prov`,`cod_pais`,`cod_postal`) values (538,19,'GARABATO','11','133','82','200','3551');
insert  into `localidades`(`id_localidad`,`id_dpto`,`nom_loc`,`cod_loc`,`cod_dpto`,`cod_prov`,`cod_pais`,`cod_postal`) values (539,19,'GOLONDRINA','12','133','82','200','3551');
insert  into `localidades`(`id_localidad`,`id_dpto`,`nom_loc`,`cod_loc`,`cod_dpto`,`cod_prov`,`cod_pais`,`cod_postal`) values (540,19,'GUAYCURU','13','133','82','200','0');
insert  into `localidades`(`id_localidad`,`id_dpto`,`nom_loc`,`cod_loc`,`cod_dpto`,`cod_prov`,`cod_pais`,`cod_postal`) values (541,19,'INTIYACO','14','133','82','200','3551');
insert  into `localidades`(`id_localidad`,`id_dpto`,`nom_loc`,`cod_loc`,`cod_dpto`,`cod_prov`,`cod_pais`,`cod_postal`) values (542,19,'KILOMETRO 101','15','133','82','200','0');
insert  into `localidades`(`id_localidad`,`id_dpto`,`nom_loc`,`cod_loc`,`cod_dpto`,`cod_prov`,`cod_pais`,`cod_postal`) values (543,19,'KILOMETRO 213','16','133','82','200','0');
insert  into `localidades`(`id_localidad`,`id_dpto`,`nom_loc`,`cod_loc`,`cod_dpto`,`cod_prov`,`cod_pais`,`cod_postal`) values (544,19,'KILOMETRO 302','17','133','82','200','0');
insert  into `localidades`(`id_localidad`,`id_dpto`,`nom_loc`,`cod_loc`,`cod_dpto`,`cod_prov`,`cod_pais`,`cod_postal`) values (545,19,'KILOMETRO 320','18','133','82','200','0');
insert  into `localidades`(`id_localidad`,`id_dpto`,`nom_loc`,`cod_loc`,`cod_dpto`,`cod_prov`,`cod_pais`,`cod_postal`) values (546,19,'KILOMETRO 348','19','133','82','200','0');
insert  into `localidades`(`id_localidad`,`id_dpto`,`nom_loc`,`cod_loc`,`cod_dpto`,`cod_prov`,`cod_pais`,`cod_postal`) values (547,19,'LOS TABANOS (K.366)','20','133','82','200','0');
insert  into `localidades`(`id_localidad`,`id_dpto`,`nom_loc`,`cod_loc`,`cod_dpto`,`cod_prov`,`cod_pais`,`cod_postal`) values (548,19,'KILOMETRO 374','21','133','82','200','0');
insert  into `localidades`(`id_localidad`,`id_dpto`,`nom_loc`,`cod_loc`,`cod_dpto`,`cod_prov`,`cod_pais`,`cod_postal`) values (549,19,'LA GALLARETA','22','133','82','200','3057');
insert  into `localidades`(`id_localidad`,`id_dpto`,`nom_loc`,`cod_loc`,`cod_dpto`,`cod_prov`,`cod_pais`,`cod_postal`) values (550,19,'LA HOSCA','23','133','82','200','0');
insert  into `localidades`(`id_localidad`,`id_dpto`,`nom_loc`,`cod_loc`,`cod_dpto`,`cod_prov`,`cod_pais`,`cod_postal`) values (551,19,'LA ZULEMA','24','133','82','200','0');
insert  into `localidades`(`id_localidad`,`id_dpto`,`nom_loc`,`cod_loc`,`cod_dpto`,`cod_prov`,`cod_pais`,`cod_postal`) values (552,19,'LAS CHUÑAS','25','133','82','200','0');
insert  into `localidades`(`id_localidad`,`id_dpto`,`nom_loc`,`cod_loc`,`cod_dpto`,`cod_prov`,`cod_pais`,`cod_postal`) values (553,19,'LAS GAMAS','26','133','82','200','0');
insert  into `localidades`(`id_localidad`,`id_dpto`,`nom_loc`,`cod_loc`,`cod_dpto`,`cod_prov`,`cod_pais`,`cod_postal`) values (554,19,'LOS AMORES','27','133','82','200','3551');
insert  into `localidades`(`id_localidad`,`id_dpto`,`nom_loc`,`cod_loc`,`cod_dpto`,`cod_prov`,`cod_pais`,`cod_postal`) values (555,19,'MARGARITA','28','133','82','200','3056');
insert  into `localidades`(`id_localidad`,`id_dpto`,`nom_loc`,`cod_loc`,`cod_dpto`,`cod_prov`,`cod_pais`,`cod_postal`) values (556,19,'OGILVIE','29','133','82','200','0');
insert  into `localidades`(`id_localidad`,`id_dpto`,`nom_loc`,`cod_loc`,`cod_dpto`,`cod_prov`,`cod_pais`,`cod_postal`) values (557,19,'PARAJE 29','30','133','82','200','0');
insert  into `localidades`(`id_localidad`,`id_dpto`,`nom_loc`,`cod_loc`,`cod_dpto`,`cod_prov`,`cod_pais`,`cod_postal`) values (558,19,'SANTA FELICIA','31','133','82','200','0');
insert  into `localidades`(`id_localidad`,`id_dpto`,`nom_loc`,`cod_loc`,`cod_dpto`,`cod_prov`,`cod_pais`,`cod_postal`) values (559,19,'SANTA LUCIA','32','133','82','200','0');
insert  into `localidades`(`id_localidad`,`id_dpto`,`nom_loc`,`cod_loc`,`cod_dpto`,`cod_prov`,`cod_pais`,`cod_postal`) values (560,19,'TARTAGAL','33','133','82','200','3550');
insert  into `localidades`(`id_localidad`,`id_dpto`,`nom_loc`,`cod_loc`,`cod_dpto`,`cod_prov`,`cod_pais`,`cod_postal`) values (561,19,'TOBA','34','133','82','200','3051');
insert  into `localidades`(`id_localidad`,`id_dpto`,`nom_loc`,`cod_loc`,`cod_dpto`,`cod_prov`,`cod_pais`,`cod_postal`) values (562,19,'VERA','35','133','82','200','3550');
insert  into `localidades`(`id_localidad`,`id_dpto`,`nom_loc`,`cod_loc`,`cod_dpto`,`cod_prov`,`cod_pais`,`cod_postal`) values (563,19,'YERBA BUENA','36','133','82','200','0');
insert  into `localidades`(`id_localidad`,`id_dpto`,`nom_loc`,`cod_loc`,`cod_dpto`,`cod_prov`,`cod_pais`,`cod_postal`) values (564,19,'PARAJE EL 17','37','133','82','200',NULL);
insert  into `localidades`(`id_localidad`,`id_dpto`,`nom_loc`,`cod_loc`,`cod_dpto`,`cod_prov`,`cod_pais`,`cod_postal`) values (565,19,'KILOMETRO 115','38','133','82','200',NULL);
insert  into `localidades`(`id_localidad`,`id_dpto`,`nom_loc`,`cod_loc`,`cod_dpto`,`cod_prov`,`cod_pais`,`cod_postal`) values (566,19,'POZOS DE LOS INDIOS','39','133','82','200',NULL);
insert  into `localidades`(`id_localidad`,`id_dpto`,`nom_loc`,`cod_loc`,`cod_dpto`,`cod_prov`,`cod_pais`,`cod_postal`) values (568,16,'SAN BERNARDO','23','112','82','200','3061');
insert  into `localidades`(`id_localidad`,`id_dpto`,`nom_loc`,`cod_loc`,`cod_dpto`,`cod_prov`,`cod_pais`,`cod_postal`) values (569,3,'CASTELLANOS','54','021','82','200',NULL);
insert  into `localidades`(`id_localidad`,`id_dpto`,`nom_loc`,`cod_loc`,`cod_dpto`,`cod_prov`,`cod_pais`,`cod_postal`) values (570,NULL,'LOCALIDAD NO ESPECIFICADA','99','999','99','999',NULL);
insert  into `localidades`(`id_localidad`,`id_dpto`,`nom_loc`,`cod_loc`,`cod_dpto`,`cod_prov`,`cod_pais`,`cod_postal`) values (571,NULL,'SANTA FE','99','999','82','200',NULL);
insert  into `localidades`(`id_localidad`,`id_dpto`,`nom_loc`,`cod_loc`,`cod_dpto`,`cod_prov`,`cod_pais`,`cod_postal`) values (572,NULL,'BUENOS AIRES','99','999','06','200',NULL);
insert  into `localidades`(`id_localidad`,`id_dpto`,`nom_loc`,`cod_loc`,`cod_dpto`,`cod_prov`,`cod_pais`,`cod_postal`) values (573,NULL,'CAPITAL FEDERAL CIUDAD DE B.AIRES','99','999','02','200',NULL);
insert  into `localidades`(`id_localidad`,`id_dpto`,`nom_loc`,`cod_loc`,`cod_dpto`,`cod_prov`,`cod_pais`,`cod_postal`) values (574,NULL,'CATAMARCA','99','999','10','200',NULL);
insert  into `localidades`(`id_localidad`,`id_dpto`,`nom_loc`,`cod_loc`,`cod_dpto`,`cod_prov`,`cod_pais`,`cod_postal`) values (575,NULL,'CHACO','99','999','22','200',NULL);
insert  into `localidades`(`id_localidad`,`id_dpto`,`nom_loc`,`cod_loc`,`cod_dpto`,`cod_prov`,`cod_pais`,`cod_postal`) values (576,NULL,'CHUBUT','99','999','26','200',NULL);
insert  into `localidades`(`id_localidad`,`id_dpto`,`nom_loc`,`cod_loc`,`cod_dpto`,`cod_prov`,`cod_pais`,`cod_postal`) values (577,NULL,'CORDOBA','99','999','14','200',NULL);
insert  into `localidades`(`id_localidad`,`id_dpto`,`nom_loc`,`cod_loc`,`cod_dpto`,`cod_prov`,`cod_pais`,`cod_postal`) values (578,NULL,'CORRIENTES','99','999','18','200',NULL);
insert  into `localidades`(`id_localidad`,`id_dpto`,`nom_loc`,`cod_loc`,`cod_dpto`,`cod_prov`,`cod_pais`,`cod_postal`) values (579,NULL,'ENTRE RIOS','99','999','30','200',NULL);
insert  into `localidades`(`id_localidad`,`id_dpto`,`nom_loc`,`cod_loc`,`cod_dpto`,`cod_prov`,`cod_pais`,`cod_postal`) values (580,NULL,'FORMOSA','99','999','34','200',NULL);
insert  into `localidades`(`id_localidad`,`id_dpto`,`nom_loc`,`cod_loc`,`cod_dpto`,`cod_prov`,`cod_pais`,`cod_postal`) values (581,NULL,'JUJUY','99','999','38','200',NULL);
insert  into `localidades`(`id_localidad`,`id_dpto`,`nom_loc`,`cod_loc`,`cod_dpto`,`cod_prov`,`cod_pais`,`cod_postal`) values (582,NULL,'LA PAMPA','99','999','42','200',NULL);
insert  into `localidades`(`id_localidad`,`id_dpto`,`nom_loc`,`cod_loc`,`cod_dpto`,`cod_prov`,`cod_pais`,`cod_postal`) values (583,NULL,'LA RIOJA','99','999','46','200',NULL);
insert  into `localidades`(`id_localidad`,`id_dpto`,`nom_loc`,`cod_loc`,`cod_dpto`,`cod_prov`,`cod_pais`,`cod_postal`) values (584,NULL,'MENDOZA','99','999','50','200',NULL);
insert  into `localidades`(`id_localidad`,`id_dpto`,`nom_loc`,`cod_loc`,`cod_dpto`,`cod_prov`,`cod_pais`,`cod_postal`) values (585,NULL,'MISIONES','99','999','54','200',NULL);
insert  into `localidades`(`id_localidad`,`id_dpto`,`nom_loc`,`cod_loc`,`cod_dpto`,`cod_prov`,`cod_pais`,`cod_postal`) values (586,NULL,'NEUQUEN','99','999','58','200',NULL);
insert  into `localidades`(`id_localidad`,`id_dpto`,`nom_loc`,`cod_loc`,`cod_dpto`,`cod_prov`,`cod_pais`,`cod_postal`) values (587,NULL,'RIO NEGRO','99','999','62','200',NULL);
insert  into `localidades`(`id_localidad`,`id_dpto`,`nom_loc`,`cod_loc`,`cod_dpto`,`cod_prov`,`cod_pais`,`cod_postal`) values (588,NULL,'SALTA','99','999','66','200',NULL);
insert  into `localidades`(`id_localidad`,`id_dpto`,`nom_loc`,`cod_loc`,`cod_dpto`,`cod_prov`,`cod_pais`,`cod_postal`) values (589,NULL,'SAN JUAN','99','999','70','200',NULL);
insert  into `localidades`(`id_localidad`,`id_dpto`,`nom_loc`,`cod_loc`,`cod_dpto`,`cod_prov`,`cod_pais`,`cod_postal`) values (590,NULL,'SAN LUIS','99','999','74','200',NULL);
insert  into `localidades`(`id_localidad`,`id_dpto`,`nom_loc`,`cod_loc`,`cod_dpto`,`cod_prov`,`cod_pais`,`cod_postal`) values (591,NULL,'SANTA CRUZ','99','999','78','200',NULL);
insert  into `localidades`(`id_localidad`,`id_dpto`,`nom_loc`,`cod_loc`,`cod_dpto`,`cod_prov`,`cod_pais`,`cod_postal`) values (592,NULL,'SANTIAGO DEL ESTERO','99','999','86','200',NULL);
insert  into `localidades`(`id_localidad`,`id_dpto`,`nom_loc`,`cod_loc`,`cod_dpto`,`cod_prov`,`cod_pais`,`cod_postal`) values (593,NULL,'TERRIT.TIERRA DEL FUEGO-ANTARTIDA E ISLAS','99','999','94','200',NULL);
insert  into `localidades`(`id_localidad`,`id_dpto`,`nom_loc`,`cod_loc`,`cod_dpto`,`cod_prov`,`cod_pais`,`cod_postal`) values (594,NULL,'TUCUMAN','99','999','90','200',NULL);
insert  into `localidades`(`id_localidad`,`id_dpto`,`nom_loc`,`cod_loc`,`cod_dpto`,`cod_prov`,`cod_pais`,`cod_postal`) values (602,NULL,'ARGENTINA','99','999','99','200',NULL);
insert  into `localidades`(`id_localidad`,`id_dpto`,`nom_loc`,`cod_loc`,`cod_dpto`,`cod_prov`,`cod_pais`,`cod_postal`) values (603,NULL,'AFGANISTAN','99','999','99','301',NULL);
insert  into `localidades`(`id_localidad`,`id_dpto`,`nom_loc`,`cod_loc`,`cod_dpto`,`cod_prov`,`cod_pais`,`cod_postal`) values (604,NULL,'ALBANIA','99','999','99','401',NULL);
insert  into `localidades`(`id_localidad`,`id_dpto`,`nom_loc`,`cod_loc`,`cod_dpto`,`cod_prov`,`cod_pais`,`cod_postal`) values (605,NULL,'ANDORRA','99','999','99','404',NULL);
insert  into `localidades`(`id_localidad`,`id_dpto`,`nom_loc`,`cod_loc`,`cod_dpto`,`cod_prov`,`cod_pais`,`cod_postal`) values (606,NULL,'ANGOLA','99','999','99','149',NULL);
insert  into `localidades`(`id_localidad`,`id_dpto`,`nom_loc`,`cod_loc`,`cod_dpto`,`cod_prov`,`cod_pais`,`cod_postal`) values (607,NULL,'ANTIGUA Y BARBUDA','99','999','99','237',NULL);
insert  into `localidades`(`id_localidad`,`id_dpto`,`nom_loc`,`cod_loc`,`cod_dpto`,`cod_prov`,`cod_pais`,`cod_postal`) values (608,NULL,'ARABIA SAUDITA','99','999','99','302',NULL);
insert  into `localidades`(`id_localidad`,`id_dpto`,`nom_loc`,`cod_loc`,`cod_dpto`,`cod_prov`,`cod_pais`,`cod_postal`) values (609,NULL,'ARGELIA','99','999','99','102',NULL);
insert  into `localidades`(`id_localidad`,`id_dpto`,`nom_loc`,`cod_loc`,`cod_dpto`,`cod_prov`,`cod_pais`,`cod_postal`) values (610,NULL,'AUSTRALIA','99','999','99','501',NULL);
insert  into `localidades`(`id_localidad`,`id_dpto`,`nom_loc`,`cod_loc`,`cod_dpto`,`cod_prov`,`cod_pais`,`cod_postal`) values (611,NULL,'AUSTRIA','99','999','99','405',NULL);
insert  into `localidades`(`id_localidad`,`id_dpto`,`nom_loc`,`cod_loc`,`cod_dpto`,`cod_prov`,`cod_pais`,`cod_postal`) values (612,NULL,'BAHAMAS','99','999','99','239',NULL);
insert  into `localidades`(`id_localidad`,`id_dpto`,`nom_loc`,`cod_loc`,`cod_dpto`,`cod_prov`,`cod_pais`,`cod_postal`) values (613,NULL,'BAHREIN','99','999','99','303',NULL);
insert  into `localidades`(`id_localidad`,`id_dpto`,`nom_loc`,`cod_loc`,`cod_dpto`,`cod_prov`,`cod_pais`,`cod_postal`) values (614,NULL,'BANGLADESH','99','999','99','345',NULL);
insert  into `localidades`(`id_localidad`,`id_dpto`,`nom_loc`,`cod_loc`,`cod_dpto`,`cod_prov`,`cod_pais`,`cod_postal`) values (615,NULL,'BARBADOS','99','999','99','201',NULL);
insert  into `localidades`(`id_localidad`,`id_dpto`,`nom_loc`,`cod_loc`,`cod_dpto`,`cod_prov`,`cod_pais`,`cod_postal`) values (616,NULL,'BELGICA','99','999','99','406',NULL);
insert  into `localidades`(`id_localidad`,`id_dpto`,`nom_loc`,`cod_loc`,`cod_dpto`,`cod_prov`,`cod_pais`,`cod_postal`) values (617,NULL,'BELICE','99','999','99','236',NULL);
insert  into `localidades`(`id_localidad`,`id_dpto`,`nom_loc`,`cod_loc`,`cod_dpto`,`cod_prov`,`cod_pais`,`cod_postal`) values (618,NULL,'BENIN','99','999','99','112',NULL);
insert  into `localidades`(`id_localidad`,`id_dpto`,`nom_loc`,`cod_loc`,`cod_dpto`,`cod_prov`,`cod_pais`,`cod_postal`) values (619,NULL,'BOLIVIA','99','999','99','202',NULL);
insert  into `localidades`(`id_localidad`,`id_dpto`,`nom_loc`,`cod_loc`,`cod_dpto`,`cod_prov`,`cod_pais`,`cod_postal`) values (620,NULL,'BOTSWANA','99','999','99','103',NULL);
insert  into `localidades`(`id_localidad`,`id_dpto`,`nom_loc`,`cod_loc`,`cod_dpto`,`cod_prov`,`cod_pais`,`cod_postal`) values (621,NULL,'BRASIL','99','999','99','203',NULL);
insert  into `localidades`(`id_localidad`,`id_dpto`,`nom_loc`,`cod_loc`,`cod_dpto`,`cod_prov`,`cod_pais`,`cod_postal`) values (622,NULL,'BRUNEI','99','999','99','346',NULL);
insert  into `localidades`(`id_localidad`,`id_dpto`,`nom_loc`,`cod_loc`,`cod_dpto`,`cod_prov`,`cod_pais`,`cod_postal`) values (623,NULL,'BULGARIA','99','999','99','407',NULL);
insert  into `localidades`(`id_localidad`,`id_dpto`,`nom_loc`,`cod_loc`,`cod_dpto`,`cod_prov`,`cod_pais`,`cod_postal`) values (624,NULL,'BURKINA FASO','99','999','99','101',NULL);
insert  into `localidades`(`id_localidad`,`id_dpto`,`nom_loc`,`cod_loc`,`cod_dpto`,`cod_prov`,`cod_pais`,`cod_postal`) values (625,NULL,'BURUNDI','99','999','99','104',NULL);
insert  into `localidades`(`id_localidad`,`id_dpto`,`nom_loc`,`cod_loc`,`cod_dpto`,`cod_prov`,`cod_pais`,`cod_postal`) values (626,NULL,'BUTAN','99','999','99','305',NULL);
insert  into `localidades`(`id_localidad`,`id_dpto`,`nom_loc`,`cod_loc`,`cod_dpto`,`cod_prov`,`cod_pais`,`cod_postal`) values (627,NULL,'CABO VERDE','99','999','99','150',NULL);
insert  into `localidades`(`id_localidad`,`id_dpto`,`nom_loc`,`cod_loc`,`cod_dpto`,`cod_prov`,`cod_pais`,`cod_postal`) values (628,NULL,'CAMBOYA','99','999','99','306',NULL);
insert  into `localidades`(`id_localidad`,`id_dpto`,`nom_loc`,`cod_loc`,`cod_dpto`,`cod_prov`,`cod_pais`,`cod_postal`) values (629,NULL,'CAMERUN','99','999','99','105',NULL);
insert  into `localidades`(`id_localidad`,`id_dpto`,`nom_loc`,`cod_loc`,`cod_dpto`,`cod_prov`,`cod_pais`,`cod_postal`) values (630,NULL,'CANADA','99','999','99','204',NULL);
insert  into `localidades`(`id_localidad`,`id_dpto`,`nom_loc`,`cod_loc`,`cod_dpto`,`cod_prov`,`cod_pais`,`cod_postal`) values (631,NULL,'CHAD','99','999','99','111',NULL);
insert  into `localidades`(`id_localidad`,`id_dpto`,`nom_loc`,`cod_loc`,`cod_dpto`,`cod_prov`,`cod_pais`,`cod_postal`) values (632,NULL,'CHECOSLOVAQUIA','99','999','99','408',NULL);
insert  into `localidades`(`id_localidad`,`id_dpto`,`nom_loc`,`cod_loc`,`cod_dpto`,`cod_prov`,`cod_pais`,`cod_postal`) values (633,NULL,'CHILE','99','999','99','208',NULL);
insert  into `localidades`(`id_localidad`,`id_dpto`,`nom_loc`,`cod_loc`,`cod_dpto`,`cod_prov`,`cod_pais`,`cod_postal`) values (634,NULL,'CHINA','99','999','99','310',NULL);
insert  into `localidades`(`id_localidad`,`id_dpto`,`nom_loc`,`cod_loc`,`cod_dpto`,`cod_prov`,`cod_pais`,`cod_postal`) values (635,NULL,'CHIPRE','99','999','99','435',NULL);
insert  into `localidades`(`id_localidad`,`id_dpto`,`nom_loc`,`cod_loc`,`cod_dpto`,`cod_prov`,`cod_pais`,`cod_postal`) values (636,NULL,'COLOMBIA','99','999','99','205',NULL);
insert  into `localidades`(`id_localidad`,`id_dpto`,`nom_loc`,`cod_loc`,`cod_dpto`,`cod_prov`,`cod_pais`,`cod_postal`) values (637,NULL,'COMORAS','99','999','99','155',NULL);
insert  into `localidades`(`id_localidad`,`id_dpto`,`nom_loc`,`cod_loc`,`cod_dpto`,`cod_prov`,`cod_pais`,`cod_postal`) values (638,NULL,'CONGO','99','999','99','108',NULL);
insert  into `localidades`(`id_localidad`,`id_dpto`,`nom_loc`,`cod_loc`,`cod_dpto`,`cod_prov`,`cod_pais`,`cod_postal`) values (639,NULL,'COREA DEMOCRATICA','99','999','99','308',NULL);
insert  into `localidades`(`id_localidad`,`id_dpto`,`nom_loc`,`cod_loc`,`cod_dpto`,`cod_prov`,`cod_pais`,`cod_postal`) values (640,NULL,'COREA REPUBLICANA','99','999','99','309',NULL);
insert  into `localidades`(`id_localidad`,`id_dpto`,`nom_loc`,`cod_loc`,`cod_dpto`,`cod_prov`,`cod_pais`,`cod_postal`) values (641,NULL,'COSTA DE MARFIL','99','999','99','110',NULL);
insert  into `localidades`(`id_localidad`,`id_dpto`,`nom_loc`,`cod_loc`,`cod_dpto`,`cod_prov`,`cod_pais`,`cod_postal`) values (642,NULL,'COSTA RICA','99','999','99','206',NULL);
insert  into `localidades`(`id_localidad`,`id_dpto`,`nom_loc`,`cod_loc`,`cod_dpto`,`cod_prov`,`cod_pais`,`cod_postal`) values (643,NULL,'CUBA','99','999','99','207',NULL);
insert  into `localidades`(`id_localidad`,`id_dpto`,`nom_loc`,`cod_loc`,`cod_dpto`,`cod_prov`,`cod_pais`,`cod_postal`) values (644,NULL,'DINAMARCA','99','999','99','409',NULL);
insert  into `localidades`(`id_localidad`,`id_dpto`,`nom_loc`,`cod_loc`,`cod_dpto`,`cod_prov`,`cod_pais`,`cod_postal`) values (645,NULL,'DISPONIBLES PARA AGRUPAMIENTOS (AFRICA)','99','999','99','180',NULL);
insert  into `localidades`(`id_localidad`,`id_dpto`,`nom_loc`,`cod_loc`,`cod_dpto`,`cod_prov`,`cod_pais`,`cod_postal`) values (646,NULL,'DISPONIBLES PARA AGRUPAMIENTOS (AMERICA)','99','999','99','280',NULL);
insert  into `localidades`(`id_localidad`,`id_dpto`,`nom_loc`,`cod_loc`,`cod_dpto`,`cod_prov`,`cod_pais`,`cod_postal`) values (647,NULL,'DISPONIBLES PARA AGRUPAMIENTOS (ASIA)','99','999','99','380',NULL);
insert  into `localidades`(`id_localidad`,`id_dpto`,`nom_loc`,`cod_loc`,`cod_dpto`,`cod_prov`,`cod_pais`,`cod_postal`) values (648,NULL,'DISPONIBLES PARA AGRUPAMIENTOS (EUROPA)','99','999','99','480',NULL);
insert  into `localidades`(`id_localidad`,`id_dpto`,`nom_loc`,`cod_loc`,`cod_dpto`,`cod_prov`,`cod_pais`,`cod_postal`) values (649,NULL,'DISPONIBLES PARA AGRUPAMIENTOS (OCEANIA)','99','999','99','580',NULL);
insert  into `localidades`(`id_localidad`,`id_dpto`,`nom_loc`,`cod_loc`,`cod_dpto`,`cod_prov`,`cod_pais`,`cod_postal`) values (650,NULL,'DJIBOUTI','99','999','99','153',NULL);
insert  into `localidades`(`id_localidad`,`id_dpto`,`nom_loc`,`cod_loc`,`cod_dpto`,`cod_prov`,`cod_pais`,`cod_postal`) values (651,NULL,'DOMINICA','99','999','99','233',NULL);
insert  into `localidades`(`id_localidad`,`id_dpto`,`nom_loc`,`cod_loc`,`cod_dpto`,`cod_prov`,`cod_pais`,`cod_postal`) values (652,NULL,'ECUADOR','99','999','99','210',NULL);
insert  into `localidades`(`id_localidad`,`id_dpto`,`nom_loc`,`cod_loc`,`cod_dpto`,`cod_prov`,`cod_pais`,`cod_postal`) values (653,NULL,'EGIPTO','99','999','99','113',NULL);
insert  into `localidades`(`id_localidad`,`id_dpto`,`nom_loc`,`cod_loc`,`cod_dpto`,`cod_prov`,`cod_pais`,`cod_postal`) values (654,NULL,'EL SALVADOR','99','999','99','211',NULL);
insert  into `localidades`(`id_localidad`,`id_dpto`,`nom_loc`,`cod_loc`,`cod_dpto`,`cod_prov`,`cod_pais`,`cod_postal`) values (655,NULL,'EMIRATOS ARABES UNIDOS','99','999','99','331',NULL);
insert  into `localidades`(`id_localidad`,`id_dpto`,`nom_loc`,`cod_loc`,`cod_dpto`,`cod_prov`,`cod_pais`,`cod_postal`) values (656,NULL,'ESPAÑA','99','999','99','410',NULL);
insert  into `localidades`(`id_localidad`,`id_dpto`,`nom_loc`,`cod_loc`,`cod_dpto`,`cod_prov`,`cod_pais`,`cod_postal`) values (657,NULL,'ESTADOS UNIDOS','99','999','99','212',NULL);
insert  into `localidades`(`id_localidad`,`id_dpto`,`nom_loc`,`cod_loc`,`cod_dpto`,`cod_prov`,`cod_pais`,`cod_postal`) values (658,NULL,'ETIOPIA','99','999','99','114',NULL);
insert  into `localidades`(`id_localidad`,`id_dpto`,`nom_loc`,`cod_loc`,`cod_dpto`,`cod_prov`,`cod_pais`,`cod_postal`) values (659,NULL,'FIJI','99','999','99','512',NULL);
insert  into `localidades`(`id_localidad`,`id_dpto`,`nom_loc`,`cod_loc`,`cod_dpto`,`cod_prov`,`cod_pais`,`cod_postal`) values (660,NULL,'FILIPINAS','99','999','99','312',NULL);
insert  into `localidades`(`id_localidad`,`id_dpto`,`nom_loc`,`cod_loc`,`cod_dpto`,`cod_prov`,`cod_pais`,`cod_postal`) values (661,NULL,'FINLANDIA','99','999','99','411',NULL);
insert  into `localidades`(`id_localidad`,`id_dpto`,`nom_loc`,`cod_loc`,`cod_dpto`,`cod_prov`,`cod_pais`,`cod_postal`) values (662,NULL,'FRANCIA','99','999','99','412',NULL);
insert  into `localidades`(`id_localidad`,`id_dpto`,`nom_loc`,`cod_loc`,`cod_dpto`,`cod_prov`,`cod_pais`,`cod_postal`) values (663,NULL,'GABON','99','999','99','115',NULL);
insert  into `localidades`(`id_localidad`,`id_dpto`,`nom_loc`,`cod_loc`,`cod_dpto`,`cod_prov`,`cod_pais`,`cod_postal`) values (664,NULL,'GAMBIA','99','999','99','116',NULL);
insert  into `localidades`(`id_localidad`,`id_dpto`,`nom_loc`,`cod_loc`,`cod_dpto`,`cod_prov`,`cod_pais`,`cod_postal`) values (665,NULL,'GAZA','99','999','99','314',NULL);
insert  into `localidades`(`id_localidad`,`id_dpto`,`nom_loc`,`cod_loc`,`cod_dpto`,`cod_prov`,`cod_pais`,`cod_postal`) values (666,NULL,'GHANA','99','999','99','117',NULL);
insert  into `localidades`(`id_localidad`,`id_dpto`,`nom_loc`,`cod_loc`,`cod_dpto`,`cod_prov`,`cod_pais`,`cod_postal`) values (667,NULL,'GRECIA','99','999','99','413',NULL);
insert  into `localidades`(`id_localidad`,`id_dpto`,`nom_loc`,`cod_loc`,`cod_dpto`,`cod_prov`,`cod_pais`,`cod_postal`) values (668,NULL,'GRENADA','99','999','99','240',NULL);
insert  into `localidades`(`id_localidad`,`id_dpto`,`nom_loc`,`cod_loc`,`cod_dpto`,`cod_prov`,`cod_pais`,`cod_postal`) values (669,NULL,'GUATEMALA','99','999','99','213',NULL);
insert  into `localidades`(`id_localidad`,`id_dpto`,`nom_loc`,`cod_loc`,`cod_dpto`,`cod_prov`,`cod_pais`,`cod_postal`) values (670,NULL,'GUINEA','99','999','99','118',NULL);
insert  into `localidades`(`id_localidad`,`id_dpto`,`nom_loc`,`cod_loc`,`cod_dpto`,`cod_prov`,`cod_pais`,`cod_postal`) values (671,NULL,'GUINEA BISSAU','99','999','99','156',NULL);
insert  into `localidades`(`id_localidad`,`id_dpto`,`nom_loc`,`cod_loc`,`cod_dpto`,`cod_prov`,`cod_pais`,`cod_postal`) values (672,NULL,'GUINEA ECUATORIAL','99','999','99','119',NULL);
insert  into `localidades`(`id_localidad`,`id_dpto`,`nom_loc`,`cod_loc`,`cod_dpto`,`cod_prov`,`cod_pais`,`cod_postal`) values (673,NULL,'GUYANA','99','999','99','214',NULL);
insert  into `localidades`(`id_localidad`,`id_dpto`,`nom_loc`,`cod_loc`,`cod_dpto`,`cod_prov`,`cod_pais`,`cod_postal`) values (674,NULL,'HAITI','99','999','99','215',NULL);
insert  into `localidades`(`id_localidad`,`id_dpto`,`nom_loc`,`cod_loc`,`cod_dpto`,`cod_prov`,`cod_pais`,`cod_postal`) values (675,NULL,'HONDURAS','99','999','99','216',NULL);
insert  into `localidades`(`id_localidad`,`id_dpto`,`nom_loc`,`cod_loc`,`cod_dpto`,`cod_prov`,`cod_pais`,`cod_postal`) values (676,NULL,'HUNGRIA','99','999','99','414',NULL);
insert  into `localidades`(`id_localidad`,`id_dpto`,`nom_loc`,`cod_loc`,`cod_dpto`,`cod_prov`,`cod_pais`,`cod_postal`) values (677,NULL,'INDETERMINADO (AFRICA)','99','999','99','198',NULL);
insert  into `localidades`(`id_localidad`,`id_dpto`,`nom_loc`,`cod_loc`,`cod_dpto`,`cod_prov`,`cod_pais`,`cod_postal`) values (678,NULL,'INDETERMINADO (AMERICA )','99','999','99','298',NULL);
insert  into `localidades`(`id_localidad`,`id_dpto`,`nom_loc`,`cod_loc`,`cod_dpto`,`cod_prov`,`cod_pais`,`cod_postal`) values (679,NULL,'INDETERMINADO (EUROPA)','99','999','99','498',NULL);
insert  into `localidades`(`id_localidad`,`id_dpto`,`nom_loc`,`cod_loc`,`cod_dpto`,`cod_prov`,`cod_pais`,`cod_postal`) values (680,NULL,'INDETERMINADO (OCEANIA)','99','999','99','598',NULL);
insert  into `localidades`(`id_localidad`,`id_dpto`,`nom_loc`,`cod_loc`,`cod_dpto`,`cod_prov`,`cod_pais`,`cod_postal`) values (681,NULL,'INDETERMINADO(ASIA)','99','999','99','398',NULL);
insert  into `localidades`(`id_localidad`,`id_dpto`,`nom_loc`,`cod_loc`,`cod_dpto`,`cod_prov`,`cod_pais`,`cod_postal`) values (682,NULL,'INDIA','99','999','99','315',NULL);
insert  into `localidades`(`id_localidad`,`id_dpto`,`nom_loc`,`cod_loc`,`cod_dpto`,`cod_prov`,`cod_pais`,`cod_postal`) values (683,NULL,'INDONESIA','99','999','99','316',NULL);
insert  into `localidades`(`id_localidad`,`id_dpto`,`nom_loc`,`cod_loc`,`cod_dpto`,`cod_prov`,`cod_pais`,`cod_postal`) values (684,NULL,'IRAN','99','999','99','318',NULL);
insert  into `localidades`(`id_localidad`,`id_dpto`,`nom_loc`,`cod_loc`,`cod_dpto`,`cod_prov`,`cod_pais`,`cod_postal`) values (685,NULL,'IRAQ','99','999','99','317',NULL);
insert  into `localidades`(`id_localidad`,`id_dpto`,`nom_loc`,`cod_loc`,`cod_dpto`,`cod_prov`,`cod_pais`,`cod_postal`) values (686,NULL,'IRLANDIA','99','999','99','415',NULL);
insert  into `localidades`(`id_localidad`,`id_dpto`,`nom_loc`,`cod_loc`,`cod_dpto`,`cod_prov`,`cod_pais`,`cod_postal`) values (687,NULL,'ISLANDIA','99','999','99','416',NULL);
insert  into `localidades`(`id_localidad`,`id_dpto`,`nom_loc`,`cod_loc`,`cod_dpto`,`cod_prov`,`cod_pais`,`cod_postal`) values (688,NULL,'ISLAS MARIANAS','99','999','99','521',NULL);
insert  into `localidades`(`id_localidad`,`id_dpto`,`nom_loc`,`cod_loc`,`cod_dpto`,`cod_prov`,`cod_pais`,`cod_postal`) values (689,NULL,'ISLAS MARSHALL','99','999','99','520',NULL);
insert  into `localidades`(`id_localidad`,`id_dpto`,`nom_loc`,`cod_loc`,`cod_dpto`,`cod_prov`,`cod_pais`,`cod_postal`) values (690,NULL,'ISLAS SALOMON','99','999','99','518',NULL);
insert  into `localidades`(`id_localidad`,`id_dpto`,`nom_loc`,`cod_loc`,`cod_dpto`,`cod_prov`,`cod_pais`,`cod_postal`) values (691,NULL,'ISRAEL','99','999','99','319',NULL);
insert  into `localidades`(`id_localidad`,`id_dpto`,`nom_loc`,`cod_loc`,`cod_dpto`,`cod_prov`,`cod_pais`,`cod_postal`) values (692,NULL,'ITALIA','99','999','99','417',NULL);
insert  into `localidades`(`id_localidad`,`id_dpto`,`nom_loc`,`cod_loc`,`cod_dpto`,`cod_prov`,`cod_pais`,`cod_postal`) values (693,NULL,'JAMAICA','99','999','99','217',NULL);
insert  into `localidades`(`id_localidad`,`id_dpto`,`nom_loc`,`cod_loc`,`cod_dpto`,`cod_prov`,`cod_pais`,`cod_postal`) values (694,NULL,'JAPON','99','999','99','320',NULL);
insert  into `localidades`(`id_localidad`,`id_dpto`,`nom_loc`,`cod_loc`,`cod_dpto`,`cod_prov`,`cod_pais`,`cod_postal`) values (695,NULL,'JORDANIA','99','999','99','321',NULL);
insert  into `localidades`(`id_localidad`,`id_dpto`,`nom_loc`,`cod_loc`,`cod_dpto`,`cod_prov`,`cod_pais`,`cod_postal`) values (696,NULL,'KENYA','99','999','99','120',NULL);
insert  into `localidades`(`id_localidad`,`id_dpto`,`nom_loc`,`cod_loc`,`cod_dpto`,`cod_prov`,`cod_pais`,`cod_postal`) values (697,NULL,'KIRIBATI','99','999','99','514',NULL);
insert  into `localidades`(`id_localidad`,`id_dpto`,`nom_loc`,`cod_loc`,`cod_dpto`,`cod_prov`,`cod_pais`,`cod_postal`) values (698,NULL,'KUWAIT','99','999','99','323',NULL);
insert  into `localidades`(`id_localidad`,`id_dpto`,`nom_loc`,`cod_loc`,`cod_dpto`,`cod_prov`,`cod_pais`,`cod_postal`) values (699,NULL,'LAO','99','999','99','324',NULL);
insert  into `localidades`(`id_localidad`,`id_dpto`,`nom_loc`,`cod_loc`,`cod_dpto`,`cod_prov`,`cod_pais`,`cod_postal`) values (700,NULL,'LESOTHO','99','999','99','121',NULL);
insert  into `localidades`(`id_localidad`,`id_dpto`,`nom_loc`,`cod_loc`,`cod_dpto`,`cod_prov`,`cod_pais`,`cod_postal`) values (701,NULL,'LIBANO','99','999','99','325',NULL);
insert  into `localidades`(`id_localidad`,`id_dpto`,`nom_loc`,`cod_loc`,`cod_dpto`,`cod_prov`,`cod_pais`,`cod_postal`) values (702,NULL,'LIBERIA','99','999','99','122',NULL);
insert  into `localidades`(`id_localidad`,`id_dpto`,`nom_loc`,`cod_loc`,`cod_dpto`,`cod_prov`,`cod_pais`,`cod_postal`) values (703,NULL,'LIBIA','99','999','99','123',NULL);
insert  into `localidades`(`id_localidad`,`id_dpto`,`nom_loc`,`cod_loc`,`cod_dpto`,`cod_prov`,`cod_pais`,`cod_postal`) values (704,NULL,'LIECHTENSTEIN','99','999','99','418',NULL);
insert  into `localidades`(`id_localidad`,`id_dpto`,`nom_loc`,`cod_loc`,`cod_dpto`,`cod_prov`,`cod_pais`,`cod_postal`) values (705,NULL,'LUXEMBURGO','99','999','99','419',NULL);
insert  into `localidades`(`id_localidad`,`id_dpto`,`nom_loc`,`cod_loc`,`cod_dpto`,`cod_prov`,`cod_pais`,`cod_postal`) values (706,NULL,'MADAGASCAR','99','999','99','124',NULL);
insert  into `localidades`(`id_localidad`,`id_dpto`,`nom_loc`,`cod_loc`,`cod_dpto`,`cod_prov`,`cod_pais`,`cod_postal`) values (707,NULL,'MALASIA','99','999','99','326',NULL);
insert  into `localidades`(`id_localidad`,`id_dpto`,`nom_loc`,`cod_loc`,`cod_dpto`,`cod_prov`,`cod_pais`,`cod_postal`) values (708,NULL,'MALAWI','99','999','99','125',NULL);
insert  into `localidades`(`id_localidad`,`id_dpto`,`nom_loc`,`cod_loc`,`cod_dpto`,`cod_prov`,`cod_pais`,`cod_postal`) values (709,NULL,'MALDIVAS','99','999','99','327',NULL);
insert  into `localidades`(`id_localidad`,`id_dpto`,`nom_loc`,`cod_loc`,`cod_dpto`,`cod_prov`,`cod_pais`,`cod_postal`) values (710,NULL,'MALI','99','999','99','126',NULL);
insert  into `localidades`(`id_localidad`,`id_dpto`,`nom_loc`,`cod_loc`,`cod_dpto`,`cod_prov`,`cod_pais`,`cod_postal`) values (711,NULL,'MALTA','99','999','99','420',NULL);
insert  into `localidades`(`id_localidad`,`id_dpto`,`nom_loc`,`cod_loc`,`cod_dpto`,`cod_prov`,`cod_pais`,`cod_postal`) values (712,NULL,'MARRUECOS','99','999','99','127',NULL);
insert  into `localidades`(`id_localidad`,`id_dpto`,`nom_loc`,`cod_loc`,`cod_dpto`,`cod_prov`,`cod_pais`,`cod_postal`) values (713,NULL,'MAURICIO','99','999','99','128',NULL);
insert  into `localidades`(`id_localidad`,`id_dpto`,`nom_loc`,`cod_loc`,`cod_dpto`,`cod_prov`,`cod_pais`,`cod_postal`) values (714,NULL,'MAURITANIA','99','999','99','129',NULL);
insert  into `localidades`(`id_localidad`,`id_dpto`,`nom_loc`,`cod_loc`,`cod_dpto`,`cod_prov`,`cod_pais`,`cod_postal`) values (715,NULL,'MEXICO','99','999','99','218',NULL);
insert  into `localidades`(`id_localidad`,`id_dpto`,`nom_loc`,`cod_loc`,`cod_dpto`,`cod_prov`,`cod_pais`,`cod_postal`) values (716,NULL,'MICRONESIA ESTADOS FEDERADOS','99','999','99','515',NULL);
insert  into `localidades`(`id_localidad`,`id_dpto`,`nom_loc`,`cod_loc`,`cod_dpto`,`cod_prov`,`cod_pais`,`cod_postal`) values (717,NULL,'MONACO','99','999','99','421',NULL);
insert  into `localidades`(`id_localidad`,`id_dpto`,`nom_loc`,`cod_loc`,`cod_dpto`,`cod_prov`,`cod_pais`,`cod_postal`) values (718,NULL,'MONGOLIA','99','999','99','329',NULL);
insert  into `localidades`(`id_localidad`,`id_dpto`,`nom_loc`,`cod_loc`,`cod_dpto`,`cod_prov`,`cod_pais`,`cod_postal`) values (719,NULL,'MOZAMBIQUE','99','999','99','151',NULL);
insert  into `localidades`(`id_localidad`,`id_dpto`,`nom_loc`,`cod_loc`,`cod_dpto`,`cod_prov`,`cod_pais`,`cod_postal`) values (720,NULL,'NAMIBIA','99','999','99','158',NULL);
insert  into `localidades`(`id_localidad`,`id_dpto`,`nom_loc`,`cod_loc`,`cod_dpto`,`cod_prov`,`cod_pais`,`cod_postal`) values (721,NULL,'NAURU','99','999','99','503',NULL);
insert  into `localidades`(`id_localidad`,`id_dpto`,`nom_loc`,`cod_loc`,`cod_dpto`,`cod_prov`,`cod_pais`,`cod_postal`) values (722,NULL,'NEPAL','99','999','99','330',NULL);
insert  into `localidades`(`id_localidad`,`id_dpto`,`nom_loc`,`cod_loc`,`cod_dpto`,`cod_prov`,`cod_pais`,`cod_postal`) values (723,NULL,'NICARAGUA','99','999','99','219',NULL);
insert  into `localidades`(`id_localidad`,`id_dpto`,`nom_loc`,`cod_loc`,`cod_dpto`,`cod_prov`,`cod_pais`,`cod_postal`) values (724,NULL,'NIGER','99','999','99','130',NULL);
insert  into `localidades`(`id_localidad`,`id_dpto`,`nom_loc`,`cod_loc`,`cod_dpto`,`cod_prov`,`cod_pais`,`cod_postal`) values (725,NULL,'NIGERIA','99','999','99','131',NULL);
insert  into `localidades`(`id_localidad`,`id_dpto`,`nom_loc`,`cod_loc`,`cod_dpto`,`cod_prov`,`cod_pais`,`cod_postal`) values (726,NULL,'NORUEGA','99','999','99','422',NULL);
insert  into `localidades`(`id_localidad`,`id_dpto`,`nom_loc`,`cod_loc`,`cod_dpto`,`cod_prov`,`cod_pais`,`cod_postal`) values (727,NULL,'NUEVA ZELANDA','99','999','99','504',NULL);
insert  into `localidades`(`id_localidad`,`id_dpto`,`nom_loc`,`cod_loc`,`cod_dpto`,`cod_prov`,`cod_pais`,`cod_postal`) values (728,NULL,'OMAN','99','999','99','328',NULL);
insert  into `localidades`(`id_localidad`,`id_dpto`,`nom_loc`,`cod_loc`,`cod_dpto`,`cod_prov`,`cod_pais`,`cod_postal`) values (729,NULL,'PAISES BAJOS (HOLANDA)','99','999','99','423',NULL);
insert  into `localidades`(`id_localidad`,`id_dpto`,`nom_loc`,`cod_loc`,`cod_dpto`,`cod_prov`,`cod_pais`,`cod_postal`) values (730,NULL,'PALAU','99','999','99','516',NULL);
insert  into `localidades`(`id_localidad`,`id_dpto`,`nom_loc`,`cod_loc`,`cod_dpto`,`cod_prov`,`cod_pais`,`cod_postal`) values (731,NULL,'PANAMA','99','999','99','220',NULL);
insert  into `localidades`(`id_localidad`,`id_dpto`,`nom_loc`,`cod_loc`,`cod_dpto`,`cod_prov`,`cod_pais`,`cod_postal`) values (732,NULL,'PAPUA NUEVA GUINEA','99','999','99','513',NULL);
insert  into `localidades`(`id_localidad`,`id_dpto`,`nom_loc`,`cod_loc`,`cod_dpto`,`cod_prov`,`cod_pais`,`cod_postal`) values (733,NULL,'PAQUISTAN','99','999','99','332',NULL);
insert  into `localidades`(`id_localidad`,`id_dpto`,`nom_loc`,`cod_loc`,`cod_dpto`,`cod_prov`,`cod_pais`,`cod_postal`) values (734,NULL,'PARAGUAY','99','999','99','221',NULL);
insert  into `localidades`(`id_localidad`,`id_dpto`,`nom_loc`,`cod_loc`,`cod_dpto`,`cod_prov`,`cod_pais`,`cod_postal`) values (735,NULL,'PERU','99','999','99','222',NULL);
insert  into `localidades`(`id_localidad`,`id_dpto`,`nom_loc`,`cod_loc`,`cod_dpto`,`cod_prov`,`cod_pais`,`cod_postal`) values (736,NULL,'POLONIA','99','999','99','424',NULL);
insert  into `localidades`(`id_localidad`,`id_dpto`,`nom_loc`,`cod_loc`,`cod_dpto`,`cod_prov`,`cod_pais`,`cod_postal`) values (737,NULL,'PORTUGAL','99','999','99','425',NULL);
insert  into `localidades`(`id_localidad`,`id_dpto`,`nom_loc`,`cod_loc`,`cod_dpto`,`cod_prov`,`cod_pais`,`cod_postal`) values (738,NULL,'PUERTO RICO (ESTADO ASOCIADO)','99','999','99','223',NULL);
insert  into `localidades`(`id_localidad`,`id_dpto`,`nom_loc`,`cod_loc`,`cod_dpto`,`cod_prov`,`cod_pais`,`cod_postal`) values (739,NULL,'QATAR','99','999','99','322',NULL);
insert  into `localidades`(`id_localidad`,`id_dpto`,`nom_loc`,`cod_loc`,`cod_dpto`,`cod_prov`,`cod_pais`,`cod_postal`) values (740,NULL,'REINO UNIDO','99','999','99','426',NULL);
insert  into `localidades`(`id_localidad`,`id_dpto`,`nom_loc`,`cod_loc`,`cod_dpto`,`cod_prov`,`cod_pais`,`cod_postal`) values (741,NULL,'REPUBLICA CENTROAFRICANA','99','999','99','107',NULL);
insert  into `localidades`(`id_localidad`,`id_dpto`,`nom_loc`,`cod_loc`,`cod_dpto`,`cod_prov`,`cod_pais`,`cod_postal`) values (742,NULL,'REPUBLICA DOMINICANA','99','999','99','209',NULL);
insert  into `localidades`(`id_localidad`,`id_dpto`,`nom_loc`,`cod_loc`,`cod_dpto`,`cod_prov`,`cod_pais`,`cod_postal`) values (743,NULL,'REPUBLICA FEDERAL DE ALEMANIA','99','999','99','438',NULL);
insert  into `localidades`(`id_localidad`,`id_dpto`,`nom_loc`,`cod_loc`,`cod_dpto`,`cod_prov`,`cod_pais`,`cod_postal`) values (744,NULL,'REPUBLICA YEMEN','99','999','99','348',NULL);
insert  into `localidades`(`id_localidad`,`id_dpto`,`nom_loc`,`cod_loc`,`cod_dpto`,`cod_prov`,`cod_pais`,`cod_postal`) values (745,NULL,'RESTO (AFRICA)','99','999','99','197',NULL);
insert  into `localidades`(`id_localidad`,`id_dpto`,`nom_loc`,`cod_loc`,`cod_dpto`,`cod_prov`,`cod_pais`,`cod_postal`) values (746,NULL,'RESTO (AMERICA)','99','999','99','297',NULL);
insert  into `localidades`(`id_localidad`,`id_dpto`,`nom_loc`,`cod_loc`,`cod_dpto`,`cod_prov`,`cod_pais`,`cod_postal`) values (747,NULL,'RESTO (EUROPA)','99','999','99','497',NULL);
insert  into `localidades`(`id_localidad`,`id_dpto`,`nom_loc`,`cod_loc`,`cod_dpto`,`cod_prov`,`cod_pais`,`cod_postal`) values (748,NULL,'RESTO (OCEANIA)','99','999','99','597',NULL);
insert  into `localidades`(`id_localidad`,`id_dpto`,`nom_loc`,`cod_loc`,`cod_dpto`,`cod_prov`,`cod_pais`,`cod_postal`) values (749,NULL,'RESTO(ASIA)','99','999','99','397',NULL);
insert  into `localidades`(`id_localidad`,`id_dpto`,`nom_loc`,`cod_loc`,`cod_dpto`,`cod_prov`,`cod_pais`,`cod_postal`) values (750,NULL,'RUMANIA','99','999','99','427',NULL);
insert  into `localidades`(`id_localidad`,`id_dpto`,`nom_loc`,`cod_loc`,`cod_dpto`,`cod_prov`,`cod_pais`,`cod_postal`) values (751,NULL,'RWANDA','99','999','99','133',NULL);
insert  into `localidades`(`id_localidad`,`id_dpto`,`nom_loc`,`cod_loc`,`cod_dpto`,`cod_prov`,`cod_pais`,`cod_postal`) values (752,NULL,'SAMOA OCCIDENTAL','99','999','99','506',NULL);
insert  into `localidades`(`id_localidad`,`id_dpto`,`nom_loc`,`cod_loc`,`cod_dpto`,`cod_prov`,`cod_pais`,`cod_postal`) values (753,NULL,'SAN CRISTOBAL Y NEVIS','99','999','99','238',NULL);
insert  into `localidades`(`id_localidad`,`id_dpto`,`nom_loc`,`cod_loc`,`cod_dpto`,`cod_prov`,`cod_pais`,`cod_postal`) values (754,NULL,'SAN MARINO','99','999','99','428',NULL);
insert  into `localidades`(`id_localidad`,`id_dpto`,`nom_loc`,`cod_loc`,`cod_dpto`,`cod_prov`,`cod_pais`,`cod_postal`) values (755,NULL,'SAN VICENTE Y LAS GRANADINAS','99','999','99','235',NULL);
insert  into `localidades`(`id_localidad`,`id_dpto`,`nom_loc`,`cod_loc`,`cod_dpto`,`cod_prov`,`cod_pais`,`cod_postal`) values (756,NULL,'SANTA LUCIA','99','999','99','234',NULL);
insert  into `localidades`(`id_localidad`,`id_dpto`,`nom_loc`,`cod_loc`,`cod_dpto`,`cod_prov`,`cod_pais`,`cod_postal`) values (757,NULL,'SANTA SEDE (VATICANO)','99','999','99','431',NULL);
insert  into `localidades`(`id_localidad`,`id_dpto`,`nom_loc`,`cod_loc`,`cod_dpto`,`cod_prov`,`cod_pais`,`cod_postal`) values (758,NULL,'SANTO TOME Y PRINCIPE','99','999','99','157',NULL);
insert  into `localidades`(`id_localidad`,`id_dpto`,`nom_loc`,`cod_loc`,`cod_dpto`,`cod_prov`,`cod_pais`,`cod_postal`) values (759,NULL,'SENEGAL','99','999','99','134',NULL);
insert  into `localidades`(`id_localidad`,`id_dpto`,`nom_loc`,`cod_loc`,`cod_dpto`,`cod_prov`,`cod_pais`,`cod_postal`) values (760,NULL,'SEYCHELLES','99','999','99','152',NULL);
insert  into `localidades`(`id_localidad`,`id_dpto`,`nom_loc`,`cod_loc`,`cod_dpto`,`cod_prov`,`cod_pais`,`cod_postal`) values (761,NULL,'SIERRA LEONA','99','999','99','135',NULL);
insert  into `localidades`(`id_localidad`,`id_dpto`,`nom_loc`,`cod_loc`,`cod_dpto`,`cod_prov`,`cod_pais`,`cod_postal`) values (762,NULL,'SIN DECLARAR-DESCONOCIDO-IGNORADO (AFRICA)','99','999','99','199',NULL);
insert  into `localidades`(`id_localidad`,`id_dpto`,`nom_loc`,`cod_loc`,`cod_dpto`,`cod_prov`,`cod_pais`,`cod_postal`) values (763,NULL,'SIN DECLARAR-DESCONOCIDO-IGNORADO (AMERICA)','99','999','99','299',NULL);
insert  into `localidades`(`id_localidad`,`id_dpto`,`nom_loc`,`cod_loc`,`cod_dpto`,`cod_prov`,`cod_pais`,`cod_postal`) values (764,NULL,'SIN DECLARAR-DESCONOCIDO-IGNORADO (ASIA)','99','999','99','399',NULL);
insert  into `localidades`(`id_localidad`,`id_dpto`,`nom_loc`,`cod_loc`,`cod_dpto`,`cod_prov`,`cod_pais`,`cod_postal`) values (765,NULL,'SIN DECLARAR-DESCONOCIDO-IGNORADO (EUROPA)','99','999','99','499',NULL);
insert  into `localidades`(`id_localidad`,`id_dpto`,`nom_loc`,`cod_loc`,`cod_dpto`,`cod_prov`,`cod_pais`,`cod_postal`) values (766,NULL,'SIN DECLARAR-DESCONOCIDO-IGNORADO (OCEANIA)','99','999','99','599',NULL);
insert  into `localidades`(`id_localidad`,`id_dpto`,`nom_loc`,`cod_loc`,`cod_dpto`,`cod_prov`,`cod_pais`,`cod_postal`) values (767,NULL,'SINGAPUR','99','999','99','333',NULL);
insert  into `localidades`(`id_localidad`,`id_dpto`,`nom_loc`,`cod_loc`,`cod_dpto`,`cod_prov`,`cod_pais`,`cod_postal`) values (768,NULL,'SIRIA','99','999','99','334',NULL);
insert  into `localidades`(`id_localidad`,`id_dpto`,`nom_loc`,`cod_loc`,`cod_dpto`,`cod_prov`,`cod_pais`,`cod_postal`) values (769,NULL,'SOMALIA','99','999','99','136',NULL);
insert  into `localidades`(`id_localidad`,`id_dpto`,`nom_loc`,`cod_loc`,`cod_dpto`,`cod_prov`,`cod_pais`,`cod_postal`) values (770,NULL,'SRI LANKA','99','999','99','307',NULL);
insert  into `localidades`(`id_localidad`,`id_dpto`,`nom_loc`,`cod_loc`,`cod_dpto`,`cod_prov`,`cod_pais`,`cod_postal`) values (771,NULL,'SUDAFRICA','99','999','99','159',NULL);
insert  into `localidades`(`id_localidad`,`id_dpto`,`nom_loc`,`cod_loc`,`cod_dpto`,`cod_prov`,`cod_pais`,`cod_postal`) values (772,NULL,'SUDAN','99','999','99','138',NULL);
insert  into `localidades`(`id_localidad`,`id_dpto`,`nom_loc`,`cod_loc`,`cod_dpto`,`cod_prov`,`cod_pais`,`cod_postal`) values (773,NULL,'SUECIA','99','999','99','429',NULL);
insert  into `localidades`(`id_localidad`,`id_dpto`,`nom_loc`,`cod_loc`,`cod_dpto`,`cod_prov`,`cod_pais`,`cod_postal`) values (774,NULL,'SUIZA','99','999','99','430',NULL);
insert  into `localidades`(`id_localidad`,`id_dpto`,`nom_loc`,`cod_loc`,`cod_dpto`,`cod_prov`,`cod_pais`,`cod_postal`) values (775,NULL,'SURINAME','99','999','99','232',NULL);
insert  into `localidades`(`id_localidad`,`id_dpto`,`nom_loc`,`cod_loc`,`cod_dpto`,`cod_prov`,`cod_pais`,`cod_postal`) values (776,NULL,'SWAZILANDIA','99','999','99','137',NULL);
insert  into `localidades`(`id_localidad`,`id_dpto`,`nom_loc`,`cod_loc`,`cod_dpto`,`cod_prov`,`cod_pais`,`cod_postal`) values (777,NULL,'TAILANDIA','99','999','99','335',NULL);
insert  into `localidades`(`id_localidad`,`id_dpto`,`nom_loc`,`cod_loc`,`cod_dpto`,`cod_prov`,`cod_pais`,`cod_postal`) values (778,NULL,'TAIWAN','99','999','99','313',NULL);
insert  into `localidades`(`id_localidad`,`id_dpto`,`nom_loc`,`cod_loc`,`cod_dpto`,`cod_prov`,`cod_pais`,`cod_postal`) values (779,NULL,'TANZANIA','99','999','99','139',NULL);
insert  into `localidades`(`id_localidad`,`id_dpto`,`nom_loc`,`cod_loc`,`cod_dpto`,`cod_prov`,`cod_pais`,`cod_postal`) values (780,NULL,'TERRITORIO VINCULADOS AL REINO UNIDO (EUROPA)','99','999','99','433',NULL);
insert  into `localidades`(`id_localidad`,`id_dpto`,`nom_loc`,`cod_loc`,`cod_dpto`,`cod_prov`,`cod_pais`,`cod_postal`) values (781,NULL,'TERRITORIO VINCULADOS AL REINO UNIDO (ASIA)','99','999','99','341',NULL);
insert  into `localidades`(`id_localidad`,`id_dpto`,`nom_loc`,`cod_loc`,`cod_dpto`,`cod_prov`,`cod_pais`,`cod_postal`) values (782,NULL,'TERRITORIOS VINCULADOS A AUSTRALIA (OCEANIA)','99','999','99','507',NULL);
insert  into `localidades`(`id_localidad`,`id_dpto`,`nom_loc`,`cod_loc`,`cod_dpto`,`cod_prov`,`cod_pais`,`cod_postal`) values (783,NULL,'TERRITORIOS VINCULADOS A DINAMARCA (AMERICA)','99','999','99','228',NULL);
insert  into `localidades`(`id_localidad`,`id_dpto`,`nom_loc`,`cod_loc`,`cod_dpto`,`cod_prov`,`cod_pais`,`cod_postal`) values (784,NULL,'TERRITORIOS VINCULADOS A ESPAÑA (AFRICA)','99','999','99','146',NULL);
insert  into `localidades`(`id_localidad`,`id_dpto`,`nom_loc`,`cod_loc`,`cod_dpto`,`cod_prov`,`cod_pais`,`cod_postal`) values (785,NULL,'TERRITORIOS VINCULADOS A ESTADOS UNIDOS (OCEANIA)','99','999','99','511',NULL);
insert  into `localidades`(`id_localidad`,`id_dpto`,`nom_loc`,`cod_loc`,`cod_dpto`,`cod_prov`,`cod_pais`,`cod_postal`) values (786,NULL,'TERRITORIOS VINCULADOS A ESTADOS UNIDOS (AMERICA)','99','999','99','231',NULL);
insert  into `localidades`(`id_localidad`,`id_dpto`,`nom_loc`,`cod_loc`,`cod_dpto`,`cod_prov`,`cod_pais`,`cod_postal`) values (787,NULL,'TERRITORIOS VINCULADOS A FRANCIA (AMERICA)','99','999','99','229',NULL);
insert  into `localidades`(`id_localidad`,`id_dpto`,`nom_loc`,`cod_loc`,`cod_dpto`,`cod_prov`,`cod_pais`,`cod_postal`) values (788,NULL,'TERRITORIOS VINCULADOS A FRANCIA (AFRICA)','99','999','99','147',NULL);
insert  into `localidades`(`id_localidad`,`id_dpto`,`nom_loc`,`cod_loc`,`cod_dpto`,`cod_prov`,`cod_pais`,`cod_postal`) values (789,NULL,'TERRITORIOS VINCULADOS A FRANCIA (OCEANIA)','99','999','99','509',NULL);
insert  into `localidades`(`id_localidad`,`id_dpto`,`nom_loc`,`cod_loc`,`cod_dpto`,`cod_prov`,`cod_pais`,`cod_postal`) values (790,NULL,'TERRITORIOS VINCULADOS A LOS PAISES BAJOS (AMERICA','99','999','99','230',NULL);
insert  into `localidades`(`id_localidad`,`id_dpto`,`nom_loc`,`cod_loc`,`cod_dpto`,`cod_prov`,`cod_pais`,`cod_postal`) values (791,NULL,'TERRITORIOS VINCULADOS A NUEVA ZELANDA (OCEANIA)','99','999','99','510',NULL);
insert  into `localidades`(`id_localidad`,`id_dpto`,`nom_loc`,`cod_loc`,`cod_dpto`,`cod_prov`,`cod_pais`,`cod_postal`) values (792,NULL,'TERRITORIOS VINCULADOS A PORTUGAL (ASIA)','99','999','99','344',NULL);
insert  into `localidades`(`id_localidad`,`id_dpto`,`nom_loc`,`cod_loc`,`cod_dpto`,`cod_prov`,`cod_pais`,`cod_postal`) values (793,NULL,'TERRITORIOS VINCULADOS AL REINO UNIDO (OCEANIA)','99','999','99','508',NULL);
insert  into `localidades`(`id_localidad`,`id_dpto`,`nom_loc`,`cod_loc`,`cod_dpto`,`cod_prov`,`cod_pais`,`cod_postal`) values (794,NULL,'TERRITORIOS VINCULADOS AL REINO UNIDO (AMERICA)','99','999','99','227',NULL);
insert  into `localidades`(`id_localidad`,`id_dpto`,`nom_loc`,`cod_loc`,`cod_dpto`,`cod_prov`,`cod_pais`,`cod_postal`) values (795,NULL,'TERRITORIOS VINCULADOS AL REINO UNIDO (AFRICA)','99','999','99','145',NULL);
insert  into `localidades`(`id_localidad`,`id_dpto`,`nom_loc`,`cod_loc`,`cod_dpto`,`cod_prov`,`cod_pais`,`cod_postal`) values (796,NULL,'TOGO','99','999','99','140',NULL);
insert  into `localidades`(`id_localidad`,`id_dpto`,`nom_loc`,`cod_loc`,`cod_dpto`,`cod_prov`,`cod_pais`,`cod_postal`) values (797,NULL,'TONGA','99','999','99','519',NULL);
insert  into `localidades`(`id_localidad`,`id_dpto`,`nom_loc`,`cod_loc`,`cod_dpto`,`cod_prov`,`cod_pais`,`cod_postal`) values (798,NULL,'TRINIDAD Y TOBAGO','99','999','99','224',NULL);
insert  into `localidades`(`id_localidad`,`id_dpto`,`nom_loc`,`cod_loc`,`cod_dpto`,`cod_prov`,`cod_pais`,`cod_postal`) values (799,NULL,'TUNEZ','99','999','99','141',NULL);
insert  into `localidades`(`id_localidad`,`id_dpto`,`nom_loc`,`cod_loc`,`cod_dpto`,`cod_prov`,`cod_pais`,`cod_postal`) values (800,NULL,'TURQUIA','99','999','99','436',NULL);
insert  into `localidades`(`id_localidad`,`id_dpto`,`nom_loc`,`cod_loc`,`cod_dpto`,`cod_prov`,`cod_pais`,`cod_postal`) values (801,NULL,'TUVALU','99','999','99','517',NULL);
insert  into `localidades`(`id_localidad`,`id_dpto`,`nom_loc`,`cod_loc`,`cod_dpto`,`cod_prov`,`cod_pais`,`cod_postal`) values (802,NULL,'U R S S (EUROPEA)','99','999','99','437',NULL);
insert  into `localidades`(`id_localidad`,`id_dpto`,`nom_loc`,`cod_loc`,`cod_dpto`,`cod_prov`,`cod_pais`,`cod_postal`) values (803,NULL,'UGANDA','99','999','99','142',NULL);
insert  into `localidades`(`id_localidad`,`id_dpto`,`nom_loc`,`cod_loc`,`cod_dpto`,`cod_prov`,`cod_pais`,`cod_postal`) values (804,NULL,'UNION DE MYANMAR','99','999','99','304',NULL);
insert  into `localidades`(`id_localidad`,`id_dpto`,`nom_loc`,`cod_loc`,`cod_dpto`,`cod_prov`,`cod_pais`,`cod_postal`) values (805,NULL,'URSS (ASIATICA)','99','999','99','347',NULL);
insert  into `localidades`(`id_localidad`,`id_dpto`,`nom_loc`,`cod_loc`,`cod_dpto`,`cod_prov`,`cod_pais`,`cod_postal`) values (806,NULL,'URUGUAY','99','999','99','225',NULL);
insert  into `localidades`(`id_localidad`,`id_dpto`,`nom_loc`,`cod_loc`,`cod_dpto`,`cod_prov`,`cod_pais`,`cod_postal`) values (807,NULL,'VANUATU','99','999','99','505',NULL);
insert  into `localidades`(`id_localidad`,`id_dpto`,`nom_loc`,`cod_loc`,`cod_dpto`,`cod_prov`,`cod_pais`,`cod_postal`) values (808,NULL,'VENEZUELA','99','999','99','226',NULL);
insert  into `localidades`(`id_localidad`,`id_dpto`,`nom_loc`,`cod_loc`,`cod_dpto`,`cod_prov`,`cod_pais`,`cod_postal`) values (809,NULL,'VIETNAM','99','999','99','337',NULL);
insert  into `localidades`(`id_localidad`,`id_dpto`,`nom_loc`,`cod_loc`,`cod_dpto`,`cod_prov`,`cod_pais`,`cod_postal`) values (810,NULL,'YUGOSLAVIA (SERVIA, MONTENEGRO)','99','999','99','432',NULL);
insert  into `localidades`(`id_localidad`,`id_dpto`,`nom_loc`,`cod_loc`,`cod_dpto`,`cod_prov`,`cod_pais`,`cod_postal`) values (811,NULL,'ZAIRE','99','999','99','109',NULL);
insert  into `localidades`(`id_localidad`,`id_dpto`,`nom_loc`,`cod_loc`,`cod_dpto`,`cod_prov`,`cod_pais`,`cod_postal`) values (812,NULL,'ZAMBIA','99','999','99','144',NULL);
insert  into `localidades`(`id_localidad`,`id_dpto`,`nom_loc`,`cod_loc`,`cod_dpto`,`cod_prov`,`cod_pais`,`cod_postal`) values (813,NULL,'ZIMBABWE','99','999','99','132',NULL);

/*Data for the table `provincias` */

insert  into `provincias`(`id_prov`,`id_pais`,`nom_prov`,`cod_prov`) values (1,1,'SANTA FE','82');
insert  into `provincias`(`id_prov`,`id_pais`,`nom_prov`,`cod_prov`) values (2,1,'BUENOS AIRES','06');
insert  into `provincias`(`id_prov`,`id_pais`,`nom_prov`,`cod_prov`) values (3,1,'CAPITAL FEDERAL CIUDAD DE B.AIRES','02');
insert  into `provincias`(`id_prov`,`id_pais`,`nom_prov`,`cod_prov`) values (4,1,'CATAMARCA','10');
insert  into `provincias`(`id_prov`,`id_pais`,`nom_prov`,`cod_prov`) values (5,1,'CHACO','22');
insert  into `provincias`(`id_prov`,`id_pais`,`nom_prov`,`cod_prov`) values (6,1,'CHUBUT','26');
insert  into `provincias`(`id_prov`,`id_pais`,`nom_prov`,`cod_prov`) values (7,1,'CORDOBA','14');
insert  into `provincias`(`id_prov`,`id_pais`,`nom_prov`,`cod_prov`) values (8,1,'CORRIENTES','18');
insert  into `provincias`(`id_prov`,`id_pais`,`nom_prov`,`cod_prov`) values (9,1,'ENTRE RIOS','30');
insert  into `provincias`(`id_prov`,`id_pais`,`nom_prov`,`cod_prov`) values (10,1,'FORMOSA','34');
insert  into `provincias`(`id_prov`,`id_pais`,`nom_prov`,`cod_prov`) values (11,1,'JUJUY','38');
insert  into `provincias`(`id_prov`,`id_pais`,`nom_prov`,`cod_prov`) values (12,1,'LA PAMPA','42');
insert  into `provincias`(`id_prov`,`id_pais`,`nom_prov`,`cod_prov`) values (13,1,'LA RIOJA','46');
insert  into `provincias`(`id_prov`,`id_pais`,`nom_prov`,`cod_prov`) values (14,1,'MENDOZA','50');
insert  into `provincias`(`id_prov`,`id_pais`,`nom_prov`,`cod_prov`) values (15,1,'MISIONES','54');
insert  into `provincias`(`id_prov`,`id_pais`,`nom_prov`,`cod_prov`) values (16,1,'NEUQUEN','58');
insert  into `provincias`(`id_prov`,`id_pais`,`nom_prov`,`cod_prov`) values (17,1,'RIO NEGRO','62');
insert  into `provincias`(`id_prov`,`id_pais`,`nom_prov`,`cod_prov`) values (18,1,'SALTA','66');
insert  into `provincias`(`id_prov`,`id_pais`,`nom_prov`,`cod_prov`) values (19,1,'SAN JUAN','70');
insert  into `provincias`(`id_prov`,`id_pais`,`nom_prov`,`cod_prov`) values (20,1,'SAN LUIS','74');
insert  into `provincias`(`id_prov`,`id_pais`,`nom_prov`,`cod_prov`) values (21,1,'SANTA CRUZ','78');
insert  into `provincias`(`id_prov`,`id_pais`,`nom_prov`,`cod_prov`) values (22,1,'SANTIAGO DEL ESTERO','86');
insert  into `provincias`(`id_prov`,`id_pais`,`nom_prov`,`cod_prov`) values (23,1,'TERRIT.TIERRA DEL FUEGO-ANTARTIDA E ISLAS','94');
insert  into `provincias`(`id_prov`,`id_pais`,`nom_prov`,`cod_prov`) values (24,1,'TUCUMAN','90');

/* paises */
insert into `paises` (`nom_pais`, `cod_pais`) values('ARGENTINA','200');
insert into `paises` (`nom_pais`, `cod_pais`) values('AFGANISTAN','301');
insert into `paises` (`nom_pais`, `cod_pais`) values('ALBANIA','401');
insert into `paises` (`nom_pais`, `cod_pais`) values('ANDORRA','404');
insert into `paises` (`nom_pais`, `cod_pais`) values('ANGOLA','149');
insert into `paises` (`nom_pais`, `cod_pais`) values('ANTIGUA Y BARBUDA','237');
insert into `paises` (`nom_pais`, `cod_pais`) values('ARABIA SAUDITA','302');
insert into `paises` (`nom_pais`, `cod_pais`) values('ARGELIA','102');
insert into `paises` (`nom_pais`, `cod_pais`) values('AUSTRALIA','501');
insert into `paises` (`nom_pais`, `cod_pais`) values('AUSTRIA','405');
insert into `paises` (`nom_pais`, `cod_pais`) values('BAHAMAS','239');
insert into `paises` (`nom_pais`, `cod_pais`) values('BAHREIN','303');
insert into `paises` (`nom_pais`, `cod_pais`) values('BANGLADESH','345');
insert into `paises` (`nom_pais`, `cod_pais`) values('BARBADOS','201');
insert into `paises` (`nom_pais`, `cod_pais`) values('BELGICA','406');
insert into `paises` (`nom_pais`, `cod_pais`) values('BELICE','236');
insert into `paises` (`nom_pais`, `cod_pais`) values('BENIN','112');
insert into `paises` (`nom_pais`, `cod_pais`) values('BOLIVIA','202');
insert into `paises` (`nom_pais`, `cod_pais`) values('BOTSWANA','103');
insert into `paises` (`nom_pais`, `cod_pais`) values('BRASIL','203');
insert into `paises` (`nom_pais`, `cod_pais`) values('BRUNEI','346');
insert into `paises` (`nom_pais`, `cod_pais`) values('BULGARIA','407');
insert into `paises` (`nom_pais`, `cod_pais`) values('BURKINA FASO','101');
insert into `paises` (`nom_pais`, `cod_pais`) values('BURUNDI','104');
insert into `paises` (`nom_pais`, `cod_pais`) values('BUTAN','305');
insert into `paises` (`nom_pais`, `cod_pais`) values('CABO VERDE','150');
insert into `paises` (`nom_pais`, `cod_pais`) values('CAMBOYA','306');
insert into `paises` (`nom_pais`, `cod_pais`) values('CAMERUN','105');
insert into `paises` (`nom_pais`, `cod_pais`) values('CANADA','204');
insert into `paises` (`nom_pais`, `cod_pais`) values('CHAD','111');
insert into `paises` (`nom_pais`, `cod_pais`) values('CHECOSLOVAQUIA','408');
insert into `paises` (`nom_pais`, `cod_pais`) values('CHILE','208');
insert into `paises` (`nom_pais`, `cod_pais`) values('CHINA','310');
insert into `paises` (`nom_pais`, `cod_pais`) values('CHIPRE','435');
insert into `paises` (`nom_pais`, `cod_pais`) values('COLOMBIA','205');
insert into `paises` (`nom_pais`, `cod_pais`) values('COMORAS','155');
insert into `paises` (`nom_pais`, `cod_pais`) values('CONGO','108');
insert into `paises` (`nom_pais`, `cod_pais`) values('COREA DEMOCRATICA','308');
insert into `paises` (`nom_pais`, `cod_pais`) values('COREA REPUBLICANA','309');
insert into `paises` (`nom_pais`, `cod_pais`) values('COSTA DE MARFIL','110');
insert into `paises` (`nom_pais`, `cod_pais`) values('COSTA RICA','206');
insert into `paises` (`nom_pais`, `cod_pais`) values('CUBA','207');
insert into `paises` (`nom_pais`, `cod_pais`) values('DINAMARCA','409');
insert into `paises` (`nom_pais`, `cod_pais`) values('DISPONIBLES PARA AGRUPAMIENTOS (AFRICA)','180');
insert into `paises` (`nom_pais`, `cod_pais`) values('DISPONIBLES PARA AGRUPAMIENTOS (AMERICA)','280');
insert into `paises` (`nom_pais`, `cod_pais`) values('DISPONIBLES PARA AGRUPAMIENTOS (ASIA)','380');
insert into `paises` (`nom_pais`, `cod_pais`) values('DISPONIBLES PARA AGRUPAMIENTOS (EUROPA)','480');
insert into `paises` (`nom_pais`, `cod_pais`) values('DISPONIBLES PARA AGRUPAMIENTOS (OCEANIA)','580');
insert into `paises` (`nom_pais`, `cod_pais`) values('DJIBOUTI','153');
insert into `paises` (`nom_pais`, `cod_pais`) values('DOMINICA','233');
insert into `paises` (`nom_pais`, `cod_pais`) values('ECUADOR','210');
insert into `paises` (`nom_pais`, `cod_pais`) values('EGIPTO','113');
insert into `paises` (`nom_pais`, `cod_pais`) values('EL SALVADOR','211');
insert into `paises` (`nom_pais`, `cod_pais`) values('EMIRATOS ARABES UNIDOS','331');
insert into `paises` (`nom_pais`, `cod_pais`) values('ESPAÑA','410');
insert into `paises` (`nom_pais`, `cod_pais`) values('ESTADOS UNIDOS','212');
insert into `paises` (`nom_pais`, `cod_pais`) values('ETIOPIA','114');
insert into `paises` (`nom_pais`, `cod_pais`) values('FIJI','512');
insert into `paises` (`nom_pais`, `cod_pais`) values('FILIPINAS','312');
insert into `paises` (`nom_pais`, `cod_pais`) values('FINLANDIA','411');
insert into `paises` (`nom_pais`, `cod_pais`) values('FRANCIA','412');
insert into `paises` (`nom_pais`, `cod_pais`) values('GABON','115');
insert into `paises` (`nom_pais`, `cod_pais`) values('GAMBIA','116');
insert into `paises` (`nom_pais`, `cod_pais`) values('GAZA','314');
insert into `paises` (`nom_pais`, `cod_pais`) values('GHANA','117');
insert into `paises` (`nom_pais`, `cod_pais`) values('GRECIA','413');
insert into `paises` (`nom_pais`, `cod_pais`) values('GRENADA','240');
insert into `paises` (`nom_pais`, `cod_pais`) values('GUATEMALA','213');
insert into `paises` (`nom_pais`, `cod_pais`) values('GUINEA','118');
insert into `paises` (`nom_pais`, `cod_pais`) values('GUINEA BISSAU','156');
insert into `paises` (`nom_pais`, `cod_pais`) values('GUINEA ECUATORIAL','119');
insert into `paises` (`nom_pais`, `cod_pais`) values('GUYANA','214');
insert into `paises` (`nom_pais`, `cod_pais`) values('HAITI','215');
insert into `paises` (`nom_pais`, `cod_pais`) values('HONDURAS','216');
insert into `paises` (`nom_pais`, `cod_pais`) values('HUNGRIA','414');
insert into `paises` (`nom_pais`, `cod_pais`) values('INDETERMINADO (AFRICA)','198');
insert into `paises` (`nom_pais`, `cod_pais`) values('INDETERMINADO (AMERICA )','298');
insert into `paises` (`nom_pais`, `cod_pais`) values('INDETERMINADO (EUROPA)','498');
insert into `paises` (`nom_pais`, `cod_pais`) values('INDETERMINADO (OCEANIA)','598');
insert into `paises` (`nom_pais`, `cod_pais`) values('INDETERMINADO(ASIA)','398');
insert into `paises` (`nom_pais`, `cod_pais`) values('INDIA','315');
insert into `paises` (`nom_pais`, `cod_pais`) values('INDONESIA','316');
insert into `paises` (`nom_pais`, `cod_pais`) values('IRAN','318');
insert into `paises` (`nom_pais`, `cod_pais`) values('IRAQ','317');
insert into `paises` (`nom_pais`, `cod_pais`) values('IRLANDIA','415');
insert into `paises` (`nom_pais`, `cod_pais`) values('ISLANDIA','416');
insert into `paises` (`nom_pais`, `cod_pais`) values('ISLAS MARIANAS','521');
insert into `paises` (`nom_pais`, `cod_pais`) values('ISLAS MARSHALL','520');
insert into `paises` (`nom_pais`, `cod_pais`) values('ISLAS SALOMON','518');
insert into `paises` (`nom_pais`, `cod_pais`) values('ISRAEL','319');
insert into `paises` (`nom_pais`, `cod_pais`) values('ITALIA','417');
insert into `paises` (`nom_pais`, `cod_pais`) values('JAMAICA','217');
insert into `paises` (`nom_pais`, `cod_pais`) values('JAPON','320');
insert into `paises` (`nom_pais`, `cod_pais`) values('JORDANIA','321');
insert into `paises` (`nom_pais`, `cod_pais`) values('KENYA','120');
insert into `paises` (`nom_pais`, `cod_pais`) values('KIRIBATI','514');
insert into `paises` (`nom_pais`, `cod_pais`) values('KUWAIT','323');
insert into `paises` (`nom_pais`, `cod_pais`) values('LAO','324');
insert into `paises` (`nom_pais`, `cod_pais`) values('LESOTHO','121');
insert into `paises` (`nom_pais`, `cod_pais`) values('LIBANO','325');
insert into `paises` (`nom_pais`, `cod_pais`) values('LIBERIA','122');
insert into `paises` (`nom_pais`, `cod_pais`) values('LIBIA','123');
insert into `paises` (`nom_pais`, `cod_pais`) values('LIECHTENSTEIN','418');
insert into `paises` (`nom_pais`, `cod_pais`) values('LUXEMBURGO','419');
insert into `paises` (`nom_pais`, `cod_pais`) values('MADAGASCAR','124');
insert into `paises` (`nom_pais`, `cod_pais`) values('MALASIA','326');
insert into `paises` (`nom_pais`, `cod_pais`) values('MALAWI','125');
insert into `paises` (`nom_pais`, `cod_pais`) values('MALDIVAS','327');
insert into `paises` (`nom_pais`, `cod_pais`) values('MALI','126');
insert into `paises` (`nom_pais`, `cod_pais`) values('MALTA','420');
insert into `paises` (`nom_pais`, `cod_pais`) values('MARRUECOS','127');
insert into `paises` (`nom_pais`, `cod_pais`) values('MAURICIO','128');
insert into `paises` (`nom_pais`, `cod_pais`) values('MAURITANIA','129');
insert into `paises` (`nom_pais`, `cod_pais`) values('MEXICO','218');
insert into `paises` (`nom_pais`, `cod_pais`) values('MICRONESIA ESTADOS FEDERADOS','515');
insert into `paises` (`nom_pais`, `cod_pais`) values('MONACO','421');
insert into `paises` (`nom_pais`, `cod_pais`) values('MONGOLIA','329');
insert into `paises` (`nom_pais`, `cod_pais`) values('MOZAMBIQUE','151');
insert into `paises` (`nom_pais`, `cod_pais`) values('NAMIBIA','158');
insert into `paises` (`nom_pais`, `cod_pais`) values('NAURU','503');
insert into `paises` (`nom_pais`, `cod_pais`) values('NEPAL','330');
insert into `paises` (`nom_pais`, `cod_pais`) values('NICARAGUA','219');
insert into `paises` (`nom_pais`, `cod_pais`) values('NIGER','130');
insert into `paises` (`nom_pais`, `cod_pais`) values('NIGERIA','131');
insert into `paises` (`nom_pais`, `cod_pais`) values('NORUEGA','422');
insert into `paises` (`nom_pais`, `cod_pais`) values('NUEVA ZELANDA','504');
insert into `paises` (`nom_pais`, `cod_pais`) values('OMAN','328');
insert into `paises` (`nom_pais`, `cod_pais`) values('PAISES BAJOS (HOLANDA)','423');
insert into `paises` (`nom_pais`, `cod_pais`) values('PALAU','516');
insert into `paises` (`nom_pais`, `cod_pais`) values('PANAMA','220');
insert into `paises` (`nom_pais`, `cod_pais`) values('PAPUA NUEVA GUINEA','513');
insert into `paises` (`nom_pais`, `cod_pais`) values('PAQUISTAN','332');
insert into `paises` (`nom_pais`, `cod_pais`) values('PARAGUAY','221');
insert into `paises` (`nom_pais`, `cod_pais`) values('PERU','222');
insert into `paises` (`nom_pais`, `cod_pais`) values('POLONIA','424');
insert into `paises` (`nom_pais`, `cod_pais`) values('PORTUGAL','425');
insert into `paises` (`nom_pais`, `cod_pais`) values('PUERTO RICO (ESTADO ASOCIADO)','223');
insert into `paises` (`nom_pais`, `cod_pais`) values('QATAR','322');
insert into `paises` (`nom_pais`, `cod_pais`) values('REINO UNIDO','426');
insert into `paises` (`nom_pais`, `cod_pais`) values('REPUBLICA CENTROAFRICANA','107');
insert into `paises` (`nom_pais`, `cod_pais`) values('REPUBLICA DOMINICANA','209');
insert into `paises` (`nom_pais`, `cod_pais`) values('REPUBLICA FEDERAL DE ALEMANIA','438');
insert into `paises` (`nom_pais`, `cod_pais`) values('REPUBLICA YEMEN','348');
insert into `paises` (`nom_pais`, `cod_pais`) values('RESTO (AFRICA)','197');
insert into `paises` (`nom_pais`, `cod_pais`) values('RESTO (AMERICA)','297');
insert into `paises` (`nom_pais`, `cod_pais`) values('RESTO (EUROPA)','497');
insert into `paises` (`nom_pais`, `cod_pais`) values('RESTO (OCEANIA)','597');
insert into `paises` (`nom_pais`, `cod_pais`) values('RESTO(ASIA)','397');
insert into `paises` (`nom_pais`, `cod_pais`) values('RUMANIA','427');
insert into `paises` (`nom_pais`, `cod_pais`) values('RWANDA','133');
insert into `paises` (`nom_pais`, `cod_pais`) values('SAMOA OCCIDENTAL','506');
insert into `paises` (`nom_pais`, `cod_pais`) values('SAN CRISTOBAL Y NEVIS','238');
insert into `paises` (`nom_pais`, `cod_pais`) values('SAN MARINO','428');
insert into `paises` (`nom_pais`, `cod_pais`) values('SAN VICENTE Y LAS GRANADINAS','235');
insert into `paises` (`nom_pais`, `cod_pais`) values('SANTA LUCIA','234');
insert into `paises` (`nom_pais`, `cod_pais`) values('SANTA SEDE (VATICANO)','431');
insert into `paises` (`nom_pais`, `cod_pais`) values('SANTO TOME Y PRINCIPE','157');
insert into `paises` (`nom_pais`, `cod_pais`) values('SENEGAL','134');
insert into `paises` (`nom_pais`, `cod_pais`) values('SEYCHELLES','152');
insert into `paises` (`nom_pais`, `cod_pais`) values('SIERRA LEONA','135');
insert into `paises` (`nom_pais`, `cod_pais`) values('SIN DECLARAR-DESCONOCIDO-IGNORADO (AFRICA)','199');
insert into `paises` (`nom_pais`, `cod_pais`) values('SIN DECLARAR-DESCONOCIDO-IGNORADO (AMERICA)','299');
insert into `paises` (`nom_pais`, `cod_pais`) values('SIN DECLARAR-DESCONOCIDO-IGNORADO (ASIA)','399');
insert into `paises` (`nom_pais`, `cod_pais`) values('SIN DECLARAR-DESCONOCIDO-IGNORADO (EUROPA)','499');
insert into `paises` (`nom_pais`, `cod_pais`) values('SIN DECLARAR-DESCONOCIDO-IGNORADO (OCEANIA)','599');
insert into `paises` (`nom_pais`, `cod_pais`) values('SINGAPUR','333');
insert into `paises` (`nom_pais`, `cod_pais`) values('SIRIA','334');
insert into `paises` (`nom_pais`, `cod_pais`) values('SOMALIA','136');
insert into `paises` (`nom_pais`, `cod_pais`) values('SRI LANKA','307');
insert into `paises` (`nom_pais`, `cod_pais`) values('SUDAFRICA','159');
insert into `paises` (`nom_pais`, `cod_pais`) values('SUDAN','138');
insert into `paises` (`nom_pais`, `cod_pais`) values('SUECIA','429');
insert into `paises` (`nom_pais`, `cod_pais`) values('SUIZA','430');
insert into `paises` (`nom_pais`, `cod_pais`) values('SURINAME','232');
insert into `paises` (`nom_pais`, `cod_pais`) values('SWAZILANDIA','137');
insert into `paises` (`nom_pais`, `cod_pais`) values('TAILANDIA','335');
insert into `paises` (`nom_pais`, `cod_pais`) values('TAIWAN','313');
insert into `paises` (`nom_pais`, `cod_pais`) values('TANZANIA','139');
insert into `paises` (`nom_pais`, `cod_pais`) values('TERRITORIO VINCULADOS AL REINO UNIDO (EUROPA)','433');
insert into `paises` (`nom_pais`, `cod_pais`) values('TERRITORIO VINCULADOS AL REINO UNIDO (ASIA)','341');
insert into `paises` (`nom_pais`, `cod_pais`) values('TERRITORIOS VINCULADOS A AUSTRALIA (OCEANIA)','507');
insert into `paises` (`nom_pais`, `cod_pais`) values('TERRITORIOS VINCULADOS A DINAMARCA (AMERICA)','228');
insert into `paises` (`nom_pais`, `cod_pais`) values('TERRITORIOS VINCULADOS A ESPAÑA (AFRICA)','146');
insert into `paises` (`nom_pais`, `cod_pais`) values('TERRITORIOS VINCULADOS A ESTADOS UNIDOS (OCEANIA)','511');
insert into `paises` (`nom_pais`, `cod_pais`) values('TERRITORIOS VINCULADOS A ESTADOS UNIDOS (AMERICA)','231');
insert into `paises` (`nom_pais`, `cod_pais`) values('TERRITORIOS VINCULADOS A FRANCIA (AMERICA)','229');
insert into `paises` (`nom_pais`, `cod_pais`) values('TERRITORIOS VINCULADOS A FRANCIA (AFRICA)','147');
insert into `paises` (`nom_pais`, `cod_pais`) values('TERRITORIOS VINCULADOS A FRANCIA (OCEANIA)','509');
insert into `paises` (`nom_pais`, `cod_pais`) values('TERRITORIOS VINCULADOS A LOS PAISES BAJOS (AMERICA','230');
insert into `paises` (`nom_pais`, `cod_pais`) values('TERRITORIOS VINCULADOS A NUEVA ZELANDA (OCEANIA)','510');
insert into `paises` (`nom_pais`, `cod_pais`) values('TERRITORIOS VINCULADOS A PORTUGAL (ASIA)','344');
insert into `paises` (`nom_pais`, `cod_pais`) values('TERRITORIOS VINCULADOS AL REINO UNIDO (OCEANIA)','508');
insert into `paises` (`nom_pais`, `cod_pais`) values('TERRITORIOS VINCULADOS AL REINO UNIDO (AMERICA)','227');
insert into `paises` (`nom_pais`, `cod_pais`) values('TERRITORIOS VINCULADOS AL REINO UNIDO (AFRICA)','145');
insert into `paises` (`nom_pais`, `cod_pais`) values('TOGO','140');
insert into `paises` (`nom_pais`, `cod_pais`) values('TONGA','519');
insert into `paises` (`nom_pais`, `cod_pais`) values('TRINIDAD Y TOBAGO','224');
insert into `paises` (`nom_pais`, `cod_pais`) values('TUNEZ','141');
insert into `paises` (`nom_pais`, `cod_pais`) values('TURQUIA','436');
insert into `paises` (`nom_pais`, `cod_pais`) values('TUVALU','517');
insert into `paises` (`nom_pais`, `cod_pais`) values('U R S S (EUROPEA)','437');
insert into `paises` (`nom_pais`, `cod_pais`) values('UGANDA','142');
insert into `paises` (`nom_pais`, `cod_pais`) values('UNION DE MYANMAR','304');
insert into `paises` (`nom_pais`, `cod_pais`) values('URSS (ASIATICA)','347');
insert into `paises` (`nom_pais`, `cod_pais`) values('URUGUAY','225');
insert into `paises` (`nom_pais`, `cod_pais`) values('VANUATU','505');
insert into `paises` (`nom_pais`, `cod_pais`) values('VENEZUELA','226');
insert into `paises` (`nom_pais`, `cod_pais`) values('VIETNAM','337');
insert into `paises` (`nom_pais`, `cod_pais`) values('YUGOSLAVIA (SERVIA, MONTENEGRO)','432');
insert into `paises` (`nom_pais`, `cod_pais`) values('ZAIRE','109');
insert into `paises` (`nom_pais`, `cod_pais`) values('ZAMBIA','144');
insert into `paises` (`nom_pais`, `cod_pais`) values('ZIMBABWE','132');

/*!40101 SET SQL_MODE=@OLD_SQL_MODE */;
/*!40014 SET FOREIGN_KEY_CHECKS=@OLD_FOREIGN_KEY_CHECKS */;
/*!40014 SET UNIQUE_CHECKS=@OLD_UNIQUE_CHECKS */;
/*!40111 SET SQL_NOTES=@OLD_SQL_NOTES */;
