"016";"A09X"
"016";"A150"
"016";"A151"
"016";"A152"
"016";"A153"
"016";"A154"
"016";"A155"
"016";"A156"
"016";"A157"
"016";"A158"
"016";"A159"
"016";"A169"
"016";"A170"
"016";"A230"
"016";"A231"
"016";"A232"
"016";"A233"
"016";"A238"
"016";"A239"
"016";"A270"
"016";"A278"
"016";"A279"
"016";"A379"
"016";"A38X"
"016";"A46X"
"016";"A519"
"016";"A539"
"016";"A549"
"016";"A57X"
"016";"A600"
"016";"A879"
"016";"A90X"
"016";"A960"
"016";"B010"
"016";"B011"
"016";"B012"
"016";"B018"
"016";"B019"
"016";"B050"
"016";"B051"
"016";"B052"
"016";"B053"
"016";"B054"
"016";"B058"
"016";"B059"
"016";"B060"
"016";"B068"
"016";"B069"
"016";"B150"
"016";"B159"
"016";"B160"
"016";"B161"
"016";"B162"
"016";"B169"
"016";"B170"
"016";"B171"
"016";"B172"
"016";"B178"
"016";"B199"
"016";"B24X"
"016";"B260"
"016";"B261"
"016";"B262"
"016";"B263"
"016";"B268"
"016";"B269"
"016";"B279"
"016";"B49X"
"016";"B54X"
"016";"B570"
"016";"B571"
"016";"B572"
"016";"B573"
"016";"B574"
"016";"B575"
"016";"B580"
"016";"B581"
"016";"B582"
"016";"B583"
"016";"B588"
"016";"B589"
"016";"B75X"
"016";"B850"
"016";"B851"
"016";"B852"
"016";"B853"
"016";"B854"
"016";"B870"
"016";"B871"
"016";"B872"
"016";"B873"
"016";"B874"
"016";"B878"
"016";"B879"
"016";"C140"
"016";"C142"
"016";"C148"
"016";"C300"
"016";"C301"
"016";"C340"
"016";"C400"
"016";"C401"
"016";"C402"
"016";"C403"
"016";"C408"
"016";"C409"
"016";"C430"
"016";"C431"
"016";"C432"
"016";"C433"
"016";"C434"
"016";"C435"
"016";"C436"
"016";"C437"
"016";"C438"
"016";"C439"
"016";"C500"
"016";"C501"
"016";"C502"
"016";"C503"
"016";"C504"
"016";"C505"
"016";"C506"
"016";"C508"
"016";"C509"
"016";"C530"
"016";"C531"
"016";"C538"
"016";"C539"
"016";"C61X"
"016";"C639"
"016";"C64X"
"016";"C729"
"016";"C73X"
"016";"C760"
"016";"C761"
"016";"C762"
"016";"C763"
"016";"C764"
"016";"C765"
"016";"C767"
"016";"C768"
"016";"C810"
"016";"C811"
"016";"C812"
"016";"C813"
"016";"C817"
"016";"C819"
"016";"C900"
"016";"C901"
"016";"C902"
"016";"C950"
"016";"C951"
"016";"C952"
"016";"C957"
"016";"C959"
"016";"D067"
"016";"D369"
"016";"D649"
"016";"D688"
"016";"D690"
"016";"D691"
"016";"D692"
"016";"D693"
"016";"D694"
"016";"D695"
"016";"D696"
"016";"D698"
"016";"D699"
"016";"D70X"
"016";"D860"
"016";"D861"
"016";"D862"
"016";"D863"
"016";"D868"
"016";"D869"
"016";"E039"
"016";"E059"
"016";"E060"
"016";"E061"
"016";"E062"
"016";"E063"
"016";"E064"
"016";"E065"
"016";"E069"
"016";"E079"
"016";"E100"
"016";"E101"
"016";"E102"
"016";"E103"
"016";"E104"
"016";"E105"
"016";"E106"
"016";"E107"
"016";"E108"
"016";"E109"
"016";"E110"
"016";"E111"
"016";"E112"
"016";"E113"
"016";"E114"
"016";"E115"
"016";"E116"
"016";"E117"
"016";"E118"
"016";"E119"
"016";"E140"
"016";"E141"
"016";"E142"
"016";"E143"
"016";"E144"
"016";"E145"
"016";"E146"
"016";"E147"
"016";"E148"
"016";"E149"
"016";"E209"
"016";"E213"
"016";"E215"
"016";"E237"
"016";"E279"
"016";"E289"
"016";"E309"
"016";"E669"
"016";"E780"
"016";"E781"
"016";"E782"
"016";"E783"
"016";"E784"
"016";"E785"
"016";"E786"
"016";"E788"
"016";"E789"
"016";"F09X"
"016";"F100"
"016";"F101"
"016";"F102"
"016";"F103"
"016";"F104"
"016";"F105"
"016";"F106"
"016";"F107"
"016";"F108"
"016";"F109"
"016";"F170"
"016";"F171"
"016";"F172"
"016";"F173"
"016";"F174"
"016";"F175"
"016";"F176"
"016";"F177"
"016";"F178"
"016";"F179"
"016";"F29X"
"016";"F39X"
"016";"F440"
"016";"F441"
"016";"F442"
"016";"F443"
"016";"F444"
"016";"F445"
"016";"F446"
"016";"F447"
"016";"F448"
"016";"F449"
"016";"F520"
"016";"F521"
"016";"F522"
"016";"F523"
"016";"F524"
"016";"F525"
"016";"F526"
"016";"F527"
"016";"F528"
"016";"F529"
"016";"F69X"
"016";"F700"
"016";"F701"
"016";"F708"
"016";"F709"
"016";"F710"
"016";"F711"
"016";"F718"
"016";"F719"
"016";"F720"
"016";"F721"
"016";"F728"
"016";"F729"
"016";"F730"
"016";"F731"
"016";"F738"
"016";"F739"
"016";"F790"
"016";"F791"
"016";"F798"
"016";"F799"
"016";"F809"
"016";"F819"
"016";"F82X"
"016";"F89X"
"016";"F910"
"016";"F911"
"016";"F912"
"016";"F913"
"016";"F918"
"016";"F919"
"016";"F980"
"016";"F989"
"016";"F99X"
"016";"G030"
"016";"G031"
"016";"G032"
"016";"G038"
"016";"G039"
"016";"G20X"
"016";"G400"
"016";"G401"
"016";"G402"
"016";"G403"
"016";"G404"
"016";"G405"
"016";"G406"
"016";"G407"
"016";"G408"
"016";"G409"
"016";"G440"
"016";"G441"
"016";"G442"
"016";"G443"
"016";"G444"
"016";"G448"
"016";"G510"
"016";"G560"
"016";"G700"
"016";"G701"
"016";"G702"
"016";"G708"
"016";"G709"
"016";"G808"
"016";"G900"
"016";"G901"
"016";"G902"
"016";"G903"
"016";"G908"
"016";"G909"
"016";"G98X"
"016";"H100"
"016";"H101"
"016";"H102"
"016";"H103"
"016";"H104"
"016";"H105"
"016";"H108"
"016";"H109"
"016";"I00X"
"016";"I010"
"016";"I011"
"016";"I012"
"016";"I018"
"016";"I019"
"016";"I10X"
"016";"I150"
"016";"I151"
"016";"I152"
"016";"I158"
"016";"I159"
"016";"I259"
"016";"I499"
"016";"I500"
"016";"I618"
"016";"I64X"
"016";"I678"
"016";"I690"
"016";"I691"
"016";"I692"
"016";"I693"
"016";"I694"
"016";"I698"
"016";"I739"
"016";"I830"
"016";"I849"
"016";"I899"
"016";"J019"
"016";"J050"
"016";"J051"
"016";"J060"
"016";"J068"
"016";"J069"
"016";"J110"
"016";"J111"
"016";"J118"
"016";"J120"
"016";"J121"
"016";"J122"
"016";"J128"
"016";"J129"
"016";"J150"
"016";"J151"
"016";"J152"
"016";"J153"
"016";"J154"
"016";"J155"
"016";"J156"
"016";"J157"
"016";"J158"
"016";"J159"
"016";"J189"
"016";"J200"
"016";"J201"
"016";"J202"
"016";"J203"
"016";"J204"
"016";"J205"
"016";"J206"
"016";"J207"
"016";"J208"
"016";"J209"
"016";"J219"
"016";"J320"
"016";"J321"
"016";"J322"
"016";"J323"
"016";"J324"
"016";"J328"
"016";"J329"
"016";"J370"
"016";"J371"
"016";"J42X"
"016";"J430"
"016";"J431"
"016";"J432"
"016";"J438"
"016";"J439"
"016";"J449"
"016";"J450"
"016";"J451"
"016";"J458"
"016";"J459"
"016";"J47X"
"016";"J64X"
"016";"J960"
"016";"J961"
"016";"J969"
"016";"K250"
"016";"K251"
"016";"K252"
"016";"K253"
"016";"K254"
"016";"K255"
"016";"K256"
"016";"K257"
"016";"K259"
"016";"K260"
"016";"K261"
"016";"K262"
"016";"K263"
"016";"K264"
"016";"K265"
"016";"K266"
"016";"K267"
"016";"K269"
"016";"K290"
"016";"K291"
"016";"K292"
"016";"K293"
"016";"K294"
"016";"K295"
"016";"K296"
"016";"K297"
"016";"K298"
"016";"K299"
"016";"K30X"
"016";"K500"
"016";"K501"
"016";"K508"
"016";"K509"
"016";"K510"
"016";"K511"
"016";"K512"
"016";"K513"
"016";"K514"
"016";"K515"
"016";"K518"
"016";"K519"
"016";"K529"
"016";"K570"
"016";"K571"
"016";"K572"
"016";"K573"
"016";"K574"
"016";"K575"
"016";"K578"
"016";"K579"
"016";"K580"
"016";"K589"
"016";"K900"
"016";"K909"
"016";"K920"
"016";"K921"
"016";"K922"
"016";"K928"
"016";"K929"
"016";"L030"
"016";"L031"
"016";"L032"
"016";"L033"
"016";"L038"
"016";"L039"
"016";"L089"
"016";"L100"
"016";"L101"
"016";"L102"
"016";"L103"
"016";"L104"
"016";"L105"
"016";"L108"
"016";"L109"
"016";"L700"
"016";"L701"
"016";"L702"
"016";"L703"
"016";"L704"
"016";"L705"
"016";"L708"
"016";"L709"
"016";"L80X"
"016";"M009"
"016";"M050"
"016";"M051"
"016";"M052"
"016";"M053"
"016";"M058"
"016";"M059"
"016";"M100"
"016";"M101"
"016";"M102"
"016";"M103"
"016";"M104"
"016";"M109"
"016";"M199"
"016";"M320"
"016";"M321"
"016";"M328"
"016";"M329"
"016";"M419"
"016";"M519"
"016";"M531"
"016";"M544"
"016";"M545"
"016";"M791"
"016";"M799"
"016";"M800"
"016";"M801"
"016";"M802"
"016";"M803"
"016";"M804"
"016";"M805"
"016";"M808"
"016";"M809"
"016";"M840"
"016";"M841"
"016";"M842"
"016";"M843"
"016";"M844"
"016";"M848"
"016";"M849"
"016";"M869"
"016";"M950"
"016";"M951"
"016";"M952"
"016";"M953"
"016";"M954"
"016";"M955"
"016";"M958"
"016";"M959"
"016";"N110"
"016";"N111"
"016";"N118"
"016";"N119"
"016";"N189"
"016";"N19X"
"016";"N300"
"016";"N301"
"016";"N302"
"016";"N303"
"016";"N304"
"016";"N308"
"016";"N309"
"016";"N310"
"016";"N311"
"016";"N312"
"016";"N318"
"016";"N319"
"016";"N341"
"016";"N390"
"016";"N44X"
"016";"N609"
"016";"N62X"
"016";"Q039"
"016";"Q200"
"016";"Q201"
"016";"Q202"
"016";"Q203"
"016";"Q204"
"016";"Q205"
"016";"Q206"
"016";"Q208"
"016";"Q209"
"016";"Q627"
"016";"Q639"
"016";"Q798"
"016";"Q899"
"016";"Q909"
"016";"R072"
"016";"R32X"
"016";"R456"
"016";"R470"
"016";"R471"
"016";"R478"
"016";"R509"
"016";"R560"
"016";"R568"
"016";"R680"
"016";"R681"
"016";"R682"
"016";"R683"
"016";"R688"
"016";"S060"
"016";"S061"
"016";"S062"
"016";"S063"
"016";"S064"
"016";"S065"
"016";"S066"
"016";"S067"
"016";"S068"
"016";"S069"
"016";"T07X"
"016";"T141"
"016";"T609"
"016";"T742"
"016";"T743"
"016";"V892"
"016";"X590"
"016";"X849"
"016";"Y050"
"016";"Y051"
"016";"Y052"
"016";"Y053"
"016";"Y054"
"016";"Y055"
"016";"Y056"
"016";"Y057"
"016";"Y058"
"016";"Y059"
"016";"Y96X"
"016";"Z027"
"016";"Z201"
"016";"Z202"
"016";"Z206"
"016";"Z21X"
"016";"Z550"
"016";"Z560"
"016";"Z570"
"016";"Z571"
"016";"Z572"
"016";"Z573"
"016";"Z574"
"016";"Z575"
"016";"Z576"
"016";"Z577"
"016";"Z578"
"016";"Z579"
"016";"Z590"
"016";"Z592"
"016";"Z597"
"016";"Z599"
"016";"Z630"
"016";"Z631"
"016";"Z632"
"016";"Z633"
"016";"Z634"
"016";"Z635"
"016";"Z636"
"016";"Z637"
"016";"Z638"
"016";"Z639"
"016";"Z721"
"016";"Z722"
"016";"Z754"
"016";"Z760"
"028";"A09X"
"028";"A169"
"028";"A519"
"028";"A539"
"028";"A549"
"028";"A55X"
"028";"A561"
"028";"A57X"
"028";"A58X"
"028";"A590"
"028";"A600"
"028";"B24X"
"028";"B370"
"028";"B371"
"028";"B372"
"028";"B373"
"028";"B374"
"028";"B375"
"028";"B376"
"028";"B377"
"028";"B378"
"028";"B379"
"028";"C500"
"028";"C501"
"028";"C502"
"028";"C503"
"028";"C504"
"028";"C505"
"028";"C506"
"028";"C508"
"028";"C509"
"028";"C539"
"028";"C760"
"028";"C761"
"028";"C762"
"028";"C763"
"028";"C764"
"028";"C765"
"028";"C767"
"028";"C768"
"028";"D067"
"028";"D369"
"028";"D649"
"028";"D690"
"028";"D691"
"028";"D692"
"028";"D693"
"028";"D694"
"028";"D695"
"028";"D696"
"028";"D698"
"028";"D699"
"028";"E079"
"028";"E100"
"028";"E101"
"028";"E102"
"028";"E103"
"028";"E104"
"028";"E105"
"028";"E106"
"028";"E107"
"028";"E108"
"028";"E109"
"028";"E110"
"028";"E111"
"028";"E112"
"028";"E113"
"028";"E114"
"028";"E115"
"028";"E116"
"028";"E117"
"028";"E118"
"028";"E119"
"028";"E140"
"028";"E141"
"028";"E142"
"028";"E143"
"028";"E144"
"028";"E145"
"028";"E146"
"028";"E147"
"028";"E148"
"028";"E149"
"028";"E237"
"028";"E279"
"028";"E289"
"028";"E309"
"028";"E780"
"028";"E781"
"028";"E782"
"028";"E783"
"028";"E784"
"028";"E785"
"028";"E786"
"028";"E788"
"028";"E789"
"028";"F100"
"028";"F101"
"028";"F102"
"028";"F103"
"028";"F104"
"028";"F105"
"028";"F106"
"028";"F107"
"028";"F108"
"028";"F109"
"028";"F170"
"028";"F171"
"028";"F172"
"028";"F173"
"028";"F174"
"028";"F175"
"028";"F176"
"028";"F177"
"028";"F178"
"028";"F179"
"028";"F444"
"028";"F520"
"028";"F521"
"028";"F522"
"028";"F523"
"028";"F524"
"028";"F525"
"028";"F526"
"028";"F527"
"028";"F528"
"028";"F529"
"028";"F790"
"028";"F791"
"028";"F798"
"028";"F799"
"028";"F809"
"028";"N300"
"028";"N301"
"028";"N302"
"028";"N303"
"028";"N304"
"028";"N308"
"028";"N309"
"028";"N609"
"028";"N63X"
"028";"N72X"
"028";"N739"
"028";"N760"
"028";"N761"
"028";"N762"
"028";"N763"
"028";"N764"
"028";"N765"
"028";"N766"
"028";"N768"
"028";"N809"
"028";"N819"
"028";"N850"
"028";"N851"
"028";"N852"
"028";"N853"
"028";"N854"
"028";"N855"
"028";"N856"
"028";"N857"
"028";"N858"
"028";"N859"
"028";"N898"
"028";"N912"
"028";"N920"
"028";"N921"
"028";"N922"
"028";"N923"
"028";"N924"
"028";"N925"
"028";"N926"
"028";"N930"
"028";"N938"
"028";"N939"
"028";"N940"
"028";"N941"
"028";"N942"
"028";"N943"
"028";"N944"
"028";"N945"
"028";"N946"
"028";"N948"
"028";"N949"
"028";"N959"
"028";"O000"
"028";"O001"
"028";"O002"
"028";"O008"
"028";"O009"
"028";"O010"
"028";"O011"
"028";"O019"
"028";"O045"
"028";"O200"
"028";"O910"
"028";"O911"
"028";"O912"
"028";"R32X"
"028";"R456"
"028";"T742"
"028";"T743"
"028";"Y050"
"028";"Y051"
"028";"Y052"
"028";"Y053"
"028";"Y054"
"028";"Y055"
"028";"Y056"
"028";"Y057"
"028";"Y058"
"028";"Y059"
"028";"Z014"
"028";"Z202"
"028";"Z206"
"028";"Z21X"
"028";"Z300"
"028";"Z301"
"028";"Z302"
"028";"Z303"
"028";"Z304"
"028";"Z305"
"028";"Z308"
"028";"Z309"
"028";"Z340"
"028";"Z348"
"028";"Z349"
"028";"Z390"
"028";"Z391"
"028";"Z392"
"028";"Z590"
"028";"Z591"
"028";"Z592"
"028";"Z593"
"028";"Z594"
"028";"Z595"
"028";"Z596"
"028";"Z597"
"028";"Z598"
"028";"Z599"
"028";"Z639"
"028";"Z640"
"028";"Z720"
"028";"Z721"
"028";"Z722"
"028";"Z723"
"028";"Z724"
"028";"Z725"
"028";"Z726"
"028";"Z728"
"028";"Z729"
"028";"Z753"
"041";"A519"
"041";"A539"
"041";"A549"
"041";"A55X"
"041";"A561"
"041";"A57X"
"041";"A58X"
"041";"A590"
"041";"A600"
"041";"B010"
"041";"B011"
"041";"B012"
"041";"B018"
"041";"B019"
"041";"B060"
"041";"B068"
"041";"B069"
"041";"B199"
"041";"B24X"
"041";"C500"
"041";"C501"
"041";"C502"
"041";"C503"
"041";"C504"
"041";"C505"
"041";"C506"
"041";"C508"
"041";"C509"
"041";"C539"
"041";"C760"
"041";"C761"
"041";"C762"
"041";"C763"
"041";"C764"
"041";"C765"
"041";"C767"
"041";"C768"
"041";"D067"
"041";"D369"
"041";"D649"
"041";"D688"
"041";"D690"
"041";"D691"
"041";"D692"
"041";"D693"
"041";"D694"
"041";"D695"
"041";"D696"
"041";"D698"
"041";"D699"
"041";"E079"
"041";"E100"
"041";"E101"
"041";"E102"
"041";"E103"
"041";"E104"
"041";"E105"
"041";"E106"
"041";"E107"
"041";"E108"
"041";"E109"
"041";"E110"
"041";"E111"
"041";"E112"
"041";"E113"
"041";"E114"
"041";"E115"
"041";"E116"
"041";"E117"
"041";"E118"
"041";"E119"
"041";"E140"
"041";"E141"
"041";"E142"
"041";"E143"
"041";"E144"
"041";"E145"
"041";"E146"
"041";"E147"
"041";"E148"
"041";"E149"
"041";"E237"
"041";"E279"
"041";"E289"
"041";"E309"
"041";"E669"
"041";"E780"
"041";"E781"
"041";"E782"
"041";"E783"
"041";"E784"
"041";"E785"
"041";"E786"
"041";"E788"
"041";"E789"
"041";"F100"
"041";"F101"
"041";"F102"
"041";"F103"
"041";"F104"
"041";"F105"
"041";"F106"
"041";"F107"
"041";"F108"
"041";"F109"
"041";"F170"
"041";"F171"
"041";"F172"
"041";"F173"
"041";"F174"
"041";"F175"
"041";"F176"
"041";"F177"
"041";"F178"
"041";"F179"
"041";"F444"
"041";"F520"
"041";"F521"
"041";"F522"
"041";"F523"
"041";"F524"
"041";"F525"
"041";"F526"
"041";"F527"
"041";"F528"
"041";"F529"
"041";"F790"
"041";"F791"
"041";"F798"
"041";"F799"
"041";"F809"
"041";"I499"
"041";"I849"
"041";"I899"
"041";"K590"
"041";"K710"
"041";"N189"
"041";"N19X"
"041";"N300"
"041";"N301"
"041";"N302"
"041";"N303"
"041";"N304"
"041";"N308"
"041";"N309"
"041";"N609"
"041";"N63X"
"041";"N72X"
"041";"N739"
"041";"N760"
"041";"N761"
"041";"N762"
"041";"N763"
"041";"N764"
"041";"N765"
"041";"N766"
"041";"N768"
"041";"N809"
"041";"N819"
"041";"N850"
"041";"N851"
"041";"N852"
"041";"N853"
"041";"N854"
"041";"N855"
"041";"N856"
"041";"N857"
"041";"N858"
"041";"N859"
"041";"N898"
"041";"N912"
"041";"N920"
"041";"N921"
"041";"N922"
"041";"N923"
"041";"N924"
"041";"N925"
"041";"N926"
"041";"N930"
"041";"N938"
"041";"N939"
"041";"N940"
"041";"N941"
"041";"N942"
"041";"N943"
"041";"N944"
"041";"N945"
"041";"N946"
"041";"N948"
"041";"N949"
"041";"N959"
"041";"O000"
"041";"O001"
"041";"O002"
"041";"O008"
"041";"O009"
"041";"O010"
"041";"O011"
"041";"O019"
"041";"O045"
"041";"O100"
"041";"O101"
"041";"O102"
"041";"O103"
"041";"O104"
"041";"O109"
"041";"O13X"
"041";"O140"
"041";"O141"
"041";"O149"
"041";"O150"
"041";"O151"
"041";"O152"
"041";"O159"
"041";"O16X"
"041";"O200"
"041";"O300"
"041";"O301"
"041";"O302"
"041";"O308"
"041";"O309"
"041";"O360"
"041";"O40X"
"041";"O410"
"041";"O440"
"041";"O441"
"041";"O60X"
"041";"O910"
"041";"O911"
"041";"O912"
"041";"P050"
"041";"P051"
"041";"P052"
"041";"P059"
"041";"P371"
"041";"R32X"
"041";"R456"
"041";"R51X"
"041";"R568"
"041";"R827"
"041";"T742"
"041";"T743"
"041";"Y050"
"041";"Y051"
"041";"Y052"
"041";"Y053"
"041";"Y054"
"041";"Y055"
"041";"Y056"
"041";"Y057"
"041";"Y058"
"041";"Y059"
"041";"Z014"
"041";"Z202"
"041";"Z206"
"041";"Z21X"
"041";"Z300"
"041";"Z301"
"041";"Z302"
"041";"Z303"
"041";"Z304"
"041";"Z305"
"041";"Z308"
"041";"Z309"
"041";"Z340"
"041";"Z348"
"041";"Z349"
"041";"Z350"
"041";"Z351"
"041";"Z352"
"041";"Z353"
"041";"Z354"
"041";"Z355"
"041";"Z356"
"041";"Z357"
"041";"Z358"
"041";"Z359"
"041";"Z390"
"041";"Z391"
"041";"Z392"
"041";"Z590"
"041";"Z591"
"041";"Z592"
"041";"Z593"
"041";"Z594"
"041";"Z595"
"041";"Z596"
"041";"Z597"
"041";"Z598"
"041";"Z599"
"041";"Z639"
"041";"Z640"
"041";"Z720"
"041";"Z721"
"041";"Z722"
"041";"Z723"
"041";"Z724"
"041";"Z725"
"041";"Z726"
"041";"Z728"
"041";"Z729"
"041";"Z753"
"042";"A169"
"042";"A519"
"042";"A539"
"042";"A549"
"042";"A57X"
"042";"A600"
"042";"B010"
"042";"B011"
"042";"B012"
"042";"B018"
"042";"B019"
"042";"B060"
"042";"B068"
"042";"B069"
"042";"B199"
"042";"B24X"
"042";"B260"
"042";"B261"
"042";"B262"
"042";"B263"
"042";"B268"
"042";"B269"
"042";"B570"
"042";"B571"
"042";"B572"
"042";"B573"
"042";"B574"
"042";"B575"
"042";"B580"
"042";"B581"
"042";"B582"
"042";"B583"
"042";"B588"
"042";"B589"
"042";"D688"
"042";"E100"
"042";"E101"
"042";"E102"
"042";"E103"
"042";"E104"
"042";"E105"
"042";"E106"
"042";"E107"
"042";"E108"
"042";"E109"
"042";"E110"
"042";"E111"
"042";"E112"
"042";"E113"
"042";"E114"
"042";"E115"
"042";"E116"
"042";"E117"
"042";"E118"
"042";"E119"
"042";"E140"
"042";"E141"
"042";"E142"
"042";"E143"
"042";"E144"
"042";"E145"
"042";"E146"
"042";"E147"
"042";"E148"
"042";"E149"
"042";"E660"
"042";"E661"
"042";"E662"
"042";"E668"
"042";"E669"
"042";"E780"
"042";"E781"
"042";"E782"
"042";"E783"
"042";"E784"
"042";"E785"
"042";"E786"
"042";"E788"
"042";"E789"
"042";"I499"
"042";"I849"
"042";"I899"
"042";"K590"
"042";"K710"
"042";"N189"
"042";"N19X"
"042";"O000"
"042";"O001"
"042";"O002"
"042";"O008"
"042";"O009"
"042";"O010"
"042";"O011"
"042";"O019"
"042";"O045"
"042";"O100"
"042";"O101"
"042";"O102"
"042";"O103"
"042";"O104"
"042";"O109"
"042";"O13X"
"042";"O140"
"042";"O141"
"042";"O149"
"042";"O150"
"042";"O151"
"042";"O152"
"042";"O159"
"042";"O16X"
"042";"O200"
"042";"O300"
"042";"O301"
"042";"O302"
"042";"O308"
"042";"O309"
"042";"O360"
"042";"O40X"
"042";"O410"
"042";"O440"
"042";"O441"
"042";"O60X"
"042";"O910"
"042";"O911"
"042";"O912"
"042";"P050"
"042";"P051"
"042";"P052"
"042";"P059"
"042";"P371"
"042";"R32X"
"042";"R456"
"042";"R51X"
"042";"R568"
"042";"R827"
"042";"Z340"
"042";"Z348"
"042";"Z349"
"042";"Z350"
"042";"Z351"
"042";"Z352"
"042";"Z353"
"042";"Z354"
"042";"Z355"
"042";"Z356"
"042";"Z357"
"042";"Z358"
"042";"Z359"
"042";"Z390"
"042";"Z391"
"042";"Z392"
"042";"Z590"
"042";"Z591"
"042";"Z592"
"042";"Z593"
"042";"Z594"
"042";"Z595"
"042";"Z596"
"042";"Z597"
"042";"Z598"
"042";"Z599"
"042";"Z639"
"042";"Z640"
"042";"Z720"
"042";"Z721"
"042";"Z722"
"042";"Z723"
"042";"Z724"
"042";"Z725"
"042";"Z726"
"042";"Z728"
"042";"Z729"
"042";"Z753"
"043";"K000"
"043";"K001"
"043";"K002"
"043";"K003"
"043";"K004"
"043";"K005"
"043";"K006"
"043";"K007"
"043";"K008"
"043";"K009"
"043";"K020"
"043";"K021"
"043";"K022"
"043";"K023"
"043";"K024"
"043";"K028"
"043";"K029"
"043";"K030"
"043";"K031"
"043";"K032"
"043";"K033"
"043";"K034"
"043";"K035"
"043";"K036"
"043";"K037"
"043";"K038"
"043";"K039"
"043";"K040"
"043";"K041"
"043";"K042"
"043";"K043"
"043";"K044"
"043";"K045"
"043";"K046"
"043";"K047"
"043";"K048"
"043";"K049"
"043";"K050"
"043";"K051"
"043";"K052"
"043";"K053"
"043";"K054"
"043";"K055"
"043";"K056"
"043";"K060"
"043";"K061"
"043";"K062"
"043";"K068"
"043";"K069"
"043";"K070"
"043";"K071"
"043";"K072"
"043";"K073"
"043";"K074"
"043";"K075"
"043";"K076"
"043";"K078"
"043";"K079"
"043";"K090"
"043";"K091"
"043";"K092"
"043";"K098"
"043";"K099"
"043";"K100"
"043";"K101"
"043";"K102"
"043";"K103"
"043";"K108"
"043";"K109"
"043";"K110"
"043";"K111"
"043";"K112"
"043";"K113"
"043";"K114"
"043";"K115"
"043";"K116"
"043";"K117"
"043";"K118"
"043";"K119"
"043";"K120"
"043";"K121"
"043";"K122"
"043";"K130"
"043";"K131"
"043";"K132"
"043";"K133"
"043";"K134"
"043";"K135"
"043";"K136"
"043";"K137"
"043";"K140"
"043";"K141"
"043";"K142"
"043";"K143"
"043";"K144"
"043";"K145"
"043";"K146"
"043";"K148"
"043";"K149"
"057";"E140"
"057";"E141"
"057";"E142"
"057";"E143"
"057";"E144"
"057";"E145"
"057";"E146"
"057";"E147"
"057";"E148"
"057";"E149"
"057";"E289"
"057";"E669"
"057";"G400"
"057";"G401"
"057";"G402"
"057";"G403"
"057";"G404"
"057";"G405"
"057";"G406"
"057";"G407"
"057";"G408"
"057";"G409"
"057";"G98X"
"057";"H540"
"057";"H541"
"057";"H542"
"057";"H543"
"057";"H544"
"057";"H545"
"057";"H546"
"057";"H547"
"057";"K900"
"057";"X849"
"057";"Z559"
"057";"Z630"
"057";"Z631"
"057";"Z632"
"057";"Z633"
"057";"Z634"
"057";"Z635"
"057";"Z636"
"057";"Z637"
"057";"Z638"
"057";"Z639"
"099";"A09X"
"099";"A150"
"099";"A151"
"099";"A152"
"099";"A153"
"099";"A154"
"099";"A155"
"099";"A156"
"099";"A157"
"099";"A158"
"099";"A159"
"099";"A169"
"099";"A170"
"099";"A230"
"099";"A231"
"099";"A232"
"099";"A233"
"099";"A238"
"099";"A239"
"099";"A270"
"099";"A278"
"099";"A279"
"099";"A379"
"099";"A38X"
"099";"A46X"
"099";"A519"
"099";"A539"
"099";"A549"
"099";"A57X"
"099";"A590"
"099";"A600"
"099";"A879"
"099";"A90X"
"099";"A960"
"099";"B010"
"099";"B011"
"099";"B012"
"099";"B018"
"099";"B019"
"099";"B050"
"099";"B051"
"099";"B052"
"099";"B053"
"099";"B054"
"099";"B058"
"099";"B059"
"099";"B060"
"099";"B068"
"099";"B069"
"099";"B150"
"099";"B159"
"099";"B160"
"099";"B161"
"099";"B162"
"099";"B169"
"099";"B170"
"099";"B171"
"099";"B172"
"099";"B178"
"099";"B199"
"099";"B24X"
"099";"B260"
"099";"B261"
"099";"B262"
"099";"B263"
"099";"B268"
"099";"B269"
"099";"B279"
"099";"B369"
"099";"B370"
"099";"B371"
"099";"B372"
"099";"B373"
"099";"B374"
"099";"B375"
"099";"B376"
"099";"B377"
"099";"B378"
"099";"B379"
"099";"B49X"
"099";"B54X"
"099";"B570"
"099";"B571"
"099";"B572"
"099";"B573"
"099";"B574"
"099";"B575"
"099";"B580"
"099";"B581"
"099";"B582"
"099";"B583"
"099";"B588"
"099";"B589"
"099";"B75X"
"099";"B820"
"099";"B829"
"099";"B850"
"099";"B851"
"099";"B852"
"099";"B853"
"099";"B854"
"099";"B870"
"099";"B871"
"099";"B872"
"099";"B873"
"099";"B874"
"099";"B878"
"099";"B879"
"099";"C140"
"099";"C142"
"099";"C148"
"099";"C300"
"099";"C301"
"099";"C340"
"099";"C400"
"099";"C401"
"099";"C402"
"099";"C403"
"099";"C408"
"099";"C409"
"099";"C430"
"099";"C431"
"099";"C432"
"099";"C433"
"099";"C434"
"099";"C435"
"099";"C436"
"099";"C437"
"099";"C438"
"099";"C439"
"099";"C500"
"099";"C501"
"099";"C502"
"099";"C503"
"099";"C504"
"099";"C505"
"099";"C506"
"099";"C508"
"099";"C509"
"099";"C530"
"099";"C531"
"099";"C538"
"099";"C539"
"099";"C61X"
"099";"C639"
"099";"C64X"
"099";"C689"
"099";"C729"
"099";"C73X"
"099";"C760"
"099";"C761"
"099";"C762"
"099";"C763"
"099";"C764"
"099";"C765"
"099";"C767"
"099";"C768"
"099";"C80X"
"099";"C810"
"099";"C811"
"099";"C812"
"099";"C813"
"099";"C817"
"099";"C819"
"099";"C850"
"099";"C851"
"099";"C857"
"099";"C859"
"099";"C900"
"099";"C901"
"099";"C902"
"099";"C950"
"099";"C951"
"099";"C952"
"099";"C957"
"099";"C959"
"099";"C969"
"099";"D067"
"099";"D369"
"099";"D500"
"099";"D501"
"099";"D508"
"099";"D509"
"099";"D649"
"099";"D688"
"099";"D689"
"099";"D690"
"099";"D691"
"099";"D692"
"099";"D693"
"099";"D694"
"099";"D695"
"099";"D696"
"099";"D698"
"099";"D699"
"099";"D70X"
"099";"D759"
"099";"D869"
"099";"D899"
"099";"E039"
"099";"E059"
"099";"E060"
"099";"E061"
"099";"E062"
"099";"E063"
"099";"E064"
"099";"E065"
"099";"E069"
"099";"E079"
"099";"E100"
"099";"E101"
"099";"E102"
"099";"E103"
"099";"E104"
"099";"E105"
"099";"E106"
"099";"E107"
"099";"E108"
"099";"E109"
"099";"E110"
"099";"E111"
"099";"E112"
"099";"E113"
"099";"E114"
"099";"E115"
"099";"E116"
"099";"E117"
"099";"E118"
"099";"E119"
"099";"E140"
"099";"E141"
"099";"E142"
"099";"E143"
"099";"E144"
"099";"E145"
"099";"E146"
"099";"E147"
"099";"E148"
"099";"E149"
"099";"E209"
"099";"E213"
"099";"E215"
"099";"E237"
"099";"E279"
"099";"E289"
"099";"E309"
"099";"E340"
"099";"E341"
"099";"E342"
"099";"E343"
"099";"E344"
"099";"E345"
"099";"E348"
"099";"E349"
"099";"E43X"
"099";"E46X"
"099";"E639"
"099";"E640"
"099";"E641"
"099";"E642"
"099";"E643"
"099";"E648"
"099";"E649"
"099";"E660"
"099";"E661"
"099";"E662"
"099";"E668"
"099";"E669"
"099";"E780"
"099";"E781"
"099";"E782"
"099";"E783"
"099";"E784"
"099";"E785"
"099";"E786"
"099";"E788"
"099";"E789"
"099";"F09X"
"099";"F100"
"099";"F101"
"099";"F102"
"099";"F103"
"099";"F104"
"099";"F105"
"099";"F106"
"099";"F107"
"099";"F108"
"099";"F109"
"099";"F170"
"099";"F171"
"099";"F172"
"099";"F173"
"099";"F174"
"099";"F175"
"099";"F176"
"099";"F177"
"099";"F178"
"099";"F179"
"099";"F29X"
"099";"F39X"
"099";"F440"
"099";"F441"
"099";"F442"
"099";"F443"
"099";"F444"
"099";"F445"
"099";"F446"
"099";"F447"
"099";"F448"
"099";"F449"
"099";"F459"
"099";"F509"
"099";"F520"
"099";"F521"
"099";"F522"
"099";"F523"
"099";"F524"
"099";"F525"
"099";"F526"
"099";"F527"
"099";"F528"
"099";"F529"
"099";"F602"
"099";"F69X"
"099";"F700"
"099";"F701"
"099";"F708"
"099";"F709"
"099";"F710"
"099";"F711"
"099";"F718"
"099";"F719"
"099";"F720"
"099";"F721"
"099";"F728"
"099";"F729"
"099";"F730"
"099";"F731"
"099";"F738"
"099";"F739"
"099";"F790"
"099";"F791"
"099";"F798"
"099";"F799"
"099";"F809"
"099";"F819"
"099";"F82X"
"099";"F89X"
"099";"F910"
"099";"F911"
"099";"F912"
"099";"F913"
"099";"F918"
"099";"F919"
"099";"F980"
"099";"F989"
"099";"F99X"
"099";"G030"
"099";"G031"
"099";"G032"
"099";"G038"
"099";"G039"
"099";"G050"
"099";"G051"
"099";"G052"
"099";"G058"
"099";"G20X"
"099";"G400"
"099";"G401"
"099";"G402"
"099";"G403"
"099";"G404"
"099";"G405"
"099";"G406"
"099";"G407"
"099";"G408"
"099";"G409"
"099";"G440"
"099";"G441"
"099";"G442"
"099";"G443"
"099";"G444"
"099";"G448"
"099";"G510"
"099";"G560"
"099";"G610"
"099";"G629"
"099";"G700"
"099";"G701"
"099";"G702"
"099";"G708"
"099";"G709"
"099";"G808"
"099";"G900"
"099";"G901"
"099";"G902"
"099";"G903"
"099";"G908"
"099";"G909"
"099";"G919"
"099";"G98X"
"099";"H100"
"099";"H101"
"099";"H102"
"099";"H103"
"099";"H104"
"099";"H105"
"099";"H108"
"099";"H109"
"099";"H119"
"099";"H520"
"099";"H521"
"099";"H522"
"099";"H523"
"099";"H524"
"099";"H525"
"099";"H526"
"099";"H527"
"099";"H540"
"099";"H541"
"099";"H542"
"099";"H543"
"099";"H544"
"099";"H545"
"099";"H546"
"099";"H547"
"099";"H609"
"099";"H650"
"099";"H651"
"099";"H652"
"099";"H653"
"099";"H654"
"099";"H659"
"099";"H660"
"099";"H661"
"099";"H662"
"099";"H663"
"099";"H664"
"099";"H669"
"099";"H919"
"099";"I00X"
"099";"I010"
"099";"I011"
"099";"I012"
"099";"I018"
"099";"I019"
"099";"I10X"
"099";"I150"
"099";"I151"
"099";"I152"
"099";"I158"
"099";"I159"
"099";"I259"
"099";"I499"
"099";"I500"
"099";"I501"
"099";"I509"
"099";"I519"
"099";"I618"
"099";"I64X"
"099";"I678"
"099";"I690"
"099";"I691"
"099";"I692"
"099";"I693"
"099";"I694"
"099";"I698"
"099";"I739"
"099";"I830"
"099";"I849"
"099";"I899"
"099";"J019"
"099";"J050"
"099";"J051"
"099";"J060"
"099";"J068"
"099";"J069"
"099";"J110"
"099";"J111"
"099";"J118"
"099";"J120"
"099";"J121"
"099";"J122"
"099";"J128"
"099";"J129"
"099";"J150"
"099";"J151"
"099";"J152"
"099";"J153"
"099";"J154"
"099";"J155"
"099";"J156"
"099";"J157"
"099";"J158"
"099";"J159"
"099";"J189"
"099";"J200"
"099";"J201"
"099";"J202"
"099";"J203"
"099";"J204"
"099";"J205"
"099";"J206"
"099";"J207"
"099";"J208"
"099";"J209"
"099";"J219"
"099";"J320"
"099";"J321"
"099";"J322"
"099";"J323"
"099";"J324"
"099";"J328"
"099";"J329"
"099";"J370"
"099";"J371"
"099";"J42X"
"099";"J430"
"099";"J431"
"099";"J432"
"099";"J438"
"099";"J439"
"099";"J449"
"099";"J450"
"099";"J451"
"099";"J458"
"099";"J459"
"099";"J47X"
"099";"J64X"
"099";"J960"
"099";"J961"
"099";"J969"
"099";"K250"
"099";"K251"
"099";"K252"
"099";"K253"
"099";"K254"
"099";"K255"
"099";"K256"
"099";"K257"
"099";"K259"
"099";"K260"
"099";"K261"
"099";"K262"
"099";"K263"
"099";"K264"
"099";"K265"
"099";"K266"
"099";"K267"
"099";"K269"
"099";"K290"
"099";"K291"
"099";"K292"
"099";"K293"
"099";"K294"
"099";"K295"
"099";"K296"
"099";"K297"
"099";"K298"
"099";"K299"
"099";"K30X"
"099";"K469"
"099";"K500"
"099";"K501"
"099";"K508"
"099";"K509"
"099";"K510"
"099";"K511"
"099";"K512"
"099";"K513"
"099";"K514"
"099";"K515"
"099";"K518"
"099";"K519"
"099";"K529"
"099";"K570"
"099";"K571"
"099";"K572"
"099";"K573"
"099";"K574"
"099";"K575"
"099";"K578"
"099";"K579"
"099";"K580"
"099";"K589"
"099";"K590"
"099";"K599"
"099";"K650"
"099";"K658"
"099";"K659"
"099";"K710"
"099";"K900"
"099";"K909"
"099";"K920"
"099";"K921"
"099";"K922"
"099";"K928"
"099";"K929"
"099";"L010"
"099";"L011"
"099";"L020"
"099";"L021"
"099";"L022"
"099";"L023"
"099";"L024"
"099";"L028"
"099";"L029"
"099";"L030"
"099";"L031"
"099";"L032"
"099";"L033"
"099";"L038"
"099";"L039"
"099";"L089"
"099";"L100"
"099";"L101"
"099";"L102"
"099";"L103"
"099";"L104"
"099";"L105"
"099";"L108"
"099";"L109"
"099";"L139"
"099";"L200"
"099";"L208"
"099";"L209"
"099";"L22X"
"099";"L230"
"099";"L231"
"099";"L232"
"099";"L233"
"099";"L234"
"099";"L235"
"099";"L236"
"099";"L237"
"099";"L238"
"099";"L239"
"099";"L449"
"099";"L509"
"099";"L600"
"099";"L601"
"099";"L602"
"099";"L603"
"099";"L604"
"099";"L605"
"099";"L608"
"099";"L609"
"099";"L660"
"099";"L661"
"099";"L662"
"099";"L663"
"099";"L664"
"099";"L668"
"099";"L669"
"099";"L700"
"099";"L701"
"099";"L702"
"099";"L703"
"099";"L704"
"099";"L705"
"099";"L708"
"099";"L709"
"099";"L80X"
"099";"L989"
"099";"M009"
"099";"M050"
"099";"M051"
"099";"M052"
"099";"M053"
"099";"M058"
"099";"M059"
"099";"M100"
"099";"M101"
"099";"M102"
"099";"M103"
"099";"M104"
"099";"M109"
"099";"M199"
"099";"M320"
"099";"M321"
"099";"M328"
"099";"M329"
"099";"M410"
"099";"M411"
"099";"M412"
"099";"M413"
"099";"M414"
"099";"M415"
"099";"M418"
"099";"M419"
"099";"M439"
"099";"M519"
"099";"M531"
"099";"M544"
"099";"M545"
"099";"M791"
"099";"M799"
"099";"M800"
"099";"M801"
"099";"M802"
"099";"M803"
"099";"M804"
"099";"M805"
"099";"M808"
"099";"M809"
"099";"M840"
"099";"M841"
"099";"M842"
"099";"M843"
"099";"M844"
"099";"M848"
"099";"M849"
"099";"M869"
"099";"M950"
"099";"M951"
"099";"M952"
"099";"M953"
"099";"M954"
"099";"M955"
"099";"M958"
"099";"M959"
"099";"N000"
"099";"N001"
"099";"N002"
"099";"N003"
"099";"N004"
"099";"N005"
"099";"N006"
"099";"N007"
"099";"N008"
"099";"N009"
"099";"N030"
"099";"N031"
"099";"N032"
"099";"N033"
"099";"N034"
"099";"N035"
"099";"N036"
"099";"N037"
"099";"N038"
"099";"N039"
"099";"N110"
"099";"N111"
"099";"N118"
"099";"N119"
"099";"N170"
"099";"N171"
"099";"N172"
"099";"N178"
"099";"N179"
"099";"N180"
"099";"N188"
"099";"N189"
"099";"N19X"
"099";"N300"
"099";"N301"
"099";"N302"
"099";"N303"
"099";"N304"
"099";"N308"
"099";"N309"
"099";"N310"
"099";"N311"
"099";"N312"
"099";"N318"
"099";"N319"
"099";"N341"
"099";"N390"
"099";"N399"
"099";"N44X"
"099";"N609"
"099";"N62X"
"099";"N63X"
"099";"N72X"
"099";"N739"
"099";"N760"
"099";"N761"
"099";"N762"
"099";"N763"
"099";"N764"
"099";"N765"
"099";"N766"
"099";"N768"
"099";"N809"
"099";"N819"
"099";"N850"
"099";"N851"
"099";"N852"
"099";"N853"
"099";"N854"
"099";"N855"
"099";"N856"
"099";"N857"
"099";"N858"
"099";"N859"
"099";"N898"
"099";"N912"
"099";"N930"
"099";"N938"
"099";"N939"
"099";"N940"
"099";"N941"
"099";"N942"
"099";"N943"
"099";"N944"
"099";"N945"
"099";"N946"
"099";"N948"
"099";"N949"
"099";"N959"
"099";"O000"
"099";"O001"
"099";"O002"
"099";"O008"
"099";"O009"
"099";"O010"
"099";"O011"
"099";"O019"
"099";"O045"
"099";"O100"
"099";"O101"
"099";"O102"
"099";"O103"
"099";"O104"
"099";"O109"
"099";"O13X"
"099";"O140"
"099";"O141"
"099";"O149"
"099";"O150"
"099";"O151"
"099";"O152"
"099";"O159"
"099";"O16X"
"099";"O200"
"099";"O300"
"099";"O301"
"099";"O302"
"099";"O308"
"099";"O309"
"099";"O350"
"099";"O351"
"099";"O352"
"099";"O353"
"099";"O354"
"099";"O355"
"099";"O356"
"099";"O357"
"099";"O358"
"099";"O359"
"099";"O360"
"099";"O40X"
"099";"O410"
"099";"O440"
"099";"O441"
"099";"O60X"
"099";"O910"
"099";"O911"
"099";"O912"
"099";"P050"
"099";"P051"
"099";"P052"
"099";"P059"
"099";"P371"
"099";"P599"
"099";"P969"
"099";"Q039"
"099";"Q049"
"099";"Q100"
"099";"Q101"
"099";"Q102"
"099";"Q103"
"099";"Q104"
"099";"Q105"
"099";"Q106"
"099";"Q107"
"099";"Q200"
"099";"Q201"
"099";"Q202"
"099";"Q203"
"099";"Q204"
"099";"Q205"
"099";"Q206"
"099";"Q208"
"099";"Q209"
"099";"Q340"
"099";"Q341"
"099";"Q348"
"099";"Q349"
"099";"Q379"
"099";"Q390"
"099";"Q391"
"099";"Q392"
"099";"Q393"
"099";"Q394"
"099";"Q395"
"099";"Q396"
"099";"Q398"
"099";"Q399"
"099";"Q459"
"099";"Q610"
"099";"Q611"
"099";"Q612"
"099";"Q613"
"099";"Q614"
"099";"Q615"
"099";"Q618"
"099";"Q619"
"099";"Q627"
"099";"Q639"
"099";"Q649"
"099";"Q650"
"099";"Q651"
"099";"Q652"
"099";"Q653"
"099";"Q654"
"099";"Q655"
"099";"Q656"
"099";"Q658"
"099";"Q659"
"099";"Q798"
"099";"Q799"
"099";"Q899"
"099";"Q909"
"099";"R040"
"099";"R041"
"099";"R042"
"099";"R048"
"099";"R049"
"099";"R05X"
"099";"R060"
"099";"R061"
"099";"R062"
"099";"R063"
"099";"R064"
"099";"R065"
"099";"R066"
"099";"R067"
"099";"R068"
"099";"R072"
"099";"R100"
"099";"R101"
"099";"R102"
"099";"R103"
"099";"R104"
"099";"R17X"
"099";"R31X"
"099";"R32X"
"099";"R456"
"099";"R470"
"099";"R471"
"099";"R478"
"099";"R500"
"099";"R509"
"099";"R51X"
"099";"R560"
"099";"R568"
"099";"R590"
"099";"R591"
"099";"R599"
"099";"R680"
"099";"R681"
"099";"R682"
"099";"R683"
"099";"R688"
"099";"R827"
"099";"R940"
"099";"R941"
"099";"R942"
"099";"R943"
"099";"R944"
"099";"R945"
"099";"R946"
"099";"R947"
"099";"R948"
"099";"R95X"
"099";"R98X"
"099";"S060"
"099";"S061"
"099";"S062"
"099";"S063"
"099";"S064"
"099";"S065"
"099";"S066"
"099";"S067"
"099";"S068"
"099";"S069"
"099";"T07X"
"099";"T141"
"099";"T142"
"099";"T149"
"099";"T300"
"099";"T301"
"099";"T302"
"099";"T303"
"099";"T304"
"099";"T305"
"099";"T306"
"099";"T307"
"099";"T609"
"099";"T71X"
"099";"T740"
"099";"T741"
"099";"T742"
"099";"T743"
"099";"T748"
"099";"T749"
"099";"V892"
"099";"W340"
"099";"W341"
"099";"W342"
"099";"W343"
"099";"W344"
"099";"W345"
"099";"W346"
"099";"W347"
"099";"W348"
"099";"W349"
"099";"X590"
"099";"X849"
"099";"Y044"
"099";"Y050"
"099";"Y051"
"099";"Y052"
"099";"Y053"
"099";"Y054"
"099";"Y055"
"099";"Y056"
"099";"Y057"
"099";"Y058"
"099";"Y059"
"099";"Y96X"
"099";"Z000"
"099";"Z001"
"099";"Z002"
"099";"Z003"
"099";"Z004"
"099";"Z005"
"099";"Z006"
"099";"Z008"
"099";"Z014"
"099";"Z020"
"099";"Z021"
"099";"Z022"
"099";"Z023"
"099";"Z024"
"099";"Z025"
"099";"Z026"
"099";"Z027"
"099";"Z028"
"099";"Z029"
"099";"Z201"
"099";"Z202"
"099";"Z206"
"099";"Z21X"
"099";"Z280"
"099";"Z281"
"099";"Z282"
"099";"Z288"
"099";"Z289"
"099";"Z300"
"099";"Z301"
"099";"Z302"
"099";"Z303"
"099";"Z304"
"099";"Z305"
"099";"Z308"
"099";"Z309"
"099";"Z340"
"099";"Z348"
"099";"Z349"
"099";"Z350"
"099";"Z351"
"099";"Z352"
"099";"Z353"
"099";"Z354"
"099";"Z355"
"099";"Z356"
"099";"Z357"
"099";"Z358"
"099";"Z359"
"099";"Z390"
"099";"Z391"
"099";"Z392"
"099";"Z550"
"099";"Z551"
"099";"Z552"
"099";"Z553"
"099";"Z554"
"099";"Z558"
"099";"Z559"
"099";"Z560"
"099";"Z570"
"099";"Z571"
"099";"Z572"
"099";"Z573"
"099";"Z574"
"099";"Z575"
"099";"Z576"
"099";"Z577"
"099";"Z578"
"099";"Z579"
"099";"Z590"
"099";"Z591"
"099";"Z592"
"099";"Z593"
"099";"Z594"
"099";"Z595"
"099";"Z596"
"099";"Z597"
"099";"Z598"
"099";"Z599"
"099";"Z620"
"099";"Z628"
"099";"Z630"
"099";"Z631"
"099";"Z632"
"099";"Z633"
"099";"Z634"
"099";"Z635"
"099";"Z636"
"099";"Z637"
"099";"Z638"
"099";"Z639"
"099";"Z640"
"099";"Z651"
"099";"Z720"
"099";"Z721"
"099";"Z722"
"099";"Z723"
"099";"Z724"
"099";"Z725"
"099";"Z726"
"099";"Z728"
"099";"Z729"
"099";"Z753"
"099";"Z754"
"116";"A09X"
"116";"A150"
"116";"A151"
"116";"A152"
"116";"A153"
"116";"A154"
"116";"A155"
"116";"A156"
"116";"A157"
"116";"A158"
"116";"A159"
"116";"A169"
"116";"A170"
"116";"A379"
"116";"A38X"
"116";"A549"
"116";"A590"
"116";"A879"
"116";"A90X"
"116";"A960"
"116";"B010"
"116";"B011"
"116";"B012"
"116";"B018"
"116";"B019"
"116";"B050"
"116";"B051"
"116";"B052"
"116";"B053"
"116";"B054"
"116";"B058"
"116";"B059"
"116";"B060"
"116";"B068"
"116";"B069"
"116";"B150"
"116";"B159"
"116";"B160"
"116";"B161"
"116";"B162"
"116";"B169"
"116";"B199"
"116";"B24X"
"116";"B260"
"116";"B261"
"116";"B262"
"116";"B263"
"116";"B268"
"116";"B269"
"116";"B279"
"116";"B369"
"116";"B370"
"116";"B371"
"116";"B372"
"116";"B373"
"116";"B374"
"116";"B375"
"116";"B376"
"116";"B377"
"116";"B378"
"116";"B379"
"116";"B570"
"116";"B571"
"116";"B572"
"116";"B573"
"116";"B574"
"116";"B575"
"116";"B580"
"116";"B581"
"116";"B582"
"116";"B583"
"116";"B588"
"116";"B589"
"116";"B820"
"116";"B829"
"116";"B850"
"116";"B851"
"116";"B852"
"116";"B853"
"116";"B854"
"116";"B870"
"116";"B871"
"116";"B872"
"116";"B873"
"116";"B874"
"116";"B878"
"116";"B879"
"116";"C409"
"116";"C689"
"116";"C729"
"116";"C80X"
"116";"C950"
"116";"C951"
"116";"C952"
"116";"C957"
"116";"C959"
"116";"C969"
"116";"D500"
"116";"D501"
"116";"D508"
"116";"D509"
"116";"D689"
"116";"D693"
"116";"D759"
"116";"D899"
"116";"E039"
"116";"E059"
"116";"E100"
"116";"E101"
"116";"E102"
"116";"E103"
"116";"E104"
"116";"E105"
"116";"E106"
"116";"E107"
"116";"E108"
"116";"E109"
"116";"E237"
"116";"E309"
"116";"E340"
"116";"E341"
"116";"E342"
"116";"E343"
"116";"E344"
"116";"E345"
"116";"E348"
"116";"E349"
"116";"E43X"
"116";"E46X"
"116";"E639"
"116";"E640"
"116";"E641"
"116";"E642"
"116";"E643"
"116";"E648"
"116";"E649"
"116";"E669"
"116";"F09X"
"116";"F29X"
"116";"F39X"
"116";"F444"
"116";"F459"
"116";"F509"
"116";"F602"
"116";"F700"
"116";"F701"
"116";"F708"
"116";"F709"
"116";"F710"
"116";"F711"
"116";"F718"
"116";"F719"
"116";"F720"
"116";"F721"
"116";"F728"
"116";"F729"
"116";"F730"
"116";"F731"
"116";"F738"
"116";"F739"
"116";"F790"
"116";"F791"
"116";"F798"
"116";"F799"
"116";"F809"
"116";"F819"
"116";"F82X"
"116";"F910"
"116";"F911"
"116";"F912"
"116";"F913"
"116";"F918"
"116";"F919"
"116";"F980"
"116";"F989"
"116";"G039"
"116";"G050"
"116";"G051"
"116";"G052"
"116";"G058"
"116";"G400"
"116";"G401"
"116";"G402"
"116";"G403"
"116";"G404"
"116";"G405"
"116";"G406"
"116";"G407"
"116";"G408"
"116";"G409"
"116";"G440"
"116";"G441"
"116";"G442"
"116";"G443"
"116";"G444"
"116";"G448"
"116";"G610"
"116";"G629"
"116";"G808"
"116";"G919"
"116";"G98X"
"116";"H119"
"116";"H520"
"116";"H521"
"116";"H522"
"116";"H523"
"116";"H524"
"116";"H525"
"116";"H526"
"116";"H527"
"116";"H540"
"116";"H541"
"116";"H542"
"116";"H543"
"116";"H544"
"116";"H545"
"116";"H546"
"116";"H547"
"116";"H609"
"116";"H660"
"116";"H661"
"116";"H662"
"116";"H663"
"116";"H664"
"116";"H669"
"116";"H919"
"116";"I00X"
"116";"I010"
"116";"I011"
"116";"I012"
"116";"I018"
"116";"I019"
"116";"I10X"
"116";"I499"
"116";"I500"
"116";"I501"
"116";"I509"
"116";"I519"
"116";"I849"
"116";"J019"
"116";"J050"
"116";"J051"
"116";"J060"
"116";"J068"
"116";"J069"
"116";"J110"
"116";"J111"
"116";"J118"
"116";"J120"
"116";"J121"
"116";"J122"
"116";"J128"
"116";"J129"
"116";"J150"
"116";"J151"
"116";"J152"
"116";"J153"
"116";"J154"
"116";"J155"
"116";"J156"
"116";"J157"
"116";"J158"
"116";"J159"
"116";"J189"
"116";"J200"
"116";"J201"
"116";"J202"
"116";"J203"
"116";"J204"
"116";"J205"
"116";"J206"
"116";"J207"
"116";"J208"
"116";"J209"
"116";"J219"
"116";"J320"
"116";"J321"
"116";"J322"
"116";"J323"
"116";"J324"
"116";"J328"
"116";"J329"
"116";"J370"
"116";"J371"
"116";"J42X"
"116";"J450"
"116";"J451"
"116";"J458"
"116";"J459"
"116";"J47X"
"116";"K290"
"116";"K291"
"116";"K292"
"116";"K293"
"116";"K294"
"116";"K295"
"116";"K296"
"116";"K297"
"116";"K298"
"116";"K299"
"116";"K469"
"116";"K529"
"116";"K590"
"116";"K599"
"116";"K650"
"116";"K658"
"116";"K659"
"116";"K900"
"116";"K909"
"116";"K929"
"116";"L010"
"116";"L011"
"116";"L020"
"116";"L021"
"116";"L022"
"116";"L023"
"116";"L024"
"116";"L028"
"116";"L029"
"116";"L030"
"116";"L031"
"116";"L032"
"116";"L033"
"116";"L038"
"116";"L039"
"116";"L089"
"116";"L139"
"116";"L200"
"116";"L208"
"116";"L209"
"116";"L22X"
"116";"L230"
"116";"L231"
"116";"L232"
"116";"L233"
"116";"L234"
"116";"L235"
"116";"L236"
"116";"L237"
"116";"L238"
"116";"L239"
"116";"L449"
"116";"L509"
"116";"L600"
"116";"L601"
"116";"L602"
"116";"L603"
"116";"L604"
"116";"L605"
"116";"L608"
"116";"L609"
"116";"L660"
"116";"L661"
"116";"L662"
"116";"L663"
"116";"L664"
"116";"L668"
"116";"L669"
"116";"L700"
"116";"L701"
"116";"L702"
"116";"L703"
"116";"L704"
"116";"L705"
"116";"L708"
"116";"L709"
"116";"L989"
"116";"M009"
"116";"M320"
"116";"M321"
"116";"M328"
"116";"M329"
"116";"M410"
"116";"M411"
"116";"M412"
"116";"M413"
"116";"M414"
"116";"M415"
"116";"M418"
"116";"M419"
"116";"M439"
"116";"M799"
"116";"M840"
"116";"M841"
"116";"M842"
"116";"M843"
"116";"M844"
"116";"M848"
"116";"M849"
"116";"M869"
"116";"N000"
"116";"N001"
"116";"N002"
"116";"N003"
"116";"N004"
"116";"N005"
"116";"N006"
"116";"N007"
"116";"N008"
"116";"N009"
"116";"N030"
"116";"N031"
"116";"N032"
"116";"N033"
"116";"N034"
"116";"N035"
"116";"N036"
"116";"N037"
"116";"N038"
"116";"N039"
"116";"N170"
"116";"N171"
"116";"N172"
"116";"N178"
"116";"N179"
"116";"N180"
"116";"N188"
"116";"N189"
"116";"N300"
"116";"N301"
"116";"N302"
"116";"N303"
"116";"N304"
"116";"N308"
"116";"N309"
"116";"N319"
"116";"N341"
"116";"N399"
"116";"N44X"
"116";"N760"
"116";"N761"
"116";"N762"
"116";"N763"
"116";"N764"
"116";"N765"
"116";"N766"
"116";"N768"
"116";"N912"
"116";"N946"
"116";"O350"
"116";"O351"
"116";"O352"
"116";"O353"
"116";"O354"
"116";"O355"
"116";"O356"
"116";"O357"
"116";"O358"
"116";"O359"
"116";"O360"
"116";"P371"
"116";"P599"
"116";"P969"
"116";"Q039"
"116";"Q049"
"116";"Q100"
"116";"Q101"
"116";"Q102"
"116";"Q103"
"116";"Q104"
"116";"Q105"
"116";"Q106"
"116";"Q107"
"116";"Q200"
"116";"Q201"
"116";"Q202"
"116";"Q203"
"116";"Q204"
"116";"Q205"
"116";"Q206"
"116";"Q208"
"116";"Q209"
"116";"Q340"
"116";"Q341"
"116";"Q348"
"116";"Q349"
"116";"Q379"
"116";"Q390"
"116";"Q391"
"116";"Q392"
"116";"Q393"
"116";"Q394"
"116";"Q395"
"116";"Q396"
"116";"Q398"
"116";"Q399"
"116";"Q459"
"116";"Q610"
"116";"Q611"
"116";"Q612"
"116";"Q613"
"116";"Q614"
"116";"Q615"
"116";"Q618"
"116";"Q619"
"116";"Q627"
"116";"Q649"
"116";"Q650"
"116";"Q651"
"116";"Q652"
"116";"Q653"
"116";"Q654"
"116";"Q655"
"116";"Q656"
"116";"Q658"
"116";"Q659"
"116";"Q799"
"116";"Q899"
"116";"Q909"
"116";"R040"
"116";"R041"
"116";"R042"
"116";"R048"
"116";"R049"
"116";"R05X"
"116";"R060"
"116";"R061"
"116";"R062"
"116";"R063"
"116";"R064"
"116";"R065"
"116";"R066"
"116";"R067"
"116";"R068"
"116";"R100"
"116";"R101"
"116";"R102"
"116";"R103"
"116";"R104"
"116";"R17X"
"116";"R31X"
"116";"R470"
"116";"R471"
"116";"R478"
"116";"R500"
"116";"R509"
"116";"R51X"
"116";"R560"
"116";"R568"
"116";"R590"
"116";"R591"
"116";"R599"
"116";"R680"
"116";"R681"
"116";"R682"
"116";"R683"
"116";"R688"
"116";"R940"
"116";"R941"
"116";"R942"
"116";"R943"
"116";"R944"
"116";"R945"
"116";"R946"
"116";"R947"
"116";"R948"
"116";"R95X"
"116";"R98X"
"116";"S060"
"116";"S061"
"116";"S062"
"116";"S063"
"116";"S064"
"116";"S065"
"116";"S066"
"116";"S067"
"116";"S068"
"116";"S069"
"116";"T07X"
"116";"T141"
"116";"T142"
"116";"T149"
"116";"T300"
"116";"T301"
"116";"T302"
"116";"T303"
"116";"T304"
"116";"T305"
"116";"T306"
"116";"T307"
"116";"T71X"
"116";"T740"
"116";"T741"
"116";"T742"
"116";"T743"
"116";"T748"
"116";"T749"
"116";"W340"
"116";"W341"
"116";"W342"
"116";"W343"
"116";"W344"
"116";"W345"
"116";"W346"
"116";"W347"
"116";"W348"
"116";"W349"
"116";"Y044"
"116";"Y050"
"116";"Y051"
"116";"Y052"
"116";"Y053"
"116";"Y054"
"116";"Y055"
"116";"Y056"
"116";"Y057"
"116";"Y058"
"116";"Y059"
"116";"Z000"
"116";"Z001"
"116";"Z002"
"116";"Z003"
"116";"Z004"
"116";"Z005"
"116";"Z006"
"116";"Z008"
"116";"Z020"
"116";"Z021"
"116";"Z022"
"116";"Z023"
"116";"Z024"
"116";"Z025"
"116";"Z026"
"116";"Z027"
"116";"Z028"
"116";"Z029"
"116";"Z201"
"116";"Z202"
"116";"Z206"
"116";"Z280"
"116";"Z281"
"116";"Z282"
"116";"Z288"
"116";"Z289"
"116";"Z300"
"116";"Z301"
"116";"Z302"
"116";"Z303"
"116";"Z304"
"116";"Z305"
"116";"Z308"
"116";"Z309"
"116";"Z350"
"116";"Z351"
"116";"Z352"
"116";"Z353"
"116";"Z354"
"116";"Z355"
"116";"Z356"
"116";"Z357"
"116";"Z358"
"116";"Z359"
"116";"Z550"
"116";"Z551"
"116";"Z552"
"116";"Z553"
"116";"Z554"
"116";"Z558"
"116";"Z559"
"116";"Z591"
"116";"Z620"
"116";"Z628"
"116";"Z630"
"116";"Z631"
"116";"Z632"
"116";"Z633"
"116";"Z634"
"116";"Z635"
"116";"Z636"
"116";"Z637"
"116";"Z638"
"116";"Z639"
"116";"Z651"
"116";"Z721"
"116";"Z753"
"128";"A09X"
"128";"A169"
"128";"A519"
"128";"A539"
"128";"A549"
"128";"A55X"
"128";"A561"
"128";"A57X"
"128";"A58X"
"128";"A590"
"128";"A600"
"128";"B24X"
"128";"B370"
"128";"B371"
"128";"B372"
"128";"B373"
"128";"B374"
"128";"B375"
"128";"B376"
"128";"B377"
"128";"B378"
"128";"B379"
"128";"C500"
"128";"C501"
"128";"C502"
"128";"C503"
"128";"C504"
"128";"C505"
"128";"C506"
"128";"C508"
"128";"C509"
"128";"C539"
"128";"C760"
"128";"C761"
"128";"C762"
"128";"C763"
"128";"C764"
"128";"C765"
"128";"C767"
"128";"C768"
"128";"D067"
"128";"D369"
"128";"D649"
"128";"D690"
"128";"D691"
"128";"D692"
"128";"D693"
"128";"D694"
"128";"D695"
"128";"D696"
"128";"D698"
"128";"D699"
"128";"E079"
"128";"E100"
"128";"E101"
"128";"E102"
"128";"E103"
"128";"E104"
"128";"E105"
"128";"E106"
"128";"E107"
"128";"E108"
"128";"E109"
"128";"E110"
"128";"E111"
"128";"E112"
"128";"E113"
"128";"E114"
"128";"E115"
"128";"E116"
"128";"E117"
"128";"E118"
"128";"E119"
"128";"E140"
"128";"E141"
"128";"E142"
"128";"E143"
"128";"E144"
"128";"E145"
"128";"E146"
"128";"E147"
"128";"E148"
"128";"E149"
"128";"E237"
"128";"E279"
"128";"E289"
"128";"E309"
"128";"E780"
"128";"E781"
"128";"E782"
"128";"E783"
"128";"E784"
"128";"E785"
"128";"E786"
"128";"E788"
"128";"E789"
"128";"F100"
"128";"F101"
"128";"F102"
"128";"F103"
"128";"F104"
"128";"F105"
"128";"F106"
"128";"F107"
"128";"F108"
"128";"F109"
"128";"F170"
"128";"F171"
"128";"F172"
"128";"F173"
"128";"F174"
"128";"F175"
"128";"F176"
"128";"F177"
"128";"F178"
"128";"F179"
"128";"F444"
"128";"F520"
"128";"F521"
"128";"F522"
"128";"F523"
"128";"F524"
"128";"F525"
"128";"F526"
"128";"F527"
"128";"F528"
"128";"F529"
"128";"F790"
"128";"F791"
"128";"F798"
"128";"F799"
"128";"F809"
"128";"N300"
"128";"N301"
"128";"N302"
"128";"N303"
"128";"N304"
"128";"N308"
"128";"N309"
"128";"N609"
"128";"N63X"
"128";"N72X"
"128";"N739"
"128";"N760"
"128";"N761"
"128";"N762"
"128";"N763"
"128";"N764"
"128";"N765"
"128";"N766"
"128";"N768"
"128";"N809"
"128";"N819"
"128";"N850"
"128";"N851"
"128";"N852"
"128";"N853"
"128";"N854"
"128";"N855"
"128";"N856"
"128";"N857"
"128";"N858"
"128";"N859"
"128";"N898"
"128";"N912"
"128";"N920"
"128";"N921"
"128";"N922"
"128";"N923"
"128";"N924"
"128";"N925"
"128";"N926"
"128";"N930"
"128";"N938"
"128";"N939"
"128";"N940"
"128";"N941"
"128";"N942"
"128";"N943"
"128";"N944"
"128";"N945"
"128";"N946"
"128";"N948"
"128";"N949"
"128";"N959"
"128";"O000"
"128";"O001"
"128";"O002"
"128";"O008"
"128";"O009"
"128";"O010"
"128";"O011"
"128";"O019"
"128";"O045"
"128";"O200"
"128";"O910"
"128";"O911"
"128";"O912"
"128";"R32X"
"128";"R456"
"128";"T742"
"128";"T743"
"128";"Y050"
"128";"Y051"
"128";"Y052"
"128";"Y053"
"128";"Y054"
"128";"Y055"
"128";"Y056"
"128";"Y057"
"128";"Y058"
"128";"Y059"
"128";"Z014"
"128";"Z202"
"128";"Z206"
"128";"Z21X"
"128";"Z300"
"128";"Z301"
"128";"Z302"
"128";"Z303"
"128";"Z304"
"128";"Z305"
"128";"Z308"
"128";"Z309"
"128";"Z340"
"128";"Z348"
"128";"Z349"
"128";"Z390"
"128";"Z391"
"128";"Z392"
"128";"Z590"
"128";"Z591"
"128";"Z592"
"128";"Z593"
"128";"Z594"
"128";"Z595"
"128";"Z596"
"128";"Z597"
"128";"Z598"
"128";"Z599"
"128";"Z639"
"128";"Z640"
"128";"Z720"
"128";"Z721"
"128";"Z722"
"128";"Z723"
"128";"Z724"
"128";"Z725"
"128";"Z726"
"128";"Z728"
"128";"Z729"
"128";"Z753"
"143";"K000"
"143";"K001"
"143";"K002"
"143";"K003"
"143";"K004"
"143";"K005"
"143";"K006"
"143";"K007"
"143";"K008"
"143";"K009"
"143";"K020"
"143";"K021"
"143";"K022"
"143";"K023"
"143";"K024"
"143";"K028"
"143";"K029"
"143";"K030"
"143";"K031"
"143";"K032"
"143";"K033"
"143";"K034"
"143";"K035"
"143";"K036"
"143";"K037"
"143";"K038"
"143";"K039"
"143";"K040"
"143";"K041"
"143";"K042"
"143";"K043"
"143";"K044"
"143";"K045"
"143";"K046"
"143";"K047"
"143";"K048"
"143";"K049"
"143";"K050"
"143";"K051"
"143";"K052"
"143";"K053"
"143";"K054"
"143";"K055"
"143";"K056"
"143";"K060"
"143";"K061"
"143";"K062"
"143";"K068"
"143";"K069"
"143";"K070"
"143";"K071"
"143";"K072"
"143";"K073"
"143";"K074"
"143";"K075"
"143";"K076"
"143";"K078"
"143";"K079"
"143";"K090"
"143";"K091"
"143";"K092"
"143";"K098"
"143";"K099"
"143";"K100"
"143";"K101"
"143";"K102"
"143";"K103"
"143";"K108"
"143";"K109"
"143";"K110"
"143";"K111"
"143";"K112"
"143";"K113"
"143";"K114"
"143";"K115"
"143";"K116"
"143";"K117"
"143";"K118"
"143";"K119"
"143";"K120"
"143";"K121"
"143";"K122"
"143";"K130"
"143";"K131"
"143";"K132"
"143";"K133"
"143";"K134"
"143";"K135"
"143";"K136"
"143";"K137"
"143";"K140"
"143";"K141"
"143";"K142"
"143";"K143"
"143";"K144"
"143";"K145"
"143";"K146"
"143";"K148"
"143";"K149"
"157";"E140"
"157";"E141"
"157";"E142"
"157";"E143"
"157";"E144"
"157";"E145"
"157";"E146"
"157";"E147"
"157";"E148"
"157";"E149"
"157";"E289"
"157";"E669"
"157";"G400"
"157";"G401"
"157";"G402"
"157";"G403"
"157";"G404"
"157";"G405"
"157";"G406"
"157";"G407"
"157";"G408"
"157";"G409"
"157";"G98X"
"157";"H540"
"157";"H541"
"157";"H542"
"157";"H543"
"157";"H544"
"157";"H545"
"157";"H546"
"157";"H547"
"157";"K900"
"157";"X849"
"157";"Z559"
"157";"Z630"
"157";"Z631"
"157";"Z632"
"157";"Z633"
"157";"Z634"
"157";"Z635"
"157";"Z636"
"157";"Z637"
"157";"Z638"
"157";"Z639"
"238";"E140"
"238";"E141"
"238";"E142"
"238";"E143"
"238";"E144"
"238";"E145"
"238";"E146"
"238";"E147"
"238";"E148"
"238";"E149"
"238";"E289"
"238";"E309"
"238";"E40X"
"238";"E669"
"238";"F09X"
"238";"F100"
"238";"F101"
"238";"F102"
"238";"F103"
"238";"F104"
"238";"F105"
"238";"F106"
"238";"F107"
"238";"F108"
"238";"F109"
"238";"F170"
"238";"F171"
"238";"F172"
"238";"F173"
"238";"F174"
"238";"F175"
"238";"F176"
"238";"F177"
"238";"F178"
"238";"F179"
"238";"F230"
"238";"F231"
"238";"F232"
"238";"F233"
"238";"F238"
"238";"F239"
"238";"F300"
"238";"F301"
"238";"F302"
"238";"F308"
"238";"F309"
"238";"F380"
"238";"F381"
"238";"F388"
"238";"F400"
"238";"F401"
"238";"F402"
"238";"F408"
"238";"F409"
"238";"F410"
"238";"F411"
"238";"F412"
"238";"F413"
"238";"F418"
"238";"F419"
"238";"F440"
"238";"F441"
"238";"F442"
"238";"F443"
"238";"F444"
"238";"F445"
"238";"F446"
"238";"F447"
"238";"F448"
"238";"F449"
"238";"F520"
"238";"F521"
"238";"F522"
"238";"F523"
"238";"F524"
"238";"F525"
"238";"F526"
"238";"F527"
"238";"F528"
"238";"F529"
"238";"F604"
"238";"F69X"
"238";"F700"
"238";"F701"
"238";"F708"
"238";"F709"
"238";"F710"
"238";"F711"
"238";"F718"
"238";"F719"
"238";"F720"
"238";"F721"
"238";"F728"
"238";"F729"
"238";"F730"
"238";"F731"
"238";"F738"
"238";"F739"
"238";"F790"
"238";"F791"
"238";"F798"
"238";"F799"
"238";"F809"
"238";"F819"
"238";"F82X"
"238";"F910"
"238";"F911"
"238";"F912"
"238";"F913"
"238";"F918"
"238";"F919"
"238";"F980"
"238";"F981"
"238";"F982"
"238";"F983"
"238";"F984"
"238";"F985"
"238";"F986"
"238";"F988"
"238";"F989"
"238";"G400"
"238";"G401"
"238";"G402"
"238";"G403"
"238";"G404"
"238";"G405"
"238";"G406"
"238";"G407"
"238";"G408"
"238";"G409"
"238";"G808"
"238";"G98X"
"238";"H540"
"238";"H541"
"238";"H542"
"238";"H543"
"238";"H544"
"238";"H545"
"238";"H546"
"238";"H547"
"238";"K580"
"238";"K589"
"238";"K900"
"238";"Q900"
"238";"Q901"
"238";"Q902"
"238";"Q909"
"238";"R456"
"238";"R470"
"238";"R471"
"238";"R478"
"238";"T740"
"238";"T741"
"238";"T742"
"238";"T743"
"238";"T748"
"238";"T749"
"238";"X849"
"238";"Y044"
"238";"Z020"
"238";"Z021"
"238";"Z022"
"238";"Z023"
"238";"Z024"
"238";"Z025"
"238";"Z026"
"238";"Z027"
"238";"Z028"
"238";"Z029"
"238";"Z550"
"238";"Z554"
"238";"Z559"
"238";"Z560"
"238";"Z567"
"238";"Z570"
"238";"Z571"
"238";"Z572"
"238";"Z573"
"238";"Z574"
"238";"Z575"
"238";"Z576"
"238";"Z577"
"238";"Z578"
"238";"Z579"
"238";"Z590"
"238";"Z591"
"238";"Z592"
"238";"Z593"
"238";"Z594"
"238";"Z595"
"238";"Z596"
"238";"Z597"
"238";"Z598"
"238";"Z599"
"238";"Z620"
"238";"Z621"
"238";"Z622"
"238";"Z623"
"238";"Z624"
"238";"Z625"
"238";"Z626"
"238";"Z628"
"238";"Z629"
"238";"Z630"
"238";"Z631"
"238";"Z632"
"238";"Z633"
"238";"Z634"
"238";"Z635"
"238";"Z636"
"238";"Z637"
"238";"Z638"
"238";"Z639"
"238";"Z640"
"238";"Z720"
"238";"Z721"
"238";"Z722"
"238";"Z723"
"238";"Z724"
"238";"Z725"
"238";"Z726"
"238";"Z728"
"238";"Z729"
"238";"Z730"
"238";"Z731"
"238";"Z732"
"238";"Z733"
"238";"Z734"
"238";"Z735"
"238";"Z736"
"238";"Z738"
"238";"Z739"
"238";"Z916"
"305";"A150"
"305";"A151"
"305";"A152"
"305";"A153"
"305";"A154"
"305";"A155"
"305";"A156"
"305";"A157"
"305";"A158"
"305";"A159"
"305";"A169"
"305";"B010"
"305";"B011"
"305";"B012"
"305";"B018"
"305";"B019"
"305";"B199"
"305";"B24X"
"305";"B850"
"305";"B851"
"305";"B852"
"305";"B853"
"305";"B854"
"305";"B870"
"305";"B871"
"305";"B872"
"305";"B873"
"305";"B874"
"305";"B878"
"305";"B879"
"305";"E140"
"305";"E141"
"305";"E142"
"305";"E143"
"305";"E144"
"305";"E145"
"305";"E146"
"305";"E147"
"305";"E148"
"305";"E149"
"305";"E289"
"305";"E309"
"305";"E669"
"305";"F100"
"305";"F101"
"305";"F102"
"305";"F103"
"305";"F104"
"305";"F105"
"305";"F106"
"305";"F107"
"305";"F108"
"305";"F109"
"305";"F170"
"305";"F171"
"305";"F172"
"305";"F173"
"305";"F174"
"305";"F175"
"305";"F176"
"305";"F177"
"305";"F178"
"305";"F179"
"305";"F440"
"305";"F441"
"305";"F442"
"305";"F443"
"305";"F444"
"305";"F445"
"305";"F446"
"305";"F447"
"305";"F448"
"305";"F449"
"305";"F790"
"305";"F791"
"305";"F798"
"305";"F799"
"305";"F819"
"305";"F82X"
"305";"H100"
"305";"H101"
"305";"H102"
"305";"H103"
"305";"H104"
"305";"H105"
"305";"H108"
"305";"H109"
"305";"H540"
"305";"H541"
"305";"H542"
"305";"H543"
"305";"H544"
"305";"H545"
"305";"H546"
"305";"H547"
"305";"H660"
"305";"H661"
"305";"H662"
"305";"H663"
"305";"H664"
"305";"H669"
"305";"I10X"
"305";"I150"
"305";"I151"
"305";"I152"
"305";"I158"
"305";"I159"
"305";"I499"
"305";"I739"
"305";"I830"
"305";"I849"
"305";"I899"
"305";"J189"
"305";"J209"
"305";"J449"
"305";"J450"
"305";"J451"
"305";"J458"
"305";"J459"
"305";"J960"
"305";"J961"
"305";"J969"
"305";"K30X"
"305";"K590"
"305";"K920"
"305";"K921"
"305";"K922"
"305";"K928"
"305";"K929"
"305";"L089"
"305";"L22X"
"305";"M531"
"305";"M544"
"305";"M545"
"305";"M791"
"305";"M840"
"305";"M841"
"305";"M842"
"305";"M843"
"305";"M844"
"305";"M848"
"305";"M849"
"305";"N390"
"305";"N898"
"305";"N912"
"305";"N946"
"305";"O045"
"305";"P599"
"305";"Q909"
"305";"R072"
"305";"R32X"
"305";"R456"
"305";"R470"
"305";"R471"
"305";"R478"
"305";"R51X"
"305";"R568"
"305";"R99X"
"305";"S060"
"305";"S061"
"305";"S062"
"305";"S063"
"305";"S064"
"305";"S065"
"305";"S066"
"305";"S067"
"305";"S068"
"305";"S069"
"305";"T07X"
"305";"T141"
"305";"T609"
"305";"T742"
"305";"T743"
"305";"V892"
"305";"X590"
"305";"X849"
"305";"Y050"
"305";"Y051"
"305";"Y052"
"305";"Y053"
"305";"Y054"
"305";"Y055"
"305";"Y056"
"305";"Y057"
"305";"Y058"
"305";"Y059"
"305";"Y96X"
"305";"Z020"
"305";"Z021"
"305";"Z022"
"305";"Z023"
"305";"Z024"
"305";"Z025"
"305";"Z026"
"305";"Z027"
"305";"Z028"
"305";"Z029"
"305";"Z202"
"305";"Z206"
"305";"Z21X"
"305";"Z280"
"305";"Z281"
"305";"Z282"
"305";"Z288"
"305";"Z289"
"305";"Z300"
"305";"Z301"
"305";"Z302"
"305";"Z303"
"305";"Z304"
"305";"Z305"
"305";"Z308"
"305";"Z309"
"305";"Z550"
"305";"Z559"
"305";"Z560"
"305";"Z591"
"305";"Z592"
"305";"Z597"
"305";"Z620"
"305";"Z621"
"305";"Z622"
"305";"Z623"
"305";"Z624"
"305";"Z625"
"305";"Z626"
"305";"Z628"
"305";"Z629"
"305";"Z632"
"305";"Z640"
"305";"Z720"
"305";"Z721"
"305";"Z722"
"305";"Z723"
"305";"Z724"
"305";"Z725"
"305";"Z726"
"305";"Z728"
"305";"Z729"
"305";"Z753"
"305";"Z754"
"314";"F440"
"314";"F441"
"314";"F442"
"314";"F443"
"314";"F444"
"314";"F445"
"314";"F446"
"314";"F447"
"314";"F448"
"314";"F449"
"314";"F790"
"314";"F791"
"314";"F798"
"314";"F799"
"314";"F819"
"314";"R99X"
"314";"T742"
"314";"T743"
"314";"Z022"
"314";"Z201"
"314";"Z202"
"314";"Z206"
"314";"Z350"
"314";"Z351"
"314";"Z352"
"314";"Z353"
"314";"Z354"
"314";"Z355"
"314";"Z356"
"314";"Z357"
"314";"Z358"
"314";"Z359"
"314";"Z550"
"314";"Z554"
"314";"Z559"
"314";"Z560"
"314";"Z567"
"314";"Z580"
"314";"Z581"
"314";"Z582"
"314";"Z583"
"314";"Z584"
"314";"Z585"
"314";"Z586"
"314";"Z588"
"314";"Z589"
"314";"Z590"
"314";"Z591"
"314";"Z592"
"314";"Z599"
"314";"Z620"
"314";"Z628"
"314";"Z630"
"314";"Z639"
"314";"Z721"
"314";"Z722"
"314";"Z753"
"314";"Z754"
